[2026-06-03 21:56:53.725556] 🚀 Smart Auto Monitor Started...
[2026-06-03 21:56:53.726694] 📦 Moved ./.eslintrc.json -> runner/data/.eslintrc.json
[2026-06-03 21:56:53.727164] 📦 Moved ./AI_CHAT\chat_server.py -> runner/python/AI_CHAT\chat_server.py
[2026-06-03 21:56:53.727556] 📦 Moved ./ai-sync-config.json -> runner/data/ai-sync-config.json
[2026-06-03 21:56:53.727955] 📦 Moved ./ai_backup_db.json -> runner/data/ai_backup_db.json
[2026-06-03 21:56:53.728493] 📦 Moved ./ai_backup_network.py -> runner/python/ai_backup_network.py
[2026-06-03 21:56:53.728915] 📦 Moved ./ai_brain_core.py -> runner/python/ai_brain_core.py
[2026-06-03 21:56:53.729329] 📦 Moved ./ai_code_integrity_monitor.py -> runner/python/ai_code_integrity_monitor.py
[2026-06-03 21:56:53.729767] 📦 Moved ./ai_defense_core.py -> runner/python/ai_defense_core.py
[2026-06-03 21:56:53.730165] 📦 Moved ./ai_network_defense.py -> runner/python/ai_network_defense.py
[2026-06-03 21:56:53.730507] 📦 Moved ./ai_powerhub_core.py -> runner/python/ai_powerhub_core.py
[2026-06-03 21:56:53.730816] 📦 Moved ./ai_report.json -> runner/data/ai_report.json
[2026-06-03 21:56:53.731129] 📦 Moved ./ai_self_defense.py -> runner/python/ai_self_defense.py
[2026-06-03 21:56:53.731469] 📦 Moved ./ai_system_monitor.py -> runner/python/ai_system_monitor.py
[2026-06-03 21:56:53.731912] 📦 Moved ./ai_units.json -> runner/data/ai_units.json
[2026-06-03 21:56:53.732412] 📦 Moved ./auto-builder-workflow.js -> runner/node/auto-builder-workflow.js
[2026-06-03 21:56:53.732988] 📦 Moved ./auto_code_manager.py -> runner/python/auto_code_manager.py
[2026-06-03 21:56:53.733356] 📦 Moved ./auto_fix_issues.py -> runner/python/auto_fix_issues.py
[2026-06-03 21:56:53.733692] 📦 Moved ./auto_sync_all.sh -> runner/shell/auto_sync_all.sh
[2026-06-03 21:56:53.734025] 📦 Moved ./bdking_r7_tamanna_ultra.sh -> runner/shell/bdking_r7_tamanna_ultra.sh
[2026-06-03 21:56:53.734336] 📦 Moved ./bdking_r7_ultra.sh -> runner/shell/bdking_r7_ultra.sh
[2026-06-03 21:56:53.734620] 📦 Moved ./bot.js -> runner/node/bot.js
[2026-06-03 21:56:53.734924] 📦 Moved ./brain_memory.json -> runner/data/brain_memory.json
[2026-06-03 21:56:53.735220] 📦 Moved ./check_github_token.py -> runner/python/check_github_token.py
[2026-06-03 21:56:53.735508] 📦 Moved ./check_token.sh -> runner/shell/check_token.sh
[2026-06-03 21:56:53.735785] 📦 Moved ./config.json -> runner/data/config.json
[2026-06-03 21:56:53.736107] 📦 Moved ./control_panel.html -> runner/web/control_panel.html
[2026-06-03 21:56:53.736404] 📦 Moved ./fix_report.json -> runner/data/fix_report.json
[2026-06-03 21:56:53.736711] 📦 Moved ./free-fire.py -> runner/python/free-fire.py
[2026-06-03 21:56:53.737050] 📦 Moved ./git.py -> runner/python/git.py
[2026-06-03 21:56:53.737400] 📦 Moved ./index.html -> runner/web/index.html
[2026-06-03 21:56:53.737723] 📦 Moved ./install.sh -> runner/shell/install.sh
[2026-06-03 21:56:53.738028] 📦 Moved ./issues_report.json -> runner/data/issues_report.json
[2026-06-03 21:56:53.738365] 📦 Moved ./lint_and_detect_issues.py -> runner/python/lint_and_detect_issues.py
[2026-06-03 21:56:53.738715] 📦 Moved ./issues.json -> runner/data/issues.json
[2026-06-03 21:56:53.739068] 📦 Moved ./nodes_state.json -> runner/data/nodes_state.json
[2026-06-03 21:56:53.739385] 📦 Moved ./nodes_status.json -> runner/data/nodes_status.json
[2026-06-03 21:56:53.739711] 📦 Moved ./packag.json -> runner/data/packag.json
[2026-06-03 21:56:53.740125] 📦 Moved ./package.json -> runner/data/package.json
[2026-06-03 21:56:53.740466] 📦 Moved ./profile.json -> runner/data/profile.json
[2026-06-03 21:56:53.741425] 📦 Moved ./run.json -> runner/data/run.json
[2026-06-03 21:56:53.741843] 📦 Moved ./run.py -> runner/python/run.py
[2026-06-03 21:56:53.742214] 📦 Moved ./stat_counter.py -> runner/python/stat_counter.py
[2026-06-03 21:56:53.742805] 📦 Moved ./tamanna-auto.html -> runner/web/tamanna-auto.html
[2026-06-03 21:56:53.743369] 📦 Moved ./tamanna.html -> runner/web/tamanna.html
[2026-06-03 21:56:53.743730] 📦 Moved ./tamanna_all_in_one.sh -> runner/shell/tamanna_all_in_one.sh
[2026-06-03 21:56:53.744064] 📦 Moved ./tamanna_auto_counter.py -> runner/python/tamanna_auto_counter.py
[2026-06-03 21:56:53.744439] 📦 Moved ./tamanna_auto_pro.sh -> runner/shell/tamanna_auto_pro.sh
[2026-06-03 21:56:53.744784] 📦 Moved ./tamanna_autonomous.sh -> runner/shell/tamanna_autonomous.sh
[2026-06-03 21:56:53.745105] 📦 Moved ./tamanna_cli.py -> runner/python/tamanna_cli.py
[2026-06-03 21:56:53.745410] 📦 Moved ./tamanna_code_auto_comm.sh -> runner/shell/tamanna_code_auto_comm.sh
[2026-06-03 21:56:53.745698] 📦 Moved ./tamanna_debug.sh -> runner/shell/tamanna_debug.sh
[2026-06-03 21:56:53.746027] 📦 Moved ./tamanna_distributed_ai.py -> runner/python/tamanna_distributed_ai.py
[2026-06-03 21:56:53.746331] 📦 Moved ./tamanna_distributed_system.py -> runner/python/tamanna_distributed_system.py
[2026-06-03 21:56:53.746644] 📦 Moved ./tamanna_enterprise.sh -> runner/shell/tamanna_enterprise.sh
[2026-06-03 21:56:53.746919] 📦 Moved ./tamanna_full_backup.sh -> runner/shell/tamanna_full_backup.sh
[2026-06-03 21:56:53.747183] 📦 Moved ./tamanna_github_backup.sh -> runner/shell/tamanna_github_backup.sh
[2026-06-03 21:56:53.747466] 📦 Moved ./tamanna_head.py -> runner/python/tamanna_head.py
[2026-06-03 21:56:53.747795] 📦 Moved ./tamanna_head_sync.py -> runner/python/tamanna_head_sync.py
[2026-06-03 21:56:53.748277] 📦 Moved ./tamanna_master_ai.py -> runner/python/tamanna_master_ai.py
[2026-06-03 21:56:53.748674] 📦 Moved ./tamanna_master_attack.py -> runner/python/tamanna_master_attack.py
[2026-06-03 21:56:53.749039] 📦 Moved ./tamanna_master_dashboard.py -> runner/python/tamanna_master_dashboard.py
[2026-06-03 21:56:53.749466] 📦 Moved ./tamanna_multi_user.sh -> runner/shell/tamanna_multi_user.sh
[2026-06-03 21:56:53.749858] 📦 Moved ./tamanna_network_simulation.py -> runner/python/tamanna_network_simulation.py
[2026-06-03 21:56:53.750212] 📦 Moved ./tamanna_power.sh -> runner/shell/tamanna_power.sh
[2026-06-03 21:56:53.750535] 📦 Moved ./tamanna_repair.sh -> runner/shell/tamanna_repair.sh
[2026-06-03 21:56:53.750935] 📦 Moved ./tamanna_security_ai.py -> runner/python/tamanna_security_ai.py
[2026-06-03 21:56:53.751318] 📦 Moved ./tamanna_self_learning.sh -> runner/shell/tamanna_self_learning.sh
[2026-06-03 21:56:53.751698] 📦 Moved ./tamanna_success_program.sh -> runner/shell/tamanna_success_program.sh
[2026-06-03 21:56:53.752109] 📦 Moved ./tamanna_ultimate_cloud.sh -> runner/shell/tamanna_ultimate_cloud.sh
[2026-06-03 21:56:53.752526] 📦 Moved ./tamanna_ultra_24x7.sh -> runner/shell/tamanna_ultra_24x7.sh
[2026-06-03 21:56:53.752940] 📦 Moved ./tamanna_ultra_advanced.sh -> runner/shell/tamanna_ultra_advanced.sh
[2026-06-03 21:56:53.753322] 📦 Moved ./tamanna_ultra_ai.sh -> runner/shell/tamanna_ultra_ai.sh
[2026-06-03 21:56:53.753745] 📦 Moved ./tamanna_ultra_ai_full.sh -> runner/shell/tamanna_ultra_ai_full.sh
[2026-06-03 21:56:53.754100] 📦 Moved ./tamanna_ultra_all_in_one.sh -> runner/shell/tamanna_ultra_all_in_one.sh
[2026-06-03 21:56:53.754421] 📦 Moved ./tamanna_ultra_cloud.sh -> runner/shell/tamanna_ultra_cloud.sh
[2026-06-03 21:56:53.754814] 📦 Moved ./tamanna_ultra_extreme.sh -> runner/shell/tamanna_ultra_extreme.sh
[2026-06-03 21:56:53.755191] 📦 Moved ./tamanna_ultra_fileinfo.sh -> runner/shell/tamanna_ultra_fileinfo.sh
[2026-06-03 21:56:53.755523] 📦 Moved ./tamanna_ultra_firewall.sh -> runner/shell/tamanna_ultra_firewall.sh
[2026-06-03 21:56:53.755845] 📦 Moved ./tamanna_ultra_max.sh -> runner/shell/tamanna_ultra_max.sh
[2026-06-03 21:56:53.756272] 📦 Moved ./tamanna_ultra_mobile_alert.sh -> runner/shell/tamanna_ultra_mobile_alert.sh
[2026-06-03 21:56:53.756645] 📦 Moved ./tamanna_ultra_powerhub.sh -> runner/shell/tamanna_ultra_powerhub.sh
[2026-06-03 21:56:53.757014] 📦 Moved ./tamanna_ultra_pro.sh -> runner/shell/tamanna_ultra_pro.sh
[2026-06-03 21:56:53.757398] 📦 Moved ./tamanna_ultra_pro_cli.sh -> runner/shell/tamanna_ultra_pro_cli.sh
[2026-06-03 21:56:53.757746] 📦 Moved ./tamanna_ultra_real_time.sh -> runner/shell/tamanna_ultra_real_time.sh
[2026-06-03 21:56:53.758055] 📦 Moved ./tamanna_ultra_secure.sh -> runner/shell/tamanna_ultra_secure.sh
[2026-06-03 21:56:53.758354] 📦 Moved ./tamanna_web_dashboard.py -> runner/python/tamanna_web_dashboard.py
[2026-06-03 21:56:53.758639] 📦 Moved ./ti_chat.html -> runner/web/ti_chat.html
[2026-06-03 21:56:53.758911] 📦 Moved ./tsconfig.json -> runner/data/tsconfig.json
[2026-06-03 21:56:53.759184] 📦 Moved ./unlock_files.py -> runner/python/unlock_files.py
[2026-06-03 21:56:53.759506] 📦 Moved ./monitor.py -> runner/python/monitor.py
[2026-06-03 21:56:53.759841] 📦 Moved ./watcher.js -> runner/node/watcher.js
[2026-06-03 21:56:53.760340] 🛠 Auto-fixed: ./smart_monitor.py
[2026-06-03 21:56:53.760590] 📦 Moved ./smart_monitor.py -> runner/python/smart_monitor.py
[2026-06-03 21:56:53.762121] 📦 Moved ./.cache/pip/pip_cache_tool.py -> runner/python/pip_cache_tool.py
[2026-06-03 21:56:53.762606] 📦 Moved ./.env/ai-sync.js -> runner/node/ai-sync.js
[2026-06-03 21:56:53.763057] 📦 Moved ./.env/package.json -> runner/data/package.json
[2026-06-03 21:56:53.763384] 📦 Moved ./.env/run.js -> runner/node/run.js
[2026-06-03 21:56:53.764940] 📦 Moved ./.snapshots/config.json -> runner/data/config.json
[2026-06-03 21:56:53.765624] 📦 Moved ./.tamanna/config.json -> runner/data/config.json
[2026-06-03 21:56:53.766078] 📦 Moved ./.tamanna/launch.json -> runner/data/launch.json
[2026-06-03 21:56:53.766494] 📦 Moved ./.tamanna/settings.json -> runner/data/settings.json
[2026-06-03 21:56:53.766923] 📦 Moved ./.tamanna/tamanna_core.py -> runner/python/tamanna_core.py
[2026-06-03 21:56:53.767277] 📦 Moved ./.tamanna/tamanna_property.json -> runner/data/tamanna_property.json
[2026-06-03 21:56:53.767730] 📦 Moved ./.vscode/c_cpp_properties.json -> runner/data/c_cpp_properties.json
[2026-06-03 21:56:53.768246] 📦 Moved ./.vscode/launch.json -> runner/data/launch.json
[2026-06-03 21:56:53.768747] 📦 Moved ./.vscode/settings.json -> runner/data/settings.json
[2026-06-03 21:56:53.769385] 📦 Moved ./Tamanna-AI-System/ai_code_generator.py -> runner/python/ai_code_generator.py
[2026-06-03 21:56:53.769779] 📦 Moved ./Tamanna-AI-System/backup_manager.py -> runner/python/backup_manager.py
[2026-06-03 21:56:53.770116] 📦 Moved ./Tamanna-AI-System/config.py -> runner/python/config.py
[2026-06-03 21:56:53.770442] 📦 Moved ./Tamanna-AI-System/file_scanner.py -> runner/python/file_scanner.py
[2026-06-03 21:56:53.770757] 📦 Moved ./Tamanna-AI-System/git_clone_update.py -> runner/python/git_clone_update.py
[2026-06-03 21:56:53.771045] 📦 Moved ./Tamanna-AI-System/git_sync.py -> runner/python/git_sync.py
[2026-06-03 21:56:53.771325] 📦 Moved ./Tamanna-AI-System/logger.py -> runner/python/logger.py
[2026-06-03 21:56:53.771596] 📦 Moved ./Tamanna-AI-System/main.py -> runner/python/main.py
[2026-06-03 21:56:53.771884] 📦 Moved ./Tamanna-AI-System/serial_manager.py -> runner/python/serial_manager.py
[2026-06-03 21:56:53.772225] 📦 Moved ./Tamanna-AI-System/sync.json -> runner/data/sync.json
[2026-06-03 21:56:53.772745] 📦 Moved ./Tamanna-AI-System/tamanna_ai_system.py -> runner/python/tamanna_ai_system.py
[2026-06-03 21:56:53.773452] 📦 Moved ./ai system/ai_file_serial_manager.py -> runner/python/ai_file_serial_manager.py
[2026-06-03 21:56:53.773875] 📦 Moved ./ai system/config.json -> runner/data/config.json
[2026-06-03 21:56:53.774337] 📦 Moved ./api/auto_sync.sh -> runner/shell/auto_sync.sh
[2026-06-03 21:56:53.774631] 📦 Moved ./api/build_system.sh -> runner/shell/build_system.sh
[2026-06-03 21:56:53.775041] 📦 Moved ./api/config.json -> runner/data/config.json
[2026-06-03 21:56:53.775436] 📦 Moved ./api/main.py -> runner/python/main.py
[2026-06-03 21:56:53.775995] 📦 Moved ./artifacts/api-server/tsconfig.json -> runner/data/tsconfig.json
[2026-06-03 21:56:53.777026] 📦 Moved ./bd-king-r7/Bangla.py -> runner/python/Bangla.py
[2026-06-03 21:56:53.777390] 📦 Moved ./bd-king-r7/Comprehensive_monitoring.py -> runner/python/Comprehensive_monitoring.py
[2026-06-03 21:56:53.777766] 📦 Moved ./bd-king-r7/agent.js -> runner/node/agent.js
[2026-06-03 21:56:53.778081] 📦 Moved ./bd-king-r7/ai-.js -> runner/node/ai-.js
[2026-06-03 21:56:53.778510] 📦 Moved ./bd-king-r7/ai-sync.js -> runner/node/ai-sync.js
[2026-06-03 21:56:53.778810] 📦 Moved ./bd-king-r7/ai..js -> runner/node/ai..js
[2026-06-03 21:56:53.779102] 📦 Moved ./bd-king-r7/ai.js -> runner/node/ai.js
[2026-06-03 21:56:53.779397] 📦 Moved ./bd-king-r7/akon_config.json -> runner/data/akon_config.json
[2026-06-03 21:56:53.779893] 📦 Moved ./bd-king-r7/akon_tamanna_synce.py -> runner/python/akon_tamanna_synce.py
[2026-06-03 21:56:53.780434] 📦 Moved ./bd-king-r7/bd-king-r7_activate.py -> runner/python/bd-king-r7_activate.py
[2026-06-03 21:56:53.780791] 📦 Moved ./bd-king-r7/bd-king-r7_auto-fix_code.json -> runner/data/bd-king-r7_auto-fix_code.json
[2026-06-03 21:56:53.781230] 📦 Moved ./bd-king-r7/bot.js -> runner/node/bot.js
[2026-06-03 21:56:53.781584] 📦 Moved ./bd-king-r7/bulde_project.py -> runner/python/bulde_project.py
[2026-06-03 21:56:53.781943] 📦 Moved ./bd-king-r7/file_setup.html -> runner/web/file_setup.html
[2026-06-03 21:56:53.782263] 📦 Moved ./bd-king-r7/fix.js -> runner/node/fix.js
[2026-06-03 21:56:53.782546] 📦 Moved ./bd-king-r7/generator.js -> runner/node/generator.js
[2026-06-03 21:56:53.782870] 📦 Moved ./bd-king-r7/git.js -> runner/node/git.js
[2026-06-03 21:56:53.783154] 📦 Moved ./bd-king-r7/github-sync.js -> runner/node/github-sync.js
[2026-06-03 21:56:53.783437] 📦 Moved ./bd-king-r7/github.js -> runner/node/github.js
[2026-06-03 21:56:53.783739] 📦 Moved ./bd-king-r7/integrated_system.py -> runner/python/integrated_system.py
[2026-06-03 21:56:53.784080] 📦 Moved ./bd-king-r7/monitor.js -> runner/node/monitor.js
[2026-06-03 21:56:53.784521] 📦 Moved ./bd-king-r7/organizer.js -> runner/node/organizer.js
[2026-06-03 21:56:53.784990] 📦 Moved ./bd-king-r7/package.json -> runner/data/package.json
[2026-06-03 21:56:53.785345] 📦 Moved ./bd-king-r7/quick_start.py -> runner/python/quick_start.py
[2026-06-03 21:56:53.785708] 📦 Moved ./bd-king-r7/run..js -> runner/node/run..js
[2026-06-03 21:56:53.786152] 📦 Moved ./bd-king-r7/run.js -> runner/node/run.js
[2026-06-03 21:56:53.786621] 📦 Moved ./bd-king-r7/running_tamanna_system.py -> runner/python/running_tamanna_system.py
[2026-06-03 21:56:53.787024] 📦 Moved ./bd-king-r7/security.js -> runner/node/security.js
[2026-06-03 21:56:53.787379] 📦 Moved ./bd-king-r7/server.js -> runner/node/server.js
[2026-06-03 21:56:53.787709] 📦 Moved ./bd-king-r7/sync.js -> runner/node/sync.js
[2026-06-03 21:56:53.788066] 📦 Moved ./bd-king-r7/tamanna_advanced.py -> runner/python/tamanna_advanced.py
[2026-06-03 21:56:53.788672] 📦 Moved ./bd-king-r7/tamanna_core.py -> runner/python/tamanna_core.py
[2026-06-03 21:56:53.789081] 📦 Moved ./bd-king-r7/tamanna_manager.sh -> runner/shell/tamanna_manager.sh
[2026-06-03 21:56:53.789723] 📦 Moved ./bd-king-r7/tamanna_system.py -> runner/python/tamanna_system.py
[2026-06-03 21:56:53.790466] 📦 Moved ./bd-king-r7/IT/ai-github-bot.js -> runner/node/ai-github-bot.js
[2026-06-03 21:56:53.790888] 📦 Moved ./bd-king-r7/IT/auto_sync.sh -> runner/shell/auto_sync.sh
[2026-06-03 21:56:53.791280] 📦 Moved ./bd-king-r7/IT/autosync.sh -> runner/shell/autosync.sh
[2026-06-03 21:56:53.792315] 📦 Moved ./bd-king-r7/IT/bd-king-r7_Terminal.py -> runner/python/bd-king-r7_Terminal.py
[2026-06-03 21:56:53.792863] 📦 Moved ./bd-king-r7/IT/bd-king-r7_profile_system.sh -> runner/shell/bd-king-r7_profile_system.sh
[2026-06-03 21:56:53.793274] 📦 Moved ./bd-king-r7/IT/file_seve.html -> runner/web/file_seve.html
[2026-06-03 21:56:53.793655] 📦 Moved ./bd-king-r7/IT/sync_and_add.sh -> runner/shell/sync_and_add.sh
[2026-06-03 21:56:53.794116] 📦 Moved ./bd-king-r7/IT/tamanna_engine.sh -> runner/shell/tamanna_engine.sh
[2026-06-03 21:56:53.794507] 📦 Moved ./bd-king-r7/IT/tamanna_os_core.sh -> runner/shell/tamanna_os_core.sh
[2026-06-03 21:56:53.794895] 📦 Moved ./bd-king-r7/IT/tamanna_os_phase4.sh -> runner/shell/tamanna_os_phase4.sh
[2026-06-03 21:56:53.795273] 📦 Moved ./bd-king-r7/IT/tamanna_os_phase5.sh -> runner/shell/tamanna_os_phase5.sh
[2026-06-03 21:56:53.795633] 📦 Moved ./bd-king-r7/IT/tamanna_os_phase6.sh -> runner/shell/tamanna_os_phase6.sh
[2026-06-03 21:56:53.795996] 📦 Moved ./bd-king-r7/IT/tamanna_power_engine.sh -> runner/shell/tamanna_power_engine.sh
[2026-06-03 21:56:53.796944] 📦 Moved ./bd-king-r7/IT/BD-KING-R7 program/BD-king-r7 system potocol/bd-king-r7.py -> runner/python/bd-king-r7.py
[2026-06-03 21:56:53.797416] 📦 Moved ./bd-king-r7/IT/BD-KING-R7 program/BD-king-r7 system potocol/bd-king-r7_system_potocol.py -> runner/python/bd-king-r7_system_potocol.py
[2026-06-03 21:56:53.797818] 📦 Moved ./bd-king-r7/IT/BD-KING-R7 program/BD-king-r7 system potocol/bd-king-r7_universal.py -> runner/python/bd-king-r7_universal.py
[2026-06-03 21:56:53.798175] 📦 Moved ./bd-king-r7/IT/BD-KING-R7 program/BD-king-r7 system potocol/bd_king_r7_all_in_one.py -> runner/python/bd_king_r7_all_in_one.py
[2026-06-03 21:56:53.798534] 📦 Moved ./bd-king-r7/IT/BD-KING-R7 program/BD-king-r7 system potocol/daw.py -> runner/python/daw.py
[2026-06-03 21:56:53.798863] 📦 Moved ./bd-king-r7/IT/BD-KING-R7 program/BD-king-r7 system potocol/manifest.json -> runner/data/manifest.json
[2026-06-03 21:56:53.799196] 📦 Moved ./bd-king-r7/IT/BD-KING-R7 program/BD-king-r7 system potocol/system_loop.py -> runner/python/system_loop.py
[2026-06-03 21:56:53.799798] 📦 Moved ./bd-king-r7/IT/BD-KING-R7 program/BD-king-r7 system potocol/radar/config.json -> runner/data/config.json
[2026-06-03 21:56:53.800226] 📦 Moved ./bd-king-r7/IT/BD-KING-R7 program/BD-king-r7 system potocol/radar/detector.py -> runner/python/detector.py
[2026-06-03 21:56:53.800718] 📦 Moved ./bd-king-r7/IT/BD-KING-R7 program/BD-king-r7 system potocol/radar/monitor.py -> runner/python/monitor.py
[2026-06-03 21:56:53.801119] 📦 Moved ./bd-king-r7/IT/BD-KING-R7 program/BD-king-r7 system potocol/radar/protocol.json -> runner/data/protocol.json
[2026-06-03 21:56:53.801501] 📦 Moved ./bd-king-r7/IT/BD-KING-R7 program/BD-king-r7 system potocol/radar/radar.json -> runner/data/radar.json
[2026-06-03 21:56:53.801883] 📦 Moved ./bd-king-r7/IT/BD-KING-R7 program/BD-king-r7 system potocol/radar/radar.py -> runner/python/radar.py
[2026-06-03 21:56:53.802221] 📦 Moved ./bd-king-r7/IT/BD-KING-R7 program/BD-king-r7 system potocol/radar/scanner.py -> runner/python/scanner.py
[2026-06-03 21:56:53.802745] 📦 Moved ./bd-king-r7/IT/BD-KING-R7 program/BD-king-r7 system potocol/radar/database/users.json -> runner/data/users.json
[2026-06-03 21:56:53.803284] 📦 Moved ./bd-king-r7/IT/BD-KING-R7 program/BD-king-r7 system potocol/radar/output/report.json -> runner/data/report.json
[2026-06-03 21:56:53.803744] 📦 Moved ./bd-king-r7/IT/BD-KING-R7 program/BD-king-r7 system potocol/radar/security/alerts.json -> runner/data/alerts.json
[2026-06-03 21:56:53.804135] 📦 Moved ./bd-king-r7/IT/BD-KING-R7 program/BD-king-r7 system potocol/radar/security/blocked_ip.json -> runner/data/blocked_ip.json
[2026-06-03 21:56:53.804616] 📦 Moved ./bd-king-r7/IT/BD-KING-R7 program/BD-king-r7 system potocol/tamanna deep power/deep_power.py -> runner/python/deep_power.py
[2026-06-03 21:56:53.805036] 📦 Moved ./bd-king-r7/IT/BD-KING-R7 program/BD-king-r7 system potocol/tamanna deep power/runs.py -> runner/python/runs.py
[2026-06-03 21:56:53.805398] 📦 Moved ./bd-king-r7/IT/BD-KING-R7 program/BD-king-r7 system potocol/tamanna deep power/signal.py -> runner/python/signal.py
[2026-06-03 21:56:53.805831] 📦 Moved ./bd-king-r7/IT/BD-KING-R7 program/BD-king-r7 system potocol/tamanna deep power/system_loop.py -> runner/python/system_loop.py
[2026-06-03 21:56:53.806235] 📦 Moved ./bd-king-r7/IT/BD-KING-R7 program/BD-king-r7 system potocol/tamanna deep power/tamanna_deep_power.py -> runner/python/tamanna_deep_power.py
[2026-06-03 21:56:53.806750] 📦 Moved ./bd-king-r7/IT/BD-KING-R7 program/BD-king-r7 system potocol/tamanna deep power/tamanna_intelligence.py -> runner/python/tamanna_intelligence.py
[2026-06-03 21:56:53.807417] 📦 Moved ./bd-king-r7/IT/BD-KING-R7 program/system architecture/index.html -> runner/web/index.html
[2026-06-03 21:56:53.807804] 📦 Moved ./bd-king-r7/IT/BD-KING-R7 program/system architecture/system.js -> runner/node/system.js
[2026-06-03 21:56:53.808194] 📦 Moved ./bd-king-r7/IT/BD-KING-R7 program/system architecture/system.py -> runner/python/system.py
[2026-06-03 21:56:53.808654] 📦 Moved ./bd-king-r7/IT/Cybersecurity/Digital_forensics.py -> runner/python/Digital_forensics.py
[2026-06-03 21:56:53.808995] 📦 Moved ./bd-king-r7/IT/Cybersecurity/cybersecurity.py -> runner/python/cybersecurity.py
[2026-06-03 21:56:53.809312] 📦 Moved ./bd-king-r7/IT/Cybersecurity/network_defence.py -> runner/python/network_defence.py
[2026-06-03 21:56:53.809618] 📦 Moved ./bd-king-r7/IT/Cybersecurity/security_awareness.py -> runner/python/security_awareness.py
[2026-06-03 21:56:53.809911] 📦 Moved ./bd-king-r7/IT/Cybersecurity/security_hardening.sh -> runner/shell/security_hardening.sh
[2026-06-03 21:56:53.810323] 📦 Moved ./bd-king-r7/IT/apps/Metadata.json -> runner/data/Metadata.json
[2026-06-03 21:56:53.810663] 📦 Moved ./bd-king-r7/IT/apps/Sleep insights and recommendations.json -> runner/data/Sleep insights and recommendations.json
[2026-06-03 21:56:53.811091] 📦 Moved ./bd-king-r7/IT/apps/ai_sync_controller.py -> runner/python/ai_sync_controller.py
[2026-06-03 21:56:53.811393] 📦 Moved ./bd-king-r7/IT/apps/app.js -> runner/node/app.js
[2026-06-03 21:56:53.811817] 📦 Moved ./bd-king-r7/IT/apps/apps.py -> runner/python/apps.py
[2026-06-03 21:56:53.812446] 📦 Moved ./bd-king-r7/IT/apps/bd-king-r7_ai.py -> runner/python/bd-king-r7_ai.py
[2026-06-03 21:56:53.812971] 📦 Moved ./bd-king-r7/IT/apps/index.html -> runner/web/index.html
[2026-06-03 21:56:53.813356] 📦 Moved ./bd-king-r7/IT/apps/ping.py -> runner/python/ping.py
[2026-06-03 21:56:53.813842] 📦 Moved ./bd-king-r7/IT/apps/synce.py -> runner/python/synce.py
[2026-06-03 21:56:53.814333] 📦 Moved ./bd-king-r7/IT/apps/config/ai_sync_config.json -> runner/data/ai_sync_config.json
[2026-06-03 21:56:53.814930] 📦 Moved ./bd-king-r7/IT/bd-king-r7/bd-king-r7.html -> runner/web/bd-king-r7.html
[2026-06-03 21:56:53.815624] 📦 Moved ./bd-king-r7/IT/bd-king-r7/bd-king-r7_.py -> runner/python/bd-king-r7_.py
[2026-06-03 21:56:53.815993] 📦 Moved ./bd-king-r7/IT/bd-king-r7/bd-king-r7_login.html -> runner/web/bd-king-r7_login.html
[2026-06-03 21:56:53.816440] 📦 Moved ./bd-king-r7/IT/bd-king-r7/bd.json -> runner/data/bd.json
[2026-06-03 21:56:53.816849] 📦 Moved ./bd-king-r7/IT/bd-king-r7/check_domen.sh -> runner/shell/check_domen.sh
[2026-06-03 21:56:53.817193] 📦 Moved ./bd-king-r7/IT/bd-king-r7/monitoring.json -> runner/data/monitoring.json
[2026-06-03 21:56:53.817791] 📦 Moved ./bd-king-r7/IT/bd-king-r7/monitoring.py -> runner/python/monitoring.py
[2026-06-03 21:56:53.818232] 📦 Moved ./bd-king-r7/IT/bd-king-r7/symptoms_db.json -> runner/data/symptoms_db.json
[2026-06-03 21:56:53.818659] 📦 Moved ./bd-king-r7/IT/bd-king-r7/update_versions.py -> runner/python/update_versions.py
[2026-06-03 21:56:53.819306] 📦 Moved ./bd-king-r7/IT/bd-king-r7/backup/aktive.sh -> runner/shell/aktive.sh
[2026-06-03 21:56:53.819732] 📦 Moved ./bd-king-r7/IT/bd-king-r7/backup/all_restoret.py -> runner/python/all_restoret.py
[2026-06-03 21:56:53.820219] 📦 Moved ./bd-king-r7/IT/bd-king-r7/backup/bd-king-r7_all_backup.py -> runner/python/bd-king-r7_all_backup.py
[2026-06-03 21:56:53.820633] 📦 Moved ./bd-king-r7/IT/bd-king-r7/backup/r7.sh -> runner/shell/r7.sh
[2026-06-03 21:56:53.821068] 📦 Moved ./bd-king-r7/IT/bd-king-r7/backup/r7_backup.py -> runner/python/r7_backup.py
[2026-06-03 21:56:53.821391] 📦 Moved ./bd-king-r7/IT/bd-king-r7/backup/r7_log.py -> runner/python/r7_log.py
[2026-06-03 21:56:53.821726] 📦 Moved ./bd-king-r7/IT/bd-king-r7/backup/ssl.sh -> runner/shell/ssl.sh
[2026-06-03 21:56:53.822032] 📦 Moved ./bd-king-r7/IT/bd-king-r7/backup/tamanna_l.sh -> runner/shell/tamanna_l.sh
[2026-06-03 21:56:53.822357] 📦 Moved ./bd-king-r7/IT/bd-king-r7/backup/tamanna_r.py -> runner/python/tamanna_r.py
[2026-06-03 21:56:53.822805] 📦 Moved ./bd-king-r7/IT/bd-king-r7/backup/log/gmail.sh -> runner/shell/gmail.sh
[2026-06-03 21:56:53.823172] 📦 Moved ./bd-king-r7/IT/bd-king-r7/backup/log/iphone.sh -> runner/shell/iphone.sh
[2026-06-03 21:56:53.823516] 📦 Moved ./bd-king-r7/IT/bd-king-r7/backup/log/root.py -> runner/python/root.py
[2026-06-03 21:56:53.823875] 📦 Moved ./bd-king-r7/IT/bd-king-r7/backup/log/sync.sh -> runner/shell/sync.sh
[2026-06-03 21:56:53.824229] 📦 Moved ./bd-king-r7/IT/bd-king-r7/backup/log/syncing.sh -> runner/shell/syncing.sh
[2026-06-03 21:56:53.824658] 📦 Moved ./bd-king-r7/IT/bd-king-r7/config/bd-king-r7_config.json -> runner/data/bd-king-r7_config.json
[2026-06-03 21:56:53.825106] 📦 Moved ./bd-king-r7/IT/bd-king-r7/config/config.json -> runner/data/config.json
[2026-06-03 21:56:53.825573] 📦 Moved ./bd-king-r7/IT/bd-king-r7/modules/backup_manifest.sh -> runner/shell/backup_manifest.sh
[2026-06-03 21:56:53.825891] 📦 Moved ./bd-king-r7/IT/bd-king-r7/modules/busy_ceho.sh -> runner/shell/busy_ceho.sh
[2026-06-03 21:56:53.826198] 📦 Moved ./bd-king-r7/IT/bd-king-r7/modules/core.sh -> runner/shell/core.sh
[2026-06-03 21:56:53.826558] 📦 Moved ./bd-king-r7/IT/bd-king-r7/modules/firewall_chant.sh -> runner/shell/firewall_chant.sh
[2026-06-03 21:56:53.826902] 📦 Moved ./bd-king-r7/IT/bd-king-r7/modules/fullback_chant.sh -> runner/shell/fullback_chant.sh
[2026-06-03 21:56:53.827196] 📦 Moved ./bd-king-r7/IT/bd-king-r7/modules/hartbat_visalizer.sh -> runner/shell/hartbat_visalizer.sh
[2026-06-03 21:56:53.827508] 📦 Moved ./bd-king-r7/IT/bd-king-r7/modules/memory_echo.sh -> runner/shell/memory_echo.sh
[2026-06-03 21:56:53.827793] 📦 Moved ./bd-king-r7/IT/bd-king-r7/modules/server_engine_pulse.sh -> runner/shell/server_engine_pulse.sh
[2026-06-03 21:56:53.828277] 📦 Moved ./bd-king-r7/IT/bd-king-r7/modules/tamanna_engine.sh -> runner/shell/tamanna_engine.sh
[2026-06-03 21:56:53.828664] 📦 Moved ./bd-king-r7/IT/bd-king-r7/modules/tamanna_terminal.sh -> runner/shell/tamanna_terminal.sh
[2026-06-03 21:56:53.829571] 📦 Moved ./bd-king-r7/IT/bd-king-r7/powerhub/Universal_access_power.py -> runner/python/Universal_access_power.py
[2026-06-03 21:56:53.829967] 📦 Moved ./bd-king-r7/IT/bd-king-r7/powerhub/ai_control.py -> runner/python/ai_control.py
[2026-06-03 21:56:53.830473] 📦 Moved ./bd-king-r7/IT/bd-king-r7/powerhub/ai_master_power.py -> runner/python/ai_master_power.py
[2026-06-03 21:56:53.830912] 📦 Moved ./bd-king-r7/IT/bd-king-r7/powerhub/auto_sync.sh -> runner/shell/auto_sync.sh
[2026-06-03 21:56:53.831270] 📦 Moved ./bd-king-r7/IT/bd-king-r7/powerhub/bd-king-r7_powerhub.json -> runner/data/bd-king-r7_powerhub.json
[2026-06-03 21:56:53.831984] 📦 Moved ./bd-king-r7/IT/bd-king-r7/powerhub/communication_power.py -> runner/python/communication_power.py
[2026-06-03 21:56:53.832604] 📦 Moved ./bd-king-r7/IT/bd-king-r7/powerhub/index.html -> runner/web/index.html
[2026-06-03 21:56:53.833041] 📦 Moved ./bd-king-r7/IT/bd-king-r7/powerhub/module.py -> runner/python/module.py
[2026-06-03 21:56:53.833547] 📦 Moved ./bd-king-r7/IT/bd-king-r7/powerhub/monitor.py -> runner/python/monitor.py
[2026-06-03 21:56:53.834155] 📦 Moved ./bd-king-r7/IT/bd-king-r7/powerhub/run_bd-king-r7_powerhub.py -> runner/python/run_bd-king-r7_powerhub.py
[2026-06-03 21:56:53.834779] 📦 Moved ./bd-king-r7/IT/bd-king-r7/powerhub/self_defence_power.py -> runner/python/self_defence_power.py
[2026-06-03 21:56:53.835179] 📦 Moved ./bd-king-r7/IT/bd-king-r7/powerhub/sript.js -> runner/node/sript.js
[2026-06-03 21:56:53.835957] 📦 Moved ./bd-king-r7/IT/bd-king-r7/powerhub/apps/config.json -> runner/data/config.json
[2026-06-03 21:56:53.836603] 📦 Moved ./bd-king-r7/IT/bd-king-r7/powerhub/apps/main.py -> runner/python/main.py
[2026-06-03 21:56:53.837029] 📦 Moved ./bd-king-r7/IT/bd-king-r7/powerhub/apps/setup_service.sh -> runner/shell/setup_service.sh
[2026-06-03 21:56:53.837605] 📦 Moved ./bd-king-r7/IT/bd-king-r7/powerhub/autorun/autorun.sh -> runner/shell/autorun.sh
[2026-06-03 21:56:53.838016] 📦 Moved ./bd-king-r7/IT/bd-king-r7/powerhub/autorun/fullautorun.sh -> runner/shell/fullautorun.sh
[2026-06-03 21:56:53.838468] 📦 Moved ./bd-king-r7/IT/bd-king-r7/powerhub/autorun/tamanna_terminal.sh -> runner/shell/tamanna_terminal.sh
[2026-06-03 21:56:53.838919] 📦 Moved ./bd-king-r7/IT/bd-king-r7/powerhub/backend/server.py -> runner/python/server.py
[2026-06-03 21:56:53.839381] 📦 Moved ./bd-king-r7/IT/bd-king-r7/powerhub/bd-king-r7 powerhub/STANDARD FORMAT.json -> runner/data/STANDARD FORMAT.json
[2026-06-03 21:56:53.839706] 📦 Moved ./bd-king-r7/IT/bd-king-r7/powerhub/bd-king-r7 powerhub/SYSTEM IDENTITY.json -> runner/data/SYSTEM IDENTITY.json
[2026-06-03 21:56:53.840134] 📦 Moved ./bd-king-r7/IT/bd-king-r7/powerhub/bd-king-r7 powerhub/agent.py -> runner/python/agent.py
[2026-06-03 21:56:53.840505] 📦 Moved ./bd-king-r7/IT/bd-king-r7/powerhub/bd-king-r7 powerhub/gcp_security_audit.sh -> runner/shell/gcp_security_audit.sh
[2026-06-03 21:56:53.840949] 📦 Moved ./bd-king-r7/IT/bd-king-r7/powerhub/bd-king-r7 powerhub/master_bd-king-r7.py -> runner/python/master_bd-king-r7.py
[2026-06-03 21:56:53.842086] 📦 Moved ./bd-king-r7/IT/bd-king-r7/powerhub/bd-king-r7 powerhub/run.json -> runner/data/run.json
[2026-06-03 21:56:53.842664] 📦 Moved ./bd-king-r7/IT/bd-king-r7/powerhub/bd-king-r7 powerhub/safe.sh -> runner/shell/safe.sh
[2026-06-03 21:56:53.843218] 📦 Moved ./bd-king-r7/IT/bd-king-r7/powerhub/bd-king-r7 powerhub/tamanna.sh -> runner/shell/tamanna.sh
[2026-06-03 21:56:53.843708] 📦 Moved ./bd-king-r7/IT/bd-king-r7/powerhub/bd-king-r7 powerhub/tamanna_powerhub_pipeline.py -> runner/python/tamanna_powerhub_pipeline.py
[2026-06-03 21:56:53.844446] 📦 Moved ./bd-king-r7/IT/bd-king-r7/powerhub/bd-king-r7 powerhub/orchestrator/app.py -> runner/python/app.py
[2026-06-03 21:56:53.844880] 📦 Moved ./bd-king-r7/IT/bd-king-r7/powerhub/bd-king-r7 powerhub/orchestrator/appsettings.json -> runner/data/appsettings.json
[2026-06-03 21:56:53.845286] 📦 Moved ./bd-king-r7/IT/bd-king-r7/powerhub/bd-king-r7 powerhub/orchestrator/install_orchestrator.sh -> runner/shell/install_orchestrator.sh
[2026-06-03 21:56:53.847062] 📦 Moved ./bd-king-r7/IT/bd-king-r7/powerhub/bd-king-r7 powerhub/orchestrator/.venv/lib/python3.12/site-packages/_distutils_hack/__init__.py -> runner/python/__init__.py
[2026-06-03 21:56:53.847440] 📦 Moved ./bd-king-r7/IT/bd-king-r7/powerhub/bd-king-r7 powerhub/orchestrator/.venv/lib/python3.12/site-packages/_distutils_hack/override.py -> runner/python/override.py
[2026-06-03 21:56:53.848210] 📦 Moved ./bd-king-r7/IT/bd-king-r7/powerhub/bd-king-r7 powerhub/orchestrator/.venv/lib/python3.12/site-packages/certifi/__init__.py -> runner/python/__init__.py
[2026-06-03 21:56:53.848665] 📦 Moved ./bd-king-r7/IT/bd-king-r7/powerhub/bd-king-r7 powerhub/orchestrator/.venv/lib/python3.12/site-packages/certifi/__main__.py -> runner/python/__main__.py
[2026-06-03 21:56:53.849093] 📦 Moved ./bd-king-r7/IT/bd-king-r7/powerhub/bd-king-r7 powerhub/orchestrator/.venv/lib/python3.12/site-packages/certifi/core.py -> runner/python/core.py
[2026-06-03 21:56:53.849891] 📦 Moved ./bd-king-r7/IT/bd-king-r7/powerhub/bd-king-r7 powerhub/orchestrator/.venv/lib/python3.12/site-packages/charset_normalizer/__init__.py -> runner/python/__init__.py
[2026-06-03 21:56:53.850395] 📦 Moved ./bd-king-r7/IT/bd-king-r7/powerhub/bd-king-r7 powerhub/orchestrator/.venv/lib/python3.12/site-packages/charset_normalizer/__main__.py -> runner/python/__main__.py
[2026-06-03 21:56:53.850998] 📦 Moved ./bd-king-r7/IT/bd-king-r7/powerhub/bd-king-r7 powerhub/orchestrator/.venv/lib/python3.12/site-packages/charset_normalizer/api.py -> runner/python/api.py
[2026-06-03 21:56:53.851557] 📦 Moved ./bd-king-r7/IT/bd-king-r7/powerhub/bd-king-r7 powerhub/orchestrator/.venv/lib/python3.12/site-packages/charset_normalizer/cd.py -> runner/python/cd.py
[2026-06-03 21:56:53.852816] 📦 Moved ./bd-king-r7/IT/bd-king-r7/powerhub/bd-king-r7 powerhub/orchestrator/.venv/lib/python3.12/site-packages/charset_normalizer/constant.py -> runner/python/constant.py
[2026-06-03 21:56:53.853495] 📦 Moved ./bd-king-r7/IT/bd-king-r7/powerhub/bd-king-r7 powerhub/orchestrator/.venv/lib/python3.12/site-packages/charset_normalizer/legacy.py -> runner/python/legacy.py
[2026-06-03 21:56:53.854185] 📦 Moved ./bd-king-r7/IT/bd-king-r7/powerhub/bd-king-r7 powerhub/orchestrator/.venv/lib/python3.12/site-packages/charset_normalizer/md.py -> runner/python/md.py
[2026-06-03 21:56:53.854737] 📦 Moved ./bd-king-r7/IT/bd-king-r7/powerhub/bd-king-r7 powerhub/orchestrator/.venv/lib/python3.12/site-packages/charset_normalizer/models.py -> runner/python/models.py
[2026-06-03 21:56:53.855495] 🛠 Auto-fixed: ./bd-king-r7/IT/bd-king-r7/powerhub/bd-king-r7 powerhub/orchestrator/.venv/lib/python3.12/site-packages/charset_normalizer/utils.py
[2026-06-03 21:56:53.855934] 📦 Moved ./bd-king-r7/IT/bd-king-r7/powerhub/bd-king-r7 powerhub/orchestrator/.venv/lib/python3.12/site-packages/charset_normalizer/utils.py -> runner/python/utils.py
[2026-06-03 21:56:53.856423] 📦 Moved ./bd-king-r7/IT/bd-king-r7/powerhub/bd-king-r7 powerhub/orchestrator/.venv/lib/python3.12/site-packages/charset_normalizer/version.py -> runner/python/version.py
[2026-06-03 21:56:53.857146] 📦 Moved ./bd-king-r7/IT/bd-king-r7/powerhub/bd-king-r7 powerhub/orchestrator/.venv/lib/python3.12/site-packages/charset_normalizer/cli/__init__.py -> runner/python/__init__.py
[2026-06-03 21:56:53.857718] 📦 Moved ./bd-king-r7/IT/bd-king-r7/powerhub/bd-king-r7 powerhub/orchestrator/.venv/lib/python3.12/site-packages/charset_normalizer/cli/__main__.py -> runner/python/__main__.py
[2026-06-03 21:56:53.858516] 📦 Moved ./bd-king-r7/IT/bd-king-r7/powerhub/bd-king-r7 powerhub/orchestrator/.venv/lib/python3.12/site-packages/click/__init__.py -> runner/python/__init__.py
[2026-06-03 21:56:53.859064] 📦 Moved ./bd-king-r7/IT/bd-king-r7/powerhub/bd-king-r7 powerhub/orchestrator/.venv/lib/python3.12/site-packages/click/_compat.py -> runner/python/_compat.py
[2026-06-03 21:56:53.859832] 📦 Moved ./bd-king-r7/IT/bd-king-r7/powerhub/bd-king-r7 powerhub/orchestrator/.venv/lib/python3.12/site-packages/click/_termui_impl.py -> runner/python/_termui_impl.py
[2026-06-03 21:56:53.860296] 📦 Moved ./bd-king-r7/IT/bd-king-r7/powerhub/bd-king-r7 powerhub/orchestrator/.venv/lib/python3.12/site-packages/click/_textwrap.py -> runner/python/_textwrap.py
[2026-06-03 21:56:53.860705] 📦 Moved ./bd-king-r7/IT/bd-king-r7/powerhub/bd-king-r7 powerhub/orchestrator/.venv/lib/python3.12/site-packages/click/_utils.py -> runner/python/_utils.py
[2026-06-03 21:56:53.861175] 📦 Moved ./bd-king-r7/IT/bd-king-r7/powerhub/bd-king-r7 powerhub/orchestrator/.venv/lib/python3.12/site-packages/click/_winconsole.py -> runner/python/_winconsole.py
[2026-06-03 21:56:53.862370] 📦 Moved ./bd-king-r7/IT/bd-king-r7/powerhub/bd-king-r7 powerhub/orchestrator/.venv/lib/python3.12/site-packages/click/core.py -> runner/python/core.py
[2026-06-03 21:56:53.862901] 📦 Moved ./bd-king-r7/IT/bd-king-r7/powerhub/bd-king-r7 powerhub/orchestrator/.venv/lib/python3.12/site-packages/click/decorators.py -> runner/python/decorators.py
[2026-06-03 21:56:53.863369] 📦 Moved ./bd-king-r7/IT/bd-king-r7/powerhub/bd-king-r7 powerhub/orchestrator/.venv/lib/python3.12/site-packages/click/exceptions.py -> runner/python/exceptions.py
[2026-06-03 21:56:53.863785] 📦 Moved ./bd-king-r7/IT/bd-king-r7/powerhub/bd-king-r7 powerhub/orchestrator/.venv/lib/python3.12/site-packages/click/formatting.py -> runner/python/formatting.py
[2026-06-03 21:56:53.864179] 📦 Moved ./bd-king-r7/IT/bd-king-r7/powerhub/bd-king-r7 powerhub/orchestrator/.venv/lib/python3.12/site-packages/click/globals.py -> runner/python/globals.py
[2026-06-03 21:56:53.864743] 📦 Moved ./bd-king-r7/IT/bd-king-r7/powerhub/bd-king-r7 powerhub/orchestrator/.venv/lib/python3.12/site-packages/click/parser.py -> runner/python/parser.py
[2026-06-03 21:56:53.865376] 📦 Moved ./bd-king-r7/IT/bd-king-r7/powerhub/bd-king-r7 powerhub/orchestrator/.venv/lib/python3.12/site-packages/click/shell_completion.py -> runner/python/shell_completion.py
[2026-06-03 21:56:53.865994] 📦 Moved ./bd-king-r7/IT/bd-king-r7/powerhub/bd-king-r7 powerhub/orchestrator/.venv/lib/python3.12/site-packages/click/termui.py -> runner/python/termui.py
[2026-06-03 21:56:53.866562] 📦 Moved ./bd-king-r7/IT/bd-king-r7/powerhub/bd-king-r7 powerhub/orchestrator/.venv/lib/python3.12/site-packages/click/testing.py -> runner/python/testing.py
[2026-06-03 21:56:53.867211] 📦 Moved ./bd-king-r7/IT/bd-king-r7/powerhub/bd-king-r7 powerhub/orchestrator/.venv/lib/python3.12/site-packages/click/types.py -> runner/python/types.py
[2026-06-03 21:56:53.867975] 📦 Moved ./bd-king-r7/IT/bd-king-r7/powerhub/bd-king-r7 powerhub/orchestrator/.venv/lib/python3.12/site-packages/click/utils.py -> runner/python/utils.py
[2026-06-03 21:56:53.869025] 📦 Moved ./bd-king-r7/IT/bd-king-r7/powerhub/bd-king-r7 powerhub/orchestrator/.venv/lib/python3.12/site-packages/dotenv/__init__.py -> runner/python/__init__.py
[2026-06-03 21:56:53.869603] 📦 Moved ./bd-king-r7/IT/bd-king-r7/powerhub/bd-king-r7 powerhub/orchestrator/.venv/lib/python3.12/site-packages/dotenv/__main__.py -> runner/python/__main__.py
[2026-06-03 21:56:53.870080] 📦 Moved ./bd-king-r7/IT/bd-king-r7/powerhub/bd-king-r7 powerhub/orchestrator/.venv/lib/python3.12/site-packages/dotenv/cli.py -> runner/python/cli.py
[2026-06-03 21:56:53.870480] 📦 Moved ./bd-king-r7/IT/bd-king-r7/powerhub/bd-king-r7 powerhub/orchestrator/.venv/lib/python3.12/site-packages/dotenv/ipython.py -> runner/python/ipython.py
[2026-06-03 21:56:53.871037] 📦 Moved ./bd-king-r7/IT/bd-king-r7/powerhub/bd-king-r7 powerhub/orchestrator/.venv/lib/python3.12/site-packages/dotenv/main.py -> runner/python/main.py
[2026-06-03 21:56:53.871557] 📦 Moved ./bd-king-r7/IT/bd-king-r7/powerhub/bd-king-r7 powerhub/orchestrator/.venv/lib/python3.12/site-packages/dotenv/parser.py -> runner/python/parser.py
[2026-06-03 21:56:53.871961] 📦 Moved ./bd-king-r7/IT/bd-king-r7/powerhub/bd-king-r7 powerhub/orchestrator/.venv/lib/python3.12/site-packages/dotenv/variables.py -> runner/python/variables.py
[2026-06-03 21:56:53.872545] 📦 Moved ./bd-king-r7/IT/bd-king-r7/powerhub/bd-king-r7 powerhub/orchestrator/.venv/lib/python3.12/site-packages/dotenv/version.py -> runner/python/version.py
[2026-06-03 21:56:53.873287] 📦 Moved ./bd-king-r7/IT/bd-king-r7/powerhub/bd-king-r7 powerhub/orchestrator/.venv/lib/python3.12/site-packages/flask/__init__.py -> runner/python/__init__.py
[2026-06-03 21:56:53.873715] 📦 Moved ./bd-king-r7/IT/bd-king-r7/powerhub/bd-king-r7 powerhub/orchestrator/.venv/lib/python3.12/site-packages/flask/__main__.py -> runner/python/__main__.py
[2026-06-03 21:56:53.874789] 📦 Moved ./bd-king-r7/IT/bd-king-r7/powerhub/bd-king-r7 powerhub/orchestrator/.venv/lib/python3.12/site-packages/flask/app.py -> runner/python/app.py
[2026-06-03 21:56:53.875417] 📦 Moved ./bd-king-r7/IT/bd-king-r7/powerhub/bd-king-r7 powerhub/orchestrator/.venv/lib/python3.12/site-packages/flask/blueprints.py -> runner/python/blueprints.py
[2026-06-03 21:56:53.876180] 📦 Moved ./bd-king-r7/IT/bd-king-r7/powerhub/bd-king-r7 powerhub/orchestrator/.venv/lib/python3.12/site-packages/flask/cli.py -> runner/python/cli.py
[2026-06-03 21:56:53.876737] 📦 Moved ./bd-king-r7/IT/bd-king-r7/powerhub/bd-king-r7 powerhub/orchestrator/.venv/lib/python3.12/site-packages/flask/config.py -> runner/python/config.py
[2026-06-03 21:56:53.877231] 📦 Moved ./bd-king-r7/IT/bd-king-r7/powerhub/bd-king-r7 powerhub/orchestrator/.venv/lib/python3.12/site-packages/flask/ctx.py -> runner/python/ctx.py
[2026-06-03 21:56:53.877632] 📦 Moved ./bd-king-r7/IT/bd-king-r7/powerhub/bd-king-r7 powerhub/orchestrator/.venv/lib/python3.12/site-packages/flask/debughelpers.py -> runner/python/debughelpers.py
[2026-06-03 21:56:53.878031] 📦 Moved ./bd-king-r7/IT/bd-king-r7/powerhub/bd-king-r7 powerhub/orchestrator/.venv/lib/python3.12/site-packages/flask/globals.py -> runner/python/globals.py
[2026-06-03 21:56:53.878537] 📦 Moved ./bd-king-r7/IT/bd-king-r7/powerhub/bd-king-r7 powerhub/orchestrator/.venv/lib/python3.12/site-packages/flask/helpers.py -> runner/python/helpers.py
[2026-06-03 21:56:53.878853] 📦 Moved ./bd-king-r7/IT/bd-king-r7/powerhub/bd-king-r7 powerhub/orchestrator/.venv/lib/python3.12/site-packages/flask/logging.py -> runner/python/logging.py
[2026-06-03 21:56:53.879380] 📦 Moved ./bd-king-r7/IT/bd-king-r7/powerhub/bd-king-r7 powerhub/orchestrator/.venv/lib/python3.12/site-packages/flask/scaffold.py -> runner/python/scaffold.py
[2026-06-03 21:56:53.879853] 📦 Moved ./bd-king-r7/IT/bd-king-r7/powerhub/bd-king-r7 powerhub/orchestrator/.venv/lib/python3.12/site-packages/flask/sessions.py -> runner/python/sessions.py
[2026-06-03 21:56:53.880220] 📦 Moved ./bd-king-r7/IT/bd-king-r7/powerhub/bd-king-r7 powerhub/orchestrator/.venv/lib/python3.12/site-packages/flask/signals.py -> runner/python/signals.py
[2026-06-03 21:56:53.880616] 📦 Moved ./bd-king-r7/IT/bd-king-r7/powerhub/bd-king-r7 powerhub/orchestrator/.venv/lib/python3.12/site-packages/flask/templating.py -> runner/python/templating.py
[2026-06-03 21:56:53.881144] 📦 Moved ./bd-king-r7/IT/bd-king-r7/powerhub/bd-king-r7 powerhub/orchestrator/.venv/lib/python3.12/site-packages/flask/testing.py -> runner/python/testing.py
[2026-06-03 21:56:53.881564] 📦 Moved ./bd-king-r7/IT/bd-king-r7/powerhub/bd-king-r7 powerhub/orchestrator/.venv/lib/python3.12/site-packages/flask/typing.py -> runner/python/typing.py
[2026-06-03 21:56:53.882016] 📦 Moved ./bd-king-r7/IT/bd-king-r7/powerhub/bd-king-r7 powerhub/orchestrator/.venv/lib/python3.12/site-packages/flask/views.py -> runner/python/views.py
[2026-06-03 21:56:53.882422] 📦 Moved ./bd-king-r7/IT/bd-king-r7/powerhub/bd-king-r7 powerhub/orchestrator/.venv/lib/python3.12/site-packages/flask/wrappers.py -> runner/python/wrappers.py
[2026-06-03 21:56:53.883273] 📦 Moved ./bd-king-r7/IT/bd-king-r7/powerhub/bd-king-r7 powerhub/orchestrator/.venv/lib/python3.12/site-packages/flask/json/__init__.py -> runner/python/__init__.py
[2026-06-03 21:56:53.883782] 📦 Moved ./bd-king-r7/IT/bd-king-r7/powerhub/bd-king-r7 powerhub/orchestrator/.venv/lib/python3.12/site-packages/flask/json/provider.py -> runner/python/provider.py
[2026-06-03 21:56:53.884308] 📦 Moved ./bd-king-r7/IT/bd-king-r7/powerhub/bd-king-r7 powerhub/orchestrator/.venv/lib/python3.12/site-packages/flask/json/tag.py -> runner/python/tag.py
[2026-06-03 21:56:53.885404] 📦 Moved ./bd-king-r7/IT/bd-king-r7/powerhub/bd-king-r7 powerhub/orchestrator/.venv/lib/python3.12/site-packages/greenlet/__init__.py -> runner/python/__init__.py
[2026-06-03 21:56:53.886370] 📦 Moved ./bd-king-r7/IT/bd-king-r7/powerhub/bd-king-r7 powerhub/orchestrator/.venv/lib/python3.12/site-packages/greenlet/platform/__init__.py -> runner/python/__init__.py
[2026-06-03 21:56:53.887367] 📦 Moved ./bd-king-r7/IT/bd-king-r7/powerhub/bd-king-r7 powerhub/orchestrator/.venv/lib/python3.12/site-packages/greenlet/tests/__init__.py -> runner/python/__init__.py
[2026-06-03 21:56:53.887882] 📦 Moved ./bd-king-r7/IT/bd-king-r7/powerhub/bd-king-r7 powerhub/orchestrator/.venv/lib/python3.12/site-packages/greenlet/tests/fail_clearing_run_switches.py -> runner/python/fail_clearing_run_switches.py
[2026-06-03 21:56:53.888365] 📦 Moved ./bd-king-r7/IT/bd-king-r7/powerhub/bd-king-r7 powerhub/orchestrator/.venv/lib/python3.12/site-packages/greenlet/tests/fail_cpp_exception.py -> runner/python/fail_cpp_exception.py
[2026-06-03 21:56:53.888791] 📦 Moved ./bd-king-r7/IT/bd-king-r7/powerhub/bd-king-r7 powerhub/orchestrator/.venv/lib/python3.12/site-packages/greenlet/tests/fail_initialstub_already_started.py -> runner/python/fail_initialstub_already_started.py
[2026-06-03 21:56:53.889164] 📦 Moved ./bd-king-r7/IT/bd-king-r7/powerhub/bd-king-r7 powerhub/orchestrator/.venv/lib/python3.12/site-packages/greenlet/tests/fail_slp_switch.py -> runner/python/fail_slp_switch.py
[2026-06-03 21:56:53.889561] 📦 Moved ./bd-king-r7/IT/bd-king-r7/powerhub/bd-king-r7 powerhub/orchestrator/.venv/lib/python3.12/site-packages/greenlet/tests/fail_switch_three_greenlets.py -> runner/python/fail_switch_three_greenlets.py
[2026-06-03 21:56:53.889917] 📦 Moved ./bd-king-r7/IT/bd-king-r7/powerhub/bd-king-r7 powerhub/orchestrator/.venv/lib/python3.12/site-packages/greenlet/tests/fail_switch_three_greenlets2.py -> runner/python/fail_switch_three_greenlets2.py
[2026-06-03 21:56:53.890304] 📦 Moved ./bd-king-r7/IT/bd-king-r7/powerhub/bd-king-r7 powerhub/orchestrator/.venv/lib/python3.12/site-packages/greenlet/tests/fail_switch_two_greenlets.py -> runner/python/fail_switch_two_greenlets.py
[2026-06-03 21:56:53.890727] 📦 Moved ./bd-king-r7/IT/bd-king-r7/powerhub/bd-king-r7 powerhub/orchestrator/.venv/lib/python3.12/site-packages/greenlet/tests/leakcheck.py -> runner/python/leakcheck.py
[2026-06-03 21:56:53.891115] 📦 Moved ./bd-king-r7/IT/bd-king-r7/powerhub/bd-king-r7 powerhub/orchestrator/.venv/lib/python3.12/site-packages/greenlet/tests/test_contextvars.py -> runner/python/test_contextvars.py
[2026-06-03 21:56:53.891442] 📦 Moved ./bd-king-r7/IT/bd-king-r7/powerhub/bd-king-r7 powerhub/orchestrator/.venv/lib/python3.12/site-packages/greenlet/tests/test_cpp.py -> runner/python/test_cpp.py
[2026-06-03 21:56:53.891775] 📦 Moved ./bd-king-r7/IT/bd-king-r7/powerhub/bd-king-r7 powerhub/orchestrator/.venv/lib/python3.12/site-packages/greenlet/tests/test_extension_interface.py -> runner/python/test_extension_interface.py
[2026-06-03 21:56:53.892147] 📦 Moved ./bd-king-r7/IT/bd-king-r7/powerhub/bd-king-r7 powerhub/orchestrator/.venv/lib/python3.12/site-packages/greenlet/tests/test_gc.py -> runner/python/test_gc.py
[2026-06-03 21:56:53.892504] 📦 Moved ./bd-king-r7/IT/bd-king-r7/powerhub/bd-king-r7 powerhub/orchestrator/.venv/lib/python3.12/site-packages/greenlet/tests/test_generator.py -> runner/python/test_generator.py
[2026-06-03 21:56:53.892870] 📦 Moved ./bd-king-r7/IT/bd-king-r7/powerhub/bd-king-r7 powerhub/orchestrator/.venv/lib/python3.12/site-packages/greenlet/tests/test_generator_nested.py -> runner/python/test_generator_nested.py
[2026-06-03 21:56:53.893504] 📦 Moved ./bd-king-r7/IT/bd-king-r7/powerhub/bd-king-r7 powerhub/orchestrator/.venv/lib/python3.12/site-packages/greenlet/tests/test_greenlet.py -> runner/python/test_greenlet.py
[2026-06-03 21:56:53.893906] 📦 Moved ./bd-king-r7/IT/bd-king-r7/powerhub/bd-king-r7 powerhub/orchestrator/.venv/lib/python3.12/site-packages/greenlet/tests/test_greenlet_trash.py -> runner/python/test_greenlet_trash.py
[2026-06-03 21:56:53.894362] 📦 Moved ./bd-king-r7/IT/bd-king-r7/powerhub/bd-king-r7 powerhub/orchestrator/.venv/lib/python3.12/site-packages/greenlet/tests/test_leaks.py -> runner/python/test_leaks.py
[2026-06-03 21:56:53.894685] 📦 Moved ./bd-king-r7/IT/bd-king-r7/powerhub/bd-king-r7 powerhub/orchestrator/.venv/lib/python3.12/site-packages/greenlet/tests/test_stack_saved.py -> runner/python/test_stack_saved.py
[2026-06-03 21:56:53.895035] 📦 Moved ./bd-king-r7/IT/bd-king-r7/powerhub/bd-king-r7 powerhub/orchestrator/.venv/lib/python3.12/site-packages/greenlet/tests/test_throw.py -> runner/python/test_throw.py
[2026-06-03 21:56:53.895381] 📦 Moved ./bd-king-r7/IT/bd-king-r7/powerhub/bd-king-r7 powerhub/orchestrator/.venv/lib/python3.12/site-packages/greenlet/tests/test_tracing.py -> runner/python/test_tracing.py
[2026-06-03 21:56:53.895683] 📦 Moved ./bd-king-r7/IT/bd-king-r7/powerhub/bd-king-r7 powerhub/orchestrator/.venv/lib/python3.12/site-packages/greenlet/tests/test_version.py -> runner/python/test_version.py
[2026-06-03 21:56:53.895976] 📦 Moved ./bd-king-r7/IT/bd-king-r7/powerhub/bd-king-r7 powerhub/orchestrator/.venv/lib/python3.12/site-packages/greenlet/tests/test_weakref.py -> runner/python/test_weakref.py
[2026-06-03 21:56:53.896881] 📦 Moved ./bd-king-r7/IT/bd-king-r7/powerhub/bd-king-r7 powerhub/orchestrator/.venv/lib/python3.12/site-packages/gunicorn/__init__.py -> runner/python/__init__.py
[2026-06-03 21:56:53.897292] 📦 Moved ./bd-king-r7/IT/bd-king-r7/powerhub/bd-king-r7 powerhub/orchestrator/.venv/lib/python3.12/site-packages/gunicorn/__main__.py -> runner/python/__main__.py
[2026-06-03 21:56:53.897837] 📦 Moved ./bd-king-r7/IT/bd-king-r7/powerhub/bd-king-r7 powerhub/orchestrator/.venv/lib/python3.12/site-packages/gunicorn/arbiter.py -> runner/python/arbiter.py
[2026-06-03 21:56:53.898733] 📦 Moved ./bd-king-r7/IT/bd-king-r7/powerhub/bd-king-r7 powerhub/orchestrator/.venv/lib/python3.12/site-packages/gunicorn/config.py -> runner/python/config.py
[2026-06-03 21:56:53.899288] 📦 Moved ./bd-king-r7/IT/bd-king-r7/powerhub/bd-king-r7 powerhub/orchestrator/.venv/lib/python3.12/site-packages/gunicorn/debug.py -> runner/python/debug.py
[2026-06-03 21:56:53.899747] 📦 Moved ./bd-king-r7/IT/bd-king-r7/powerhub/bd-king-r7 powerhub/orchestrator/.venv/lib/python3.12/site-packages/gunicorn/errors.py -> runner/python/errors.py
[2026-06-03 21:56:53.900338] 📦 Moved ./bd-king-r7/IT/bd-king-r7/powerhub/bd-king-r7 powerhub/orchestrator/.venv/lib/python3.12/site-packages/gunicorn/glogging.py -> runner/python/glogging.py
[2026-06-03 21:56:53.900787] 📦 Moved ./bd-king-r7/IT/bd-king-r7/powerhub/bd-king-r7 powerhub/orchestrator/.venv/lib/python3.12/site-packages/gunicorn/pidfile.py -> runner/python/pidfile.py
[2026-06-03 21:56:53.901234] 📦 Moved ./bd-king-r7/IT/bd-king-r7/powerhub/bd-king-r7 powerhub/orchestrator/.venv/lib/python3.12/site-packages/gunicorn/reloader.py -> runner/python/reloader.py
[2026-06-03 21:56:53.901665] 📦 Moved ./bd-king-r7/IT/bd-king-r7/powerhub/bd-king-r7 powerhub/orchestrator/.venv/lib/python3.12/site-packages/gunicorn/sock.py -> runner/python/sock.py
[2026-06-03 21:56:53.902045] 📦 Moved ./bd-king-r7/IT/bd-king-r7/powerhub/bd-king-r7 powerhub/orchestrator/.venv/lib/python3.12/site-packages/gunicorn/systemd.py -> runner/python/systemd.py
[2026-06-03 21:56:53.902551] 📦 Moved ./bd-king-r7/IT/bd-king-r7/powerhub/bd-king-r7 powerhub/orchestrator/.venv/lib/python3.12/site-packages/gunicorn/util.py -> runner/python/util.py
[2026-06-03 21:56:53.903384] 📦 Moved ./bd-king-r7/IT/bd-king-r7/powerhub/bd-king-r7 powerhub/orchestrator/.venv/lib/python3.12/site-packages/gunicorn/app/__init__.py -> runner/python/__init__.py
[2026-06-03 21:56:53.903897] 📦 Moved ./bd-king-r7/IT/bd-king-r7/powerhub/bd-king-r7 powerhub/orchestrator/.venv/lib/python3.12/site-packages/gunicorn/app/base.py -> runner/python/base.py
[2026-06-03 21:56:53.904382] 📦 Moved ./bd-king-r7/IT/bd-king-r7/powerhub/bd-king-r7 powerhub/orchestrator/.venv/lib/python3.12/site-packages/gunicorn/app/pasterapp.py -> runner/python/pasterapp.py
[2026-06-03 21:56:53.904816] 📦 Moved ./bd-king-r7/IT/bd-king-r7/powerhub/bd-king-r7 powerhub/orchestrator/.venv/lib/python3.12/site-packages/gunicorn/app/wsgiapp.py -> runner/python/wsgiapp.py
[2026-06-03 21:56:53.905490] 📦 Moved ./bd-king-r7/IT/bd-king-r7/powerhub/bd-king-r7 powerhub/orchestrator/.venv/lib/python3.12/site-packages/gunicorn/http/__init__.py -> runner/python/__init__.py
[2026-06-03 21:56:53.906006] 📦 Moved ./bd-king-r7/IT/bd-king-r7/powerhub/bd-king-r7 powerhub/orchestrator/.venv/lib/python3.12/site-packages/gunicorn/http/body.py -> runner/python/body.py
[2026-06-03 21:56:53.906533] 📦 Moved ./bd-king-r7/IT/bd-king-r7/powerhub/bd-king-r7 powerhub/orchestrator/.venv/lib/python3.12/site-packages/gunicorn/http/errors.py -> runner/python/errors.py
[2026-06-03 21:56:53.907012] 📦 Moved ./bd-king-r7/IT/bd-king-r7/powerhub/bd-king-r7 powerhub/orchestrator/.venv/lib/python3.12/site-packages/gunicorn/http/message.py -> runner/python/message.py
[2026-06-03 21:56:53.907542] 📦 Moved ./bd-king-r7/IT/bd-king-r7/powerhub/bd-king-r7 powerhub/orchestrator/.venv/lib/python3.12/site-packages/gunicorn/http/parser.py -> runner/python/parser.py
[2026-06-03 21:56:53.907959] 📦 Moved ./bd-king-r7/IT/bd-king-r7/powerhub/bd-king-r7 powerhub/orchestrator/.venv/lib/python3.12/site-packages/gunicorn/http/unreader.py -> runner/python/unreader.py
[2026-06-03 21:56:53.908489] 📦 Moved ./bd-king-r7/IT/bd-king-r7/powerhub/bd-king-r7 powerhub/orchestrator/.venv/lib/python3.12/site-packages/gunicorn/http/wsgi.py -> runner/python/wsgi.py
[2026-06-03 21:56:53.909141] 📦 Moved ./bd-king-r7/IT/bd-king-r7/powerhub/bd-king-r7 powerhub/orchestrator/.venv/lib/python3.12/site-packages/gunicorn/instrument/__init__.py -> runner/python/__init__.py
[2026-06-03 21:56:53.909522] 📦 Moved ./bd-king-r7/IT/bd-king-r7/powerhub/bd-king-r7 powerhub/orchestrator/.venv/lib/python3.12/site-packages/gunicorn/instrument/statsd.py -> runner/python/statsd.py
[2026-06-03 21:56:53.910086] 📦 Moved ./bd-king-r7/IT/bd-king-r7/powerhub/bd-king-r7 powerhub/orchestrator/.venv/lib/python3.12/site-packages/gunicorn/workers/__init__.py -> runner/python/__init__.py
[2026-06-03 21:56:53.910560] 📦 Moved ./bd-king-r7/IT/bd-king-r7/powerhub/bd-king-r7 powerhub/orchestrator/.venv/lib/python3.12/site-packages/gunicorn/workers/base.py -> runner/python/base.py
[2026-06-03 21:56:53.910934] 📦 Moved ./bd-king-r7/IT/bd-king-r7/powerhub/bd-king-r7 powerhub/orchestrator/.venv/lib/python3.12/site-packages/gunicorn/workers/base_async.py -> runner/python/base_async.py
[2026-06-03 21:56:53.911281] 📦 Moved ./bd-king-r7/IT/bd-king-r7/powerhub/bd-king-r7 powerhub/orchestrator/.venv/lib/python3.12/site-packages/gunicorn/workers/geventlet.py -> runner/python/geventlet.py
[2026-06-03 21:56:53.911614] 📦 Moved ./bd-king-r7/IT/bd-king-r7/powerhub/bd-king-r7 powerhub/orchestrator/.venv/lib/python3.12/site-packages/gunicorn/workers/ggevent.py -> runner/python/ggevent.py
[2026-06-03 21:56:53.911991] 📦 Moved ./bd-king-r7/IT/bd-king-r7/powerhub/bd-king-r7 powerhub/orchestrator/.venv/lib/python3.12/site-packages/gunicorn/workers/gthread.py -> runner/python/gthread.py
[2026-06-03 21:56:53.912391] 📦 Moved ./bd-king-r7/IT/bd-king-r7/powerhub/bd-king-r7 powerhub/orchestrator/.venv/lib/python3.12/site-packages/gunicorn/workers/gtornado.py -> runner/python/gtornado.py
[2026-06-03 21:56:53.912737] 📦 Moved ./bd-king-r7/IT/bd-king-r7/powerhub/bd-king-r7 powerhub/orchestrator/.venv/lib/python3.12/site-packages/gunicorn/workers/sync.py -> runner/python/sync.py
[2026-06-03 21:56:53.913059] 📦 Moved ./bd-king-r7/IT/bd-king-r7/powerhub/bd-king-r7 powerhub/orchestrator/.venv/lib/python3.12/site-packages/gunicorn/workers/workertmp.py -> runner/python/workertmp.py
[2026-06-03 21:56:53.913843] 📦 Moved ./bd-king-r7/IT/bd-king-r7/powerhub/bd-king-r7 powerhub/orchestrator/.venv/lib/python3.12/site-packages/idna/__init__.py -> runner/python/__init__.py
[2026-06-03 21:56:53.914240] 📦 Moved ./bd-king-r7/IT/bd-king-r7/powerhub/bd-king-r7 powerhub/orchestrator/.venv/lib/python3.12/site-packages/idna/codec.py -> runner/python/codec.py
[2026-06-03 21:56:53.914639] 📦 Moved ./bd-king-r7/IT/bd-king-r7/powerhub/bd-king-r7 powerhub/orchestrator/.venv/lib/python3.12/site-packages/idna/compat.py -> runner/python/compat.py
[2026-06-03 21:56:53.915286] 📦 Moved ./bd-king-r7/IT/bd-king-r7/powerhub/bd-king-r7 powerhub/orchestrator/.venv/lib/python3.12/site-packages/idna/core.py -> runner/python/core.py
[2026-06-03 21:56:53.916193] 📦 Moved ./bd-king-r7/IT/bd-king-r7/powerhub/bd-king-r7 powerhub/orchestrator/.venv/lib/python3.12/site-packages/idna/idnadata.py -> runner/python/idnadata.py
[2026-06-03 21:56:53.916710] 📦 Moved ./bd-king-r7/IT/bd-king-r7/powerhub/bd-king-r7 powerhub/orchestrator/.venv/lib/python3.12/site-packages/idna/intranges.py -> runner/python/intranges.py
[2026-06-03 21:56:53.917154] 📦 Moved ./bd-king-r7/IT/bd-king-r7/powerhub/bd-king-r7 powerhub/orchestrator/.venv/lib/python3.12/site-packages/idna/package_data.py -> runner/python/package_data.py
[2026-06-03 21:56:53.922279] 📦 Moved ./bd-king-r7/IT/bd-king-r7/powerhub/bd-king-r7 powerhub/orchestrator/.venv/lib/python3.12/site-packages/idna/uts46data.py -> runner/python/uts46data.py
[2026-06-03 21:56:53.923394] 📦 Moved ./bd-king-r7/IT/bd-king-r7/powerhub/bd-king-r7 powerhub/orchestrator/.venv/lib/python3.12/site-packages/itsdangerous/__init__.py -> runner/python/__init__.py
[2026-06-03 21:56:53.923975] 📦 Moved ./bd-king-r7/IT/bd-king-r7/powerhub/bd-king-r7 powerhub/orchestrator/.venv/lib/python3.12/site-packages/itsdangerous/_json.py -> runner/python/_json.py
[2026-06-03 21:56:53.924593] 📦 Moved ./bd-king-r7/IT/bd-king-r7/powerhub/bd-king-r7 powerhub/orchestrator/.venv/lib/python3.12/site-packages/itsdangerous/encoding.py -> runner/python/encoding.py
[2026-06-03 21:56:53.925048] 📦 Moved ./bd-king-r7/IT/bd-king-r7/powerhub/bd-king-r7 powerhub/orchestrator/.venv/lib/python3.12/site-packages/itsdangerous/exc.py -> runner/python/exc.py
[2026-06-03 21:56:53.925536] 📦 Moved ./bd-king-r7/IT/bd-king-r7/powerhub/bd-king-r7 powerhub/orchestrator/.venv/lib/python3.12/site-packages/itsdangerous/serializer.py -> runner/python/serializer.py
[2026-06-03 21:56:53.925939] 📦 Moved ./bd-king-r7/IT/bd-king-r7/powerhub/bd-king-r7 powerhub/orchestrator/.venv/lib/python3.12/site-packages/itsdangerous/signer.py -> runner/python/signer.py
[2026-06-03 21:56:53.926327] 📦 Moved ./bd-king-r7/IT/bd-king-r7/powerhub/bd-king-r7 powerhub/orchestrator/.venv/lib/python3.12/site-packages/itsdangerous/timed.py -> runner/python/timed.py
[2026-06-03 21:56:53.926648] 📦 Moved ./bd-king-r7/IT/bd-king-r7/powerhub/bd-king-r7 powerhub/orchestrator/.venv/lib/python3.12/site-packages/itsdangerous/url_safe.py -> runner/python/url_safe.py
[2026-06-03 21:56:53.927569] 📦 Moved ./bd-king-r7/IT/bd-king-r7/powerhub/bd-king-r7 powerhub/orchestrator/.venv/lib/python3.12/site-packages/jinja2/__init__.py -> runner/python/__init__.py
[2026-06-03 21:56:53.928129] 📦 Moved ./bd-king-r7/IT/bd-king-r7/powerhub/bd-king-r7 powerhub/orchestrator/.venv/lib/python3.12/site-packages/jinja2/_identifier.py -> runner/python/_identifier.py
[2026-06-03 21:56:53.928527] 📦 Moved ./bd-king-r7/IT/bd-king-r7/powerhub/bd-king-r7 powerhub/orchestrator/.venv/lib/python3.12/site-packages/jinja2/async_utils.py -> runner/python/async_utils.py
[2026-06-03 21:56:53.929021] 📦 Moved ./bd-king-r7/IT/bd-king-r7/powerhub/bd-king-r7 powerhub/orchestrator/.venv/lib/python3.12/site-packages/jinja2/bccache.py -> runner/python/bccache.py
[2026-06-03 21:56:53.929859] 📦 Moved ./bd-king-r7/IT/bd-king-r7/powerhub/bd-king-r7 powerhub/orchestrator/.venv/lib/python3.12/site-packages/jinja2/compiler.py -> runner/python/compiler.py
[2026-06-03 21:56:53.930361] 📦 Moved ./bd-king-r7/IT/bd-king-r7/powerhub/bd-king-r7 powerhub/orchestrator/.venv/lib/python3.12/site-packages/jinja2/constants.py -> runner/python/constants.py
[2026-06-03 21:56:53.930897] 📦 Moved ./bd-king-r7/IT/bd-king-r7/powerhub/bd-king-r7 powerhub/orchestrator/.venv/lib/python3.12/site-packages/jinja2/debug.py -> runner/python/debug.py
[2026-06-03 21:56:53.931326] 📦 Moved ./bd-king-r7/IT/bd-king-r7/powerhub/bd-king-r7 powerhub/orchestrator/.venv/lib/python3.12/site-packages/jinja2/defaults.py -> runner/python/defaults.py
[2026-06-03 21:56:53.932222] 📦 Moved ./bd-king-r7/IT/bd-king-r7/powerhub/bd-king-r7 powerhub/orchestrator/.venv/lib/python3.12/site-packages/jinja2/environment.py -> runner/python/environment.py
[2026-06-03 21:56:53.932830] 📦 Moved ./bd-king-r7/IT/bd-king-r7/powerhub/bd-king-r7 powerhub/orchestrator/.venv/lib/python3.12/site-packages/jinja2/exceptions.py -> runner/python/exceptions.py
[2026-06-03 21:56:53.933502] 📦 Moved ./bd-king-r7/IT/bd-king-r7/powerhub/bd-king-r7 powerhub/orchestrator/.venv/lib/python3.12/site-packages/jinja2/ext.py -> runner/python/ext.py
[2026-06-03 21:56:53.934286] 📦 Moved ./bd-king-r7/IT/bd-king-r7/powerhub/bd-king-r7 powerhub/orchestrator/.venv/lib/python3.12/site-packages/jinja2/filters.py -> runner/python/filters.py
[2026-06-03 21:56:53.934851] 📦 Moved ./bd-king-r7/IT/bd-king-r7/powerhub/bd-king-r7 powerhub/orchestrator/.venv/lib/python3.12/site-packages/jinja2/idtracking.py -> runner/python/idtracking.py
[2026-06-03 21:56:53.935580] 📦 Moved ./bd-king-r7/IT/bd-king-r7/powerhub/bd-king-r7 powerhub/orchestrator/.venv/lib/python3.12/site-packages/jinja2/lexer.py -> runner/python/lexer.py
[2026-06-03 21:56:53.936317] 📦 Moved ./bd-king-r7/IT/bd-king-r7/powerhub/bd-king-r7 powerhub/orchestrator/.venv/lib/python3.12/site-packages/jinja2/loaders.py -> runner/python/loaders.py
[2026-06-03 21:56:53.936895] 📦 Moved ./bd-king-r7/IT/bd-king-r7/powerhub/bd-king-r7 powerhub/orchestrator/.venv/lib/python3.12/site-packages/jinja2/meta.py -> runner/python/meta.py
[2026-06-03 21:56:53.937398] 📦 Moved ./bd-king-r7/IT/bd-king-r7/powerhub/bd-king-r7 powerhub/orchestrator/.venv/lib/python3.12/site-packages/jinja2/nativetypes.py -> runner/python/nativetypes.py
[2026-06-03 21:56:53.938081] 📦 Moved ./bd-king-r7/IT/bd-king-r7/powerhub/bd-king-r7 powerhub/orchestrator/.venv/lib/python3.12/site-packages/jinja2/nodes.py -> runner/python/nodes.py
[2026-06-03 21:56:53.938513] 📦 Moved ./bd-king-r7/IT/bd-king-r7/powerhub/bd-king-r7 powerhub/orchestrator/.venv/lib/python3.12/site-packages/jinja2/optimizer.py -> runner/python/optimizer.py
[2026-06-03 21:56:53.939246] 📦 Moved ./bd-king-r7/IT/bd-king-r7/powerhub/bd-king-r7 powerhub/orchestrator/.venv/lib/python3.12/site-packages/jinja2/parser.py -> runner/python/parser.py
[2026-06-03 21:56:53.939927] 📦 Moved ./bd-king-r7/IT/bd-king-r7/powerhub/bd-king-r7 powerhub/orchestrator/.venv/lib/python3.12/site-packages/jinja2/runtime.py -> runner/python/runtime.py
[2026-06-03 21:56:53.940586] 📦 Moved ./bd-king-r7/IT/bd-king-r7/powerhub/bd-king-r7 powerhub/orchestrator/.venv/lib/python3.12/site-packages/jinja2/sandbox.py -> runner/python/sandbox.py
[2026-06-03 21:56:53.941056] 📦 Moved ./bd-king-r7/IT/bd-king-r7/powerhub/bd-king-r7 powerhub/orchestrator/.venv/lib/python3.12/site-packages/jinja2/tests.py -> runner/python/tests.py
[2026-06-03 21:56:53.941738] 📦 Moved ./bd-king-r7/IT/bd-king-r7/powerhub/bd-king-r7 powerhub/orchestrator/.venv/lib/python3.12/site-packages/jinja2/utils.py -> runner/python/utils.py
[2026-06-03 21:56:53.942208] 📦 Moved ./bd-king-r7/IT/bd-king-r7/powerhub/bd-king-r7 powerhub/orchestrator/.venv/lib/python3.12/site-packages/jinja2/visitor.py -> runner/python/visitor.py
[2026-06-03 21:56:53.943195] 📦 Moved ./bd-king-r7/IT/bd-king-r7/powerhub/bd-king-r7 powerhub/orchestrator/.venv/lib/python3.12/site-packages/markupsafe/__init__.py -> runner/python/__init__.py
[2026-06-03 21:56:53.943571] 📦 Moved ./bd-king-r7/IT/bd-king-r7/powerhub/bd-king-r7 powerhub/orchestrator/.venv/lib/python3.12/site-packages/markupsafe/_native.py -> runner/python/_native.py
[2026-06-03 21:56:53.945410] 📦 Moved ./bd-king-r7/IT/bd-king-r7/powerhub/bd-king-r7 powerhub/orchestrator/.venv/lib/python3.12/site-packages/pip/__init__.py -> runner/python/__init__.py
[2026-06-03 21:56:53.945878] 📦 Moved ./bd-king-r7/IT/bd-king-r7/powerhub/bd-king-r7 powerhub/orchestrator/.venv/lib/python3.12/site-packages/pip/__main__.py -> runner/python/__main__.py
[2026-06-03 21:56:53.946557] 📦 Moved ./bd-king-r7/IT/bd-king-r7/powerhub/bd-king-r7 powerhub/orchestrator/.venv/lib/python3.12/site-packages/pip/_internal/__init__.py -> runner/python/__init__.py
[2026-06-03 21:56:53.947009] 📦 Moved ./bd-king-r7/IT/bd-king-r7/powerhub/bd-king-r7 powerhub/orchestrator/.venv/lib/python3.12/site-packages/pip/_internal/build_env.py -> runner/python/build_env.py
[2026-06-03 21:56:53.947429] 📦 Moved ./bd-king-r7/IT/bd-king-r7/powerhub/bd-king-r7 powerhub/orchestrator/.venv/lib/python3.12/site-packages/pip/_internal/cache.py -> runner/python/cache.py
[2026-06-03 21:56:53.947884] 📦 Moved ./bd-king-r7/IT/bd-king-r7/powerhub/bd-king-r7 powerhub/orchestrator/.venv/lib/python3.12/site-packages/pip/_internal/configuration.py -> runner/python/configuration.py
[2026-06-03 21:56:53.948739] 📦 Moved ./bd-king-r7/IT/bd-king-r7/powerhub/bd-king-r7 powerhub/orchestrator/.venv/lib/python3.12/site-packages/pip/_internal/exceptions.py -> runner/python/exceptions.py
[2026-06-03 21:56:53.949274] 📦 Moved ./bd-king-r7/IT/bd-king-r7/powerhub/bd-king-r7 powerhub/orchestrator/.venv/lib/python3.12/site-packages/pip/_internal/main.py -> runner/python/main.py
[2026-06-03 21:56:53.949710] 📦 Moved ./bd-king-r7/IT/bd-king-r7/powerhub/bd-king-r7 powerhub/orchestrator/.venv/lib/python3.12/site-packages/pip/_internal/pyproject.py -> runner/python/pyproject.py
[2026-06-03 21:56:53.950171] 📦 Moved ./bd-king-r7/IT/bd-king-r7/powerhub/bd-king-r7 powerhub/orchestrator/.venv/lib/python3.12/site-packages/pip/_internal/self_outdated_check.py -> runner/python/self_outdated_check.py
[2026-06-03 21:56:53.950603] 📦 Moved ./bd-king-r7/IT/bd-king-r7/powerhub/bd-king-r7 powerhub/orchestrator/.venv/lib/python3.12/site-packages/pip/_internal/wheel_builder.py -> runner/python/wheel_builder.py
[2026-06-03 21:56:53.951523] 📦 Moved ./bd-king-r7/IT/bd-king-r7/powerhub/bd-king-r7 powerhub/orchestrator/.venv/lib/python3.12/site-packages/pip/_internal/cli/__init__.py -> runner/python/__init__.py
[2026-06-03 21:56:53.952076] 📦 Moved ./bd-king-r7/IT/bd-king-r7/powerhub/bd-king-r7 powerhub/orchestrator/.venv/lib/python3.12/site-packages/pip/_internal/cli/autocompletion.py -> runner/python/autocompletion.py
[2026-06-03 21:56:53.952630] 📦 Moved ./bd-king-r7/IT/bd-king-r7/powerhub/bd-king-r7 powerhub/orchestrator/.venv/lib/python3.12/site-packages/pip/_internal/cli/base_command.py -> runner/python/base_command.py
[2026-06-03 21:56:53.953299] 📦 Moved ./bd-king-r7/IT/bd-king-r7/powerhub/bd-king-r7 powerhub/orchestrator/.venv/lib/python3.12/site-packages/pip/_internal/cli/cmdoptions.py -> runner/python/cmdoptions.py
[2026-06-03 21:56:53.953695] 📦 Moved ./bd-king-r7/IT/bd-king-r7/powerhub/bd-king-r7 powerhub/orchestrator/.venv/lib/python3.12/site-packages/pip/_internal/cli/command_context.py -> runner/python/command_context.py
[2026-06-03 21:56:53.954123] 📦 Moved ./bd-king-r7/IT/bd-king-r7/powerhub/bd-king-r7 powerhub/orchestrator/.venv/lib/python3.12/site-packages/pip/_internal/cli/index_command.py -> runner/python/index_command.py
[2026-06-03 21:56:53.954605] 📦 Moved ./bd-king-r7/IT/bd-king-r7/powerhub/bd-king-r7 powerhub/orchestrator/.venv/lib/python3.12/site-packages/pip/_internal/cli/main.py -> runner/python/main.py
[2026-06-03 21:56:53.955010] 📦 Moved ./bd-king-r7/IT/bd-king-r7/powerhub/bd-king-r7 powerhub/orchestrator/.venv/lib/python3.12/site-packages/pip/_internal/cli/main_parser.py -> runner/python/main_parser.py
[2026-06-03 21:56:53.955616] 📦 Moved ./bd-king-r7/IT/bd-king-r7/powerhub/bd-king-r7 powerhub/orchestrator/.venv/lib/python3.12/site-packages/pip/_internal/cli/parser.py -> runner/python/parser.py
[2026-06-03 21:56:53.956066] 📦 Moved ./bd-king-r7/IT/bd-king-r7/powerhub/bd-king-r7 powerhub/orchestrator/.venv/lib/python3.12/site-packages/pip/_internal/cli/progress_bars.py -> runner/python/progress_bars.py
[2026-06-03 21:56:53.956577] 📦 Moved ./bd-king-r7/IT/bd-king-r7/powerhub/bd-king-r7 powerhub/orchestrator/.venv/lib/python3.12/site-packages/pip/_internal/cli/req_command.py -> runner/python/req_command.py
[2026-06-03 21:56:53.957063] 📦 Moved ./bd-king-r7/IT/bd-king-r7/powerhub/bd-king-r7 powerhub/orchestrator/.venv/lib/python3.12/site-packages/pip/_internal/cli/spinners.py -> runner/python/spinners.py
[2026-06-03 21:56:53.957458] 📦 Moved ./bd-king-r7/IT/bd-king-r7/powerhub/bd-king-r7 powerhub/orchestrator/.venv/lib/python3.12/site-packages/pip/_internal/cli/status_codes.py -> runner/python/status_codes.py
[2026-06-03 21:56:53.958208] 📦 Moved ./bd-king-r7/IT/bd-king-r7/powerhub/bd-king-r7 powerhub/orchestrator/.venv/lib/python3.12/site-packages/pip/_internal/commands/__init__.py -> runner/python/__init__.py
[2026-06-03 21:56:53.958682] 📦 Moved ./bd-king-r7/IT/bd-king-r7/powerhub/bd-king-r7 powerhub/orchestrator/.venv/lib/python3.12/site-packages/pip/_internal/commands/cache.py -> runner/python/cache.py
[2026-06-03 21:56:53.959054] 📦 Moved ./bd-king-r7/IT/bd-king-r7/powerhub/bd-king-r7 powerhub/orchestrator/.venv/lib/python3.12/site-packages/pip/_internal/commands/check.py -> runner/python/check.py
[2026-06-03 21:56:53.959408] 📦 Moved ./bd-king-r7/IT/bd-king-r7/powerhub/bd-king-r7 powerhub/orchestrator/.venv/lib/python3.12/site-packages/pip/_internal/commands/completion.py -> runner/python/completion.py
[2026-06-03 21:56:53.959881] 📦 Moved ./bd-king-r7/IT/bd-king-r7/powerhub/bd-king-r7 powerhub/orchestrator/.venv/lib/python3.12/site-packages/pip/_internal/commands/configuration.py -> runner/python/configuration.py
[2026-06-03 21:56:53.960430] 📦 Moved ./bd-king-r7/IT/bd-king-r7/powerhub/bd-king-r7 powerhub/orchestrator/.venv/lib/python3.12/site-packages/pip/_internal/commands/debug.py -> runner/python/debug.py
[2026-06-03 21:56:53.960810] 📦 Moved ./bd-king-r7/IT/bd-king-r7/powerhub/bd-king-r7 powerhub/orchestrator/.venv/lib/python3.12/site-packages/pip/_internal/commands/download.py -> runner/python/download.py
[2026-06-03 21:56:53.961154] 📦 Moved ./bd-king-r7/IT/bd-king-r7/powerhub/bd-king-r7 powerhub/orchestrator/.venv/lib/python3.12/site-packages/pip/_internal/commands/freeze.py -> runner/python/freeze.py
[2026-06-03 21:56:53.961480] 📦 Moved ./bd-king-r7/IT/bd-king-r7/powerhub/bd-king-r7 powerhub/orchestrator/.venv/lib/python3.12/site-packages/pip/_internal/commands/hash.py -> runner/python/hash.py
[2026-06-03 21:56:53.961797] 📦 Moved ./bd-king-r7/IT/bd-king-r7/powerhub/bd-king-r7 powerhub/orchestrator/.venv/lib/python3.12/site-packages/pip/_internal/commands/help.py -> runner/python/help.py
[2026-06-03 21:56:53.962135] 📦 Moved ./bd-king-r7/IT/bd-king-r7/powerhub/bd-king-r7 powerhub/orchestrator/.venv/lib/python3.12/site-packages/pip/_internal/commands/index.py -> runner/python/index.py
[2026-06-03 21:56:53.962445] 📦 Moved ./bd-king-r7/IT/bd-king-r7/powerhub/bd-king-r7 powerhub/orchestrator/.venv/lib/python3.12/site-packages/pip/_internal/commands/inspect.py -> runner/python/inspect.py
[2026-06-03 21:56:53.962932] 📦 Moved ./bd-king-r7/IT/bd-king-r7/powerhub/bd-king-r7 powerhub/orchestrator/.venv/lib/python3.12/site-packages/pip/_internal/commands/install.py -> runner/python/install.py
[2026-06-03 21:56:53.963320] 📦 Moved ./bd-king-r7/IT/bd-king-r7/powerhub/bd-king-r7 powerhub/orchestrator/.venv/lib/python3.12/site-packages/pip/_internal/commands/list.py -> runner/python/list.py
[2026-06-03 21:56:53.963665] 📦 Moved ./bd-king-r7/IT/bd-king-r7/powerhub/bd-king-r7 powerhub/orchestrator/.venv/lib/python3.12/site-packages/pip/_internal/commands/lock.py -> runner/python/lock.py
[2026-06-03 21:56:53.963997] 📦 Moved ./bd-king-r7/IT/bd-king-r7/powerhub/bd-king-r7 powerhub/orchestrator/.venv/lib/python3.12/site-packages/pip/_internal/commands/search.py -> runner/python/search.py
[2026-06-03 21:56:53.964447] 📦 Moved ./bd-king-r7/IT/bd-king-r7/powerhub/bd-king-r7 powerhub/orchestrator/.venv/lib/python3.12/site-packages/pip/_internal/commands/show.py -> runner/python/show.py
[2026-06-03 21:56:53.964818] 📦 Moved ./bd-king-r7/IT/bd-king-r7/powerhub/bd-king-r7 powerhub/orchestrator/.venv/lib/python3.12/site-packages/pip/_internal/commands/uninstall.py -> runner/python/uninstall.py
[2026-06-03 21:56:53.965218] 📦 Moved ./bd-king-r7/IT/bd-king-r7/powerhub/bd-king-r7 powerhub/orchestrator/.venv/lib/python3.12/site-packages/pip/_internal/commands/wheel.py -> runner/python/wheel.py
[2026-06-03 21:56:53.966005] 📦 Moved ./bd-king-r7/IT/bd-king-r7/powerhub/bd-king-r7 powerhub/orchestrator/.venv/lib/python3.12/site-packages/pip/_internal/distributions/__init__.py -> runner/python/__init__.py
[2026-06-03 21:56:53.966496] 📦 Moved ./bd-king-r7/IT/bd-king-r7/powerhub/bd-king-r7 powerhub/orchestrator/.venv/lib/python3.12/site-packages/pip/_internal/distributions/base.py -> runner/python/base.py
[2026-06-03 21:56:53.966900] 📦 Moved ./bd-king-r7/IT/bd-king-r7/powerhub/bd-king-r7 powerhub/orchestrator/.venv/lib/python3.12/site-packages/pip/_internal/distributions/installed.py -> runner/python/installed.py
[2026-06-03 21:56:53.967364] 📦 Moved ./bd-king-r7/IT/bd-king-r7/powerhub/bd-king-r7 powerhub/orchestrator/.venv/lib/python3.12/site-packages/pip/_internal/distributions/sdist.py -> runner/python/sdist.py
[2026-06-03 21:56:53.967929] 📦 Moved ./bd-king-r7/IT/bd-king-r7/powerhub/bd-king-r7 powerhub/orchestrator/.venv/lib/python3.12/site-packages/pip/_internal/distributions/wheel.py -> runner/python/wheel.py
[2026-06-03 21:56:53.968738] 📦 Moved ./bd-king-r7/IT/bd-king-r7/powerhub/bd-king-r7 powerhub/orchestrator/.venv/lib/python3.12/site-packages/pip/_internal/index/__init__.py -> runner/python/__init__.py
[2026-06-03 21:56:53.969363] 📦 Moved ./bd-king-r7/IT/bd-king-r7/powerhub/bd-king-r7 powerhub/orchestrator/.venv/lib/python3.12/site-packages/pip/_internal/index/collector.py -> runner/python/collector.py
[2026-06-03 21:56:53.970077] 📦 Moved ./bd-king-r7/IT/bd-king-r7/powerhub/bd-king-r7 powerhub/orchestrator/.venv/lib/python3.12/site-packages/pip/_internal/index/package_finder.py -> runner/python/package_finder.py
[2026-06-03 21:56:53.970640] 📦 Moved ./bd-king-r7/IT/bd-king-r7/powerhub/bd-king-r7 powerhub/orchestrator/.venv/lib/python3.12/site-packages/pip/_internal/index/sources.py -> runner/python/sources.py
[2026-06-03 21:56:53.971467] 📦 Moved ./bd-king-r7/IT/bd-king-r7/powerhub/bd-king-r7 powerhub/orchestrator/.venv/lib/python3.12/site-packages/pip/_internal/locations/__init__.py -> runner/python/__init__.py
[2026-06-03 21:56:53.971952] 📦 Moved ./bd-king-r7/IT/bd-king-r7/powerhub/bd-king-r7 powerhub/orchestrator/.venv/lib/python3.12/site-packages/pip/_internal/locations/_distutils.py -> runner/python/_distutils.py
[2026-06-03 21:56:53.972493] 📦 Moved ./bd-king-r7/IT/bd-king-r7/powerhub/bd-king-r7 powerhub/orchestrator/.venv/lib/python3.12/site-packages/pip/_internal/locations/_sysconfig.py -> runner/python/_sysconfig.py
[2026-06-03 21:56:53.973002] 📦 Moved ./bd-king-r7/IT/bd-king-r7/powerhub/bd-king-r7 powerhub/orchestrator/.venv/lib/python3.12/site-packages/pip/_internal/locations/base.py -> runner/python/base.py
[2026-06-03 21:56:53.973717] 📦 Moved ./bd-king-r7/IT/bd-king-r7/powerhub/bd-king-r7 powerhub/orchestrator/.venv/lib/python3.12/site-packages/pip/_internal/metadata/__init__.py -> runner/python/__init__.py
[2026-06-03 21:56:53.974181] 📦 Moved ./bd-king-r7/IT/bd-king-r7/powerhub/bd-king-r7 powerhub/orchestrator/.venv/lib/python3.12/site-packages/pip/_internal/metadata/_json.py -> runner/python/_json.py
[2026-06-03 21:56:53.974797] 📦 Moved ./bd-king-r7/IT/bd-king-r7/powerhub/bd-king-r7 powerhub/orchestrator/.venv/lib/python3.12/site-packages/pip/_internal/metadata/base.py -> runner/python/base.py
[2026-06-03 21:56:53.975241] 📦 Moved ./bd-king-r7/IT/bd-king-r7/powerhub/bd-king-r7 powerhub/orchestrator/.venv/lib/python3.12/site-packages/pip/_internal/metadata/pkg_resources.py -> runner/python/pkg_resources.py
[2026-06-03 21:56:53.975872] 📦 Moved ./bd-king-r7/IT/bd-king-r7/powerhub/bd-king-r7 powerhub/orchestrator/.venv/lib/python3.12/site-packages/pip/_internal/metadata/importlib/__init__.py -> runner/python/__init__.py
[2026-06-03 21:56:53.976333] 📦 Moved ./bd-king-r7/IT/bd-king-r7/powerhub/bd-king-r7 powerhub/orchestrator/.venv/lib/python3.12/site-packages/pip/_internal/metadata/importlib/_compat.py -> runner/python/_compat.py
[2026-06-03 21:56:53.976763] 📦 Moved ./bd-king-r7/IT/bd-king-r7/powerhub/bd-king-r7 powerhub/orchestrator/.venv/lib/python3.12/site-packages/pip/_internal/metadata/importlib/_dists.py -> runner/python/_dists.py
[2026-06-03 21:56:53.977156] 📦 Moved ./bd-king-r7/IT/bd-king-r7/powerhub/bd-king-r7 powerhub/orchestrator/.venv/lib/python3.12/site-packages/pip/_internal/metadata/importlib/_envs.py -> runner/python/_envs.py
[2026-06-03 21:56:53.977742] 📦 Moved ./bd-king-r7/IT/bd-king-r7/powerhub/bd-king-r7 powerhub/orchestrator/.venv/lib/python3.12/site-packages/pip/_internal/models/__init__.py -> runner/python/__init__.py
[2026-06-03 21:56:53.978067] 📦 Moved ./bd-king-r7/IT/bd-king-r7/powerhub/bd-king-r7 powerhub/orchestrator/.venv/lib/python3.12/site-packages/pip/_internal/models/candidate.py -> runner/python/candidate.py
[2026-06-03 21:56:53.978417] 📦 Moved ./bd-king-r7/IT/bd-king-r7/powerhub/bd-king-r7 powerhub/orchestrator/.venv/lib/python3.12/site-packages/pip/_internal/models/direct_url.py -> runner/python/direct_url.py
[2026-06-03 21:56:53.978728] 📦 Moved ./bd-king-r7/IT/bd-king-r7/powerhub/bd-king-r7 powerhub/orchestrator/.venv/lib/python3.12/site-packages/pip/_internal/models/format_control.py -> runner/python/format_control.py
[2026-06-03 21:56:53.979168] 📦 Moved ./bd-king-r7/IT/bd-king-r7/powerhub/bd-king-r7 powerhub/orchestrator/.venv/lib/python3.12/site-packages/pip/_internal/models/index.py -> runner/python/index.py
[2026-06-03 21:56:53.979481] 📦 Moved ./bd-king-r7/IT/bd-king-r7/powerhub/bd-king-r7 powerhub/orchestrator/.venv/lib/python3.12/site-packages/pip/_internal/models/installation_report.py -> runner/python/installation_report.py
[2026-06-03 21:56:53.979944] 📦 Moved ./bd-king-r7/IT/bd-king-r7/powerhub/bd-king-r7 powerhub/orchestrator/.venv/lib/python3.12/site-packages/pip/_internal/models/link.py -> runner/python/link.py
[2026-06-03 21:56:53.980354] 📦 Moved ./bd-king-r7/IT/bd-king-r7/powerhub/bd-king-r7 powerhub/orchestrator/.venv/lib/python3.12/site-packages/pip/_internal/models/pylock.py -> runner/python/pylock.py
[2026-06-03 21:56:53.980669] 📦 Moved ./bd-king-r7/IT/bd-king-r7/powerhub/bd-king-r7 powerhub/orchestrator/.venv/lib/python3.12/site-packages/pip/_internal/models/scheme.py -> runner/python/scheme.py
[2026-06-03 21:56:53.981007] 📦 Moved ./bd-king-r7/IT/bd-king-r7/powerhub/bd-king-r7 powerhub/orchestrator/.venv/lib/python3.12/site-packages/pip/_internal/models/search_scope.py -> runner/python/search_scope.py
[2026-06-03 21:56:53.981392] 📦 Moved ./bd-king-r7/IT/bd-king-r7/powerhub/bd-king-r7 powerhub/orchestrator/.venv/lib/python3.12/site-packages/pip/_internal/models/selection_prefs.py -> runner/python/selection_prefs.py
[2026-06-03 21:56:53.981773] 📦 Moved ./bd-king-r7/IT/bd-king-r7/powerhub/bd-king-r7 powerhub/orchestrator/.venv/lib/python3.12/site-packages/pip/_internal/models/target_python.py -> runner/python/target_python.py
[2026-06-03 21:56:53.982263] 📦 Moved ./bd-king-r7/IT/bd-king-r7/powerhub/bd-king-r7 powerhub/orchestrator/.venv/lib/python3.12/site-packages/pip/_internal/models/wheel.py -> runner/python/wheel.py
[2026-06-03 21:56:53.983004] 📦 Moved ./bd-king-r7/IT/bd-king-r7/powerhub/bd-king-r7 powerhub/orchestrator/.venv/lib/python3.12/site-packages/pip/_internal/network/__init__.py -> runner/python/__init__.py
[2026-06-03 21:56:53.983549] 📦 Moved ./bd-king-r7/IT/bd-king-r7/powerhub/bd-king-r7 powerhub/orchestrator/.venv/lib/python3.12/site-packages/pip/_internal/network/auth.py -> runner/python/auth.py
[2026-06-03 21:56:53.984088] 📦 Moved ./bd-king-r7/IT/bd-king-r7/powerhub/bd-king-r7 powerhub/orchestrator/.venv/lib/python3.12/site-packages/pip/_internal/network/cache.py -> runner/python/cache.py
[2026-06-03 21:56:53.984786] 📦 Moved ./bd-king-r7/IT/bd-king-r7/powerhub/bd-king-r7 powerhub/orchestrator/.venv/lib/python3.12/site-packages/pip/_internal/network/download.py -> runner/python/download.py
[2026-06-03 21:56:53.985291] 📦 Moved ./bd-king-r7/IT/bd-king-r7/powerhub/bd-king-r7 powerhub/orchestrator/.venv/lib/python3.12/site-packages/pip/_internal/network/lazy_wheel.py -> runner/python/lazy_wheel.py
[2026-06-03 21:56:53.985831] 📦 Moved ./bd-king-r7/IT/bd-king-r7/powerhub/bd-king-r7 powerhub/orchestrator/.venv/lib/python3.12/site-packages/pip/_internal/network/session.py -> runner/python/session.py
[2026-06-03 21:56:53.986371] 📦 Moved ./bd-king-r7/IT/bd-king-r7/powerhub/bd-king-r7 powerhub/orchestrator/.venv/lib/python3.12/site-packages/pip/_internal/network/utils.py -> runner/python/utils.py
[2026-06-03 21:56:53.986890] 📦 Moved ./bd-king-r7/IT/bd-king-r7/powerhub/bd-king-r7 powerhub/orchestrator/.venv/lib/python3.12/site-packages/pip/_internal/network/xmlrpc.py -> runner/python/xmlrpc.py
[2026-06-03 21:56:53.987591] 📦 Moved ./bd-king-r7/IT/bd-king-r7/powerhub/bd-king-r7 powerhub/orchestrator/.venv/lib/python3.12/site-packages/pip/_internal/operations/__init__.py -> runner/python/__init__.py
[2026-06-03 21:56:53.988131] 📦 Moved ./bd-king-r7/IT/bd-king-r7/powerhub/bd-king-r7 powerhub/orchestrator/.venv/lib/python3.12/site-packages/pip/_internal/operations/check.py -> runner/python/check.py
[2026-06-03 21:56:53.988664] 📦 Moved ./bd-king-r7/IT/bd-king-r7/powerhub/bd-king-r7 powerhub/orchestrator/.venv/lib/python3.12/site-packages/pip/_internal/operations/freeze.py -> runner/python/freeze.py
[2026-06-03 21:56:53.989308] 📦 Moved ./bd-king-r7/IT/bd-king-r7/powerhub/bd-king-r7 powerhub/orchestrator/.venv/lib/python3.12/site-packages/pip/_internal/operations/prepare.py -> runner/python/prepare.py
[2026-06-03 21:56:53.989982] 📦 Moved ./bd-king-r7/IT/bd-king-r7/powerhub/bd-king-r7 powerhub/orchestrator/.venv/lib/python3.12/site-packages/pip/_internal/operations/build/__init__.py -> runner/python/__init__.py
[2026-06-03 21:56:53.990416] 📦 Moved ./bd-king-r7/IT/bd-king-r7/powerhub/bd-king-r7 powerhub/orchestrator/.venv/lib/python3.12/site-packages/pip/_internal/operations/build/build_tracker.py -> runner/python/build_tracker.py
[2026-06-03 21:56:53.990814] 📦 Moved ./bd-king-r7/IT/bd-king-r7/powerhub/bd-king-r7 powerhub/orchestrator/.venv/lib/python3.12/site-packages/pip/_internal/operations/build/metadata.py -> runner/python/metadata.py
[2026-06-03 21:56:53.991205] 📦 Moved ./bd-king-r7/IT/bd-king-r7/powerhub/bd-king-r7 powerhub/orchestrator/.venv/lib/python3.12/site-packages/pip/_internal/operations/build/metadata_editable.py -> runner/python/metadata_editable.py
[2026-06-03 21:56:53.991648] 📦 Moved ./bd-king-r7/IT/bd-king-r7/powerhub/bd-king-r7 powerhub/orchestrator/.venv/lib/python3.12/site-packages/pip/_internal/operations/build/wheel.py -> runner/python/wheel.py
[2026-06-03 21:56:53.992009] 📦 Moved ./bd-king-r7/IT/bd-king-r7/powerhub/bd-king-r7 powerhub/orchestrator/.venv/lib/python3.12/site-packages/pip/_internal/operations/build/wheel_editable.py -> runner/python/wheel_editable.py
[2026-06-03 21:56:53.992763] 📦 Moved ./bd-king-r7/IT/bd-king-r7/powerhub/bd-king-r7 powerhub/orchestrator/.venv/lib/python3.12/site-packages/pip/_internal/operations/install/__init__.py -> runner/python/__init__.py
[2026-06-03 21:56:53.993438] 📦 Moved ./bd-king-r7/IT/bd-king-r7/powerhub/bd-king-r7 powerhub/orchestrator/.venv/lib/python3.12/site-packages/pip/_internal/operations/install/wheel.py -> runner/python/wheel.py
[2026-06-03 21:56:53.994145] 📦 Moved ./bd-king-r7/IT/bd-king-r7/powerhub/bd-king-r7 powerhub/orchestrator/.venv/lib/python3.12/site-packages/pip/_internal/req/__init__.py -> runner/python/__init__.py
[2026-06-03 21:56:53.994724] 📦 Moved ./bd-king-r7/IT/bd-king-r7/powerhub/bd-king-r7 powerhub/orchestrator/.venv/lib/python3.12/site-packages/pip/_internal/req/constructors.py -> runner/python/constructors.py
[2026-06-03 21:56:53.995133] 📦 Moved ./bd-king-r7/IT/bd-king-r7/powerhub/bd-king-r7 powerhub/orchestrator/.venv/lib/python3.12/site-packages/pip/_internal/req/req_dependency_group.py -> runner/python/req_dependency_group.py
[2026-06-03 21:56:53.995639] 📦 Moved ./bd-king-r7/IT/bd-king-r7/powerhub/bd-king-r7 powerhub/orchestrator/.venv/lib/python3.12/site-packages/pip/_internal/req/req_file.py -> runner/python/req_file.py
[2026-06-03 21:56:53.996235] 📦 Moved ./bd-king-r7/IT/bd-king-r7/powerhub/bd-king-r7 powerhub/orchestrator/.venv/lib/python3.12/site-packages/pip/_internal/req/req_install.py -> runner/python/req_install.py
[2026-06-03 21:56:53.996635] 📦 Moved ./bd-king-r7/IT/bd-king-r7/powerhub/bd-king-r7 powerhub/orchestrator/.venv/lib/python3.12/site-packages/pip/_internal/req/req_set.py -> runner/python/req_set.py
[2026-06-03 21:56:53.997155] 📦 Moved ./bd-king-r7/IT/bd-king-r7/powerhub/bd-king-r7 powerhub/orchestrator/.venv/lib/python3.12/site-packages/pip/_internal/req/req_uninstall.py -> runner/python/req_uninstall.py
[2026-06-03 21:56:53.997825] 📦 Moved ./bd-king-r7/IT/bd-king-r7/powerhub/bd-king-r7 powerhub/orchestrator/.venv/lib/python3.12/site-packages/pip/_internal/resolution/__init__.py -> runner/python/__init__.py
[2026-06-03 21:56:53.998347] 📦 Moved ./bd-king-r7/IT/bd-king-r7/powerhub/bd-king-r7 powerhub/orchestrator/.venv/lib/python3.12/site-packages/pip/_internal/resolution/base.py -> runner/python/base.py
[2026-06-03 21:56:53.998995] 📦 Moved ./bd-king-r7/IT/bd-king-r7/powerhub/bd-king-r7 powerhub/orchestrator/.venv/lib/python3.12/site-packages/pip/_internal/resolution/legacy/__init__.py -> runner/python/__init__.py
[2026-06-03 21:56:53.999604] 📦 Moved ./bd-king-r7/IT/bd-king-r7/powerhub/bd-king-r7 powerhub/orchestrator/.venv/lib/python3.12/site-packages/pip/_internal/resolution/legacy/resolver.py -> runner/python/resolver.py
[2026-06-03 21:56:54.000358] 📦 Moved ./bd-king-r7/IT/bd-king-r7/powerhub/bd-king-r7 powerhub/orchestrator/.venv/lib/python3.12/site-packages/pip/_internal/resolution/resolvelib/__init__.py -> runner/python/__init__.py
[2026-06-03 21:56:54.000977] 📦 Moved ./bd-king-r7/IT/bd-king-r7/powerhub/bd-king-r7 powerhub/orchestrator/.venv/lib/python3.12/site-packages/pip/_internal/resolution/resolvelib/base.py -> runner/python/base.py
[2026-06-03 21:56:54.001647] 📦 Moved ./bd-king-r7/IT/bd-king-r7/powerhub/bd-king-r7 powerhub/orchestrator/.venv/lib/python3.12/site-packages/pip/_internal/resolution/resolvelib/candidates.py -> runner/python/candidates.py
[2026-06-03 21:56:54.002292] 📦 Moved ./bd-king-r7/IT/bd-king-r7/powerhub/bd-king-r7 powerhub/orchestrator/.venv/lib/python3.12/site-packages/pip/_internal/resolution/resolvelib/factory.py -> runner/python/factory.py
[2026-06-03 21:56:54.002803] 📦 Moved ./bd-king-r7/IT/bd-king-r7/powerhub/bd-king-r7 powerhub/orchestrator/.venv/lib/python3.12/site-packages/pip/_internal/resolution/resolvelib/found_candidates.py -> runner/python/found_candidates.py
[2026-06-03 21:56:54.003452] 📦 Moved ./bd-king-r7/IT/bd-king-r7/powerhub/bd-king-r7 powerhub/orchestrator/.venv/lib/python3.12/site-packages/pip/_internal/resolution/resolvelib/provider.py -> runner/python/provider.py
[2026-06-03 21:56:54.003994] 📦 Moved ./bd-king-r7/IT/bd-king-r7/powerhub/bd-king-r7 powerhub/orchestrator/.venv/lib/python3.12/site-packages/pip/_internal/resolution/resolvelib/reporter.py -> runner/python/reporter.py
[2026-06-03 21:56:54.004566] 📦 Moved ./bd-king-r7/IT/bd-king-r7/powerhub/bd-king-r7 powerhub/orchestrator/.venv/lib/python3.12/site-packages/pip/_internal/resolution/resolvelib/requirements.py -> runner/python/requirements.py
[2026-06-03 21:56:54.005150] 📦 Moved ./bd-king-r7/IT/bd-king-r7/powerhub/bd-king-r7 powerhub/orchestrator/.venv/lib/python3.12/site-packages/pip/_internal/resolution/resolvelib/resolver.py -> runner/python/resolver.py
[2026-06-03 21:56:54.005838] 📦 Moved ./bd-king-r7/IT/bd-king-r7/powerhub/bd-king-r7 powerhub/orchestrator/.venv/lib/python3.12/site-packages/pip/_internal/utils/__init__.py -> runner/python/__init__.py
[2026-06-03 21:56:54.006235] 📦 Moved ./bd-king-r7/IT/bd-king-r7/powerhub/bd-king-r7 powerhub/orchestrator/.venv/lib/python3.12/site-packages/pip/_internal/utils/_jaraco_text.py -> runner/python/_jaraco_text.py
[2026-06-03 21:56:54.006601] 📦 Moved ./bd-king-r7/IT/bd-king-r7/powerhub/bd-king-r7 powerhub/orchestrator/.venv/lib/python3.12/site-packages/pip/_internal/utils/_log.py -> runner/python/_log.py
[2026-06-03 21:56:54.006936] 📦 Moved ./bd-king-r7/IT/bd-king-r7/powerhub/bd-king-r7 powerhub/orchestrator/.venv/lib/python3.12/site-packages/pip/_internal/utils/appdirs.py -> runner/python/appdirs.py
[2026-06-03 21:56:54.007345] 📦 Moved ./bd-king-r7/IT/bd-king-r7/powerhub/bd-king-r7 powerhub/orchestrator/.venv/lib/python3.12/site-packages/pip/_internal/utils/compat.py -> runner/python/compat.py
[2026-06-03 21:56:54.007709] 📦 Moved ./bd-king-r7/IT/bd-king-r7/powerhub/bd-king-r7 powerhub/orchestrator/.venv/lib/python3.12/site-packages/pip/_internal/utils/compatibility_tags.py -> runner/python/compatibility_tags.py
[2026-06-03 21:56:54.008052] 📦 Moved ./bd-king-r7/IT/bd-king-r7/powerhub/bd-king-r7 powerhub/orchestrator/.venv/lib/python3.12/site-packages/pip/_internal/utils/datetime.py -> runner/python/datetime.py
[2026-06-03 21:56:54.008411] 📦 Moved ./bd-king-r7/IT/bd-king-r7/powerhub/bd-king-r7 powerhub/orchestrator/.venv/lib/python3.12/site-packages/pip/_internal/utils/deprecation.py -> runner/python/deprecation.py
[2026-06-03 21:56:54.008717] 📦 Moved ./bd-king-r7/IT/bd-king-r7/powerhub/bd-king-r7 powerhub/orchestrator/.venv/lib/python3.12/site-packages/pip/_internal/utils/direct_url_helpers.py -> runner/python/direct_url_helpers.py
[2026-06-03 21:56:54.009097] 📦 Moved ./bd-king-r7/IT/bd-king-r7/powerhub/bd-king-r7 powerhub/orchestrator/.venv/lib/python3.12/site-packages/pip/_internal/utils/egg_link.py -> runner/python/egg_link.py
[2026-06-03 21:56:54.009395] 📦 Moved ./bd-king-r7/IT/bd-king-r7/powerhub/bd-king-r7 powerhub/orchestrator/.venv/lib/python3.12/site-packages/pip/_internal/utils/entrypoints.py -> runner/python/entrypoints.py
[2026-06-03 21:56:54.009729] 📦 Moved ./bd-king-r7/IT/bd-king-r7/powerhub/bd-king-r7 powerhub/orchestrator/.venv/lib/python3.12/site-packages/pip/_internal/utils/filesystem.py -> runner/python/filesystem.py
[2026-06-03 21:56:54.010015] 📦 Moved ./bd-king-r7/IT/bd-king-r7/powerhub/bd-king-r7 powerhub/orchestrator/.venv/lib/python3.12/site-packages/pip/_internal/utils/filetypes.py -> runner/python/filetypes.py
[2026-06-03 21:56:54.010330] 📦 Moved ./bd-king-r7/IT/bd-king-r7/powerhub/bd-king-r7 powerhub/orchestrator/.venv/lib/python3.12/site-packages/pip/_internal/utils/glibc.py -> runner/python/glibc.py
[2026-06-03 21:56:54.010633] 📦 Moved ./bd-king-r7/IT/bd-king-r7/powerhub/bd-king-r7 powerhub/orchestrator/.venv/lib/python3.12/site-packages/pip/_internal/utils/hashes.py -> runner/python/hashes.py
[2026-06-03 21:56:54.011094] 📦 Moved ./bd-king-r7/IT/bd-king-r7/powerhub/bd-king-r7 powerhub/orchestrator/.venv/lib/python3.12/site-packages/pip/_internal/utils/logging.py -> runner/python/logging.py
[2026-06-03 21:56:54.011543] 📦 Moved ./bd-king-r7/IT/bd-king-r7/powerhub/bd-king-r7 powerhub/orchestrator/.venv/lib/python3.12/site-packages/pip/_internal/utils/misc.py -> runner/python/misc.py
[2026-06-03 21:56:54.011837] 📦 Moved ./bd-king-r7/IT/bd-king-r7/powerhub/bd-king-r7 powerhub/orchestrator/.venv/lib/python3.12/site-packages/pip/_internal/utils/packaging.py -> runner/python/packaging.py
[2026-06-03 21:56:54.012183] 📦 Moved ./bd-king-r7/IT/bd-king-r7/powerhub/bd-king-r7 powerhub/orchestrator/.venv/lib/python3.12/site-packages/pip/_internal/utils/retry.py -> runner/python/retry.py
[2026-06-03 21:56:54.012541] 📦 Moved ./bd-king-r7/IT/bd-king-r7/powerhub/bd-king-r7 powerhub/orchestrator/.venv/lib/python3.12/site-packages/pip/_internal/utils/subprocess.py -> runner/python/subprocess.py
[2026-06-03 21:56:54.012897] 📦 Moved ./bd-king-r7/IT/bd-king-r7/powerhub/bd-king-r7 powerhub/orchestrator/.venv/lib/python3.12/site-packages/pip/_internal/utils/temp_dir.py -> runner/python/temp_dir.py
[2026-06-03 21:56:54.013324] 📦 Moved ./bd-king-r7/IT/bd-king-r7/powerhub/bd-king-r7 powerhub/orchestrator/.venv/lib/python3.12/site-packages/pip/_internal/utils/unpacking.py -> runner/python/unpacking.py
[2026-06-03 21:56:54.013629] 📦 Moved ./bd-king-r7/IT/bd-king-r7/powerhub/bd-king-r7 powerhub/orchestrator/.venv/lib/python3.12/site-packages/pip/_internal/utils/urls.py -> runner/python/urls.py
[2026-06-03 21:56:54.013925] 📦 Moved ./bd-king-r7/IT/bd-king-r7/powerhub/bd-king-r7 powerhub/orchestrator/.venv/lib/python3.12/site-packages/pip/_internal/utils/virtualenv.py -> runner/python/virtualenv.py
[2026-06-03 21:56:54.014382] 📦 Moved ./bd-king-r7/IT/bd-king-r7/powerhub/bd-king-r7 powerhub/orchestrator/.venv/lib/python3.12/site-packages/pip/_internal/utils/wheel.py -> runner/python/wheel.py
[2026-06-03 21:56:54.015174] 📦 Moved ./bd-king-r7/IT/bd-king-r7/powerhub/bd-king-r7 powerhub/orchestrator/.venv/lib/python3.12/site-packages/pip/_internal/vcs/__init__.py -> runner/python/__init__.py
[2026-06-03 21:56:54.015605] 📦 Moved ./bd-king-r7/IT/bd-king-r7/powerhub/bd-king-r7 powerhub/orchestrator/.venv/lib/python3.12/site-packages/pip/_internal/vcs/bazaar.py -> runner/python/bazaar.py
[2026-06-03 21:56:54.016254] 📦 Moved ./bd-king-r7/IT/bd-king-r7/powerhub/bd-king-r7 powerhub/orchestrator/.venv/lib/python3.12/site-packages/pip/_internal/vcs/git.py -> runner/python/git.py
[2026-06-03 21:56:54.016700] 📦 Moved ./bd-king-r7/IT/bd-king-r7/powerhub/bd-king-r7 powerhub/orchestrator/.venv/lib/python3.12/site-packages/pip/_internal/vcs/mercurial.py -> runner/python/mercurial.py
[2026-06-03 21:56:54.017190] 📦 Moved ./bd-king-r7/IT/bd-king-r7/powerhub/bd-king-r7 powerhub/orchestrator/.venv/lib/python3.12/site-packages/pip/_internal/vcs/subversion.py -> runner/python/subversion.py
[2026-06-03 21:56:54.017721] 📦 Moved ./bd-king-r7/IT/bd-king-r7/powerhub/bd-king-r7 powerhub/orchestrator/.venv/lib/python3.12/site-packages/pip/_internal/vcs/versioncontrol.py -> runner/python/versioncontrol.py
[2026-06-03 21:56:54.018477] 📦 Moved ./bd-king-r7/IT/bd-king-r7/powerhub/bd-king-r7 powerhub/orchestrator/.venv/lib/python3.12/site-packages/pip/_vendor/__init__.py -> runner/python/__init__.py
[2026-06-03 21:56:54.019385] 📦 Moved ./bd-king-r7/IT/bd-king-r7/powerhub/bd-king-r7 powerhub/orchestrator/.venv/lib/python3.12/site-packages/pip/_vendor/cachecontrol/__init__.py -> runner/python/__init__.py
[2026-06-03 21:56:54.019848] 📦 Moved ./bd-king-r7/IT/bd-king-r7/powerhub/bd-king-r7 powerhub/orchestrator/.venv/lib/python3.12/site-packages/pip/_vendor/cachecontrol/_cmd.py -> runner/python/_cmd.py
[2026-06-03 21:56:54.020352] 📦 Moved ./bd-king-r7/IT/bd-king-r7/powerhub/bd-king-r7 powerhub/orchestrator/.venv/lib/python3.12/site-packages/pip/_vendor/cachecontrol/adapter.py -> runner/python/adapter.py
[2026-06-03 21:56:54.020822] 📦 Moved ./bd-king-r7/IT/bd-king-r7/powerhub/bd-king-r7 powerhub/orchestrator/.venv/lib/python3.12/site-packages/pip/_vendor/cachecontrol/cache.py -> runner/python/cache.py
[2026-06-03 21:56:54.021371] 📦 Moved ./bd-king-r7/IT/bd-king-r7/powerhub/bd-king-r7 powerhub/orchestrator/.venv/lib/python3.12/site-packages/pip/_vendor/cachecontrol/controller.py -> runner/python/controller.py
[2026-06-03 21:56:54.021757] 📦 Moved ./bd-king-r7/IT/bd-king-r7/powerhub/bd-king-r7 powerhub/orchestrator/.venv/lib/python3.12/site-packages/pip/_vendor/cachecontrol/filewrapper.py -> runner/python/filewrapper.py
[2026-06-03 21:56:54.022129] 📦 Moved ./bd-king-r7/IT/bd-king-r7/powerhub/bd-king-r7 powerhub/orchestrator/.venv/lib/python3.12/site-packages/pip/_vendor/cachecontrol/heuristics.py -> runner/python/heuristics.py
[2026-06-03 21:56:54.022521] 📦 Moved ./bd-king-r7/IT/bd-king-r7/powerhub/bd-king-r7 powerhub/orchestrator/.venv/lib/python3.12/site-packages/pip/_vendor/cachecontrol/serialize.py -> runner/python/serialize.py
[2026-06-03 21:56:54.022872] 📦 Moved ./bd-king-r7/IT/bd-king-r7/powerhub/bd-king-r7 powerhub/orchestrator/.venv/lib/python3.12/site-packages/pip/_vendor/cachecontrol/wrapper.py -> runner/python/wrapper.py
[2026-06-03 21:56:54.023572] 📦 Moved ./bd-king-r7/IT/bd-king-r7/powerhub/bd-king-r7 powerhub/orchestrator/.venv/lib/python3.12/site-packages/pip/_vendor/cachecontrol/caches/__init__.py -> runner/python/__init__.py
[2026-06-03 21:56:54.023977] 📦 Moved ./bd-king-r7/IT/bd-king-r7/powerhub/bd-king-r7 powerhub/orchestrator/.venv/lib/python3.12/site-packages/pip/_vendor/cachecontrol/caches/file_cache.py -> runner/python/file_cache.py
[2026-06-03 21:56:54.024465] 📦 Moved ./bd-king-r7/IT/bd-king-r7/powerhub/bd-king-r7 powerhub/orchestrator/.venv/lib/python3.12/site-packages/pip/_vendor/cachecontrol/caches/redis_cache.py -> runner/python/redis_cache.py
[2026-06-03 21:56:54.025123] 📦 Moved ./bd-king-r7/IT/bd-king-r7/powerhub/bd-king-r7 powerhub/orchestrator/.venv/lib/python3.12/site-packages/pip/_vendor/certifi/__init__.py -> runner/python/__init__.py
[2026-06-03 21:56:54.025529] 📦 Moved ./bd-king-r7/IT/bd-king-r7/powerhub/bd-king-r7 powerhub/orchestrator/.venv/lib/python3.12/site-packages/pip/_vendor/certifi/__main__.py -> runner/python/__main__.py
[2026-06-03 21:56:54.025955] 📦 Moved ./bd-king-r7/IT/bd-king-r7/powerhub/bd-king-r7 powerhub/orchestrator/.venv/lib/python3.12/site-packages/pip/_vendor/certifi/core.py -> runner/python/core.py
[2026-06-03 21:56:54.026511] 📦 Moved ./bd-king-r7/IT/bd-king-r7/powerhub/bd-king-r7 powerhub/orchestrator/.venv/lib/python3.12/site-packages/pip/_vendor/dependency_groups/__init__.py -> runner/python/__init__.py
[2026-06-03 21:56:54.026902] 📦 Moved ./bd-king-r7/IT/bd-king-r7/powerhub/bd-king-r7 powerhub/orchestrator/.venv/lib/python3.12/site-packages/pip/_vendor/dependency_groups/__main__.py -> runner/python/__main__.py
[2026-06-03 21:56:54.027329] 📦 Moved ./bd-king-r7/IT/bd-king-r7/powerhub/bd-king-r7 powerhub/orchestrator/.venv/lib/python3.12/site-packages/pip/_vendor/dependency_groups/_implementation.py -> runner/python/_implementation.py
[2026-06-03 21:56:54.027679] 📦 Moved ./bd-king-r7/IT/bd-king-r7/powerhub/bd-king-r7 powerhub/orchestrator/.venv/lib/python3.12/site-packages/pip/_vendor/dependency_groups/_lint_dependency_groups.py -> runner/python/_lint_dependency_groups.py
[2026-06-03 21:56:54.028011] 📦 Moved ./bd-king-r7/IT/bd-king-r7/powerhub/bd-king-r7 powerhub/orchestrator/.venv/lib/python3.12/site-packages/pip/_vendor/dependency_groups/_pip_wrapper.py -> runner/python/_pip_wrapper.py
[2026-06-03 21:56:54.028401] 📦 Moved ./bd-king-r7/IT/bd-king-r7/powerhub/bd-king-r7 powerhub/orchestrator/.venv/lib/python3.12/site-packages/pip/_vendor/dependency_groups/_toml_compat.py -> runner/python/_toml_compat.py
[2026-06-03 21:56:54.029019] 📦 Moved ./bd-king-r7/IT/bd-king-r7/powerhub/bd-king-r7 powerhub/orchestrator/.venv/lib/python3.12/site-packages/pip/_vendor/distlib/__init__.py -> runner/python/__init__.py
[2026-06-03 21:56:54.029771] 📦 Moved ./bd-king-r7/IT/bd-king-r7/powerhub/bd-king-r7 powerhub/orchestrator/.venv/lib/python3.12/site-packages/pip/_vendor/distlib/compat.py -> runner/python/compat.py
[2026-06-03 21:56:54.030245] 📦 Moved ./bd-king-r7/IT/bd-king-r7/powerhub/bd-king-r7 powerhub/orchestrator/.venv/lib/python3.12/site-packages/pip/_vendor/distlib/resources.py -> runner/python/resources.py
[2026-06-03 21:56:54.030766] 📦 Moved ./bd-king-r7/IT/bd-king-r7/powerhub/bd-king-r7 powerhub/orchestrator/.venv/lib/python3.12/site-packages/pip/_vendor/distlib/scripts.py -> runner/python/scripts.py
[2026-06-03 21:56:54.031629] 📦 Moved ./bd-king-r7/IT/bd-king-r7/powerhub/bd-king-r7 powerhub/orchestrator/.venv/lib/python3.12/site-packages/pip/_vendor/distlib/util.py -> runner/python/util.py
[2026-06-03 21:56:54.032596] 📦 Moved ./bd-king-r7/IT/bd-king-r7/powerhub/bd-king-r7 powerhub/orchestrator/.venv/lib/python3.12/site-packages/pip/_vendor/distro/__init__.py -> runner/python/__init__.py
[2026-06-03 21:56:54.033247] 📦 Moved ./bd-king-r7/IT/bd-king-r7/powerhub/bd-king-r7 powerhub/orchestrator/.venv/lib/python3.12/site-packages/pip/_vendor/distro/__main__.py -> runner/python/__main__.py
[2026-06-03 21:56:54.034074] 📦 Moved ./bd-king-r7/IT/bd-king-r7/powerhub/bd-king-r7 powerhub/orchestrator/.venv/lib/python3.12/site-packages/pip/_vendor/distro/distro.py -> runner/python/distro.py
[2026-06-03 21:56:54.034887] 📦 Moved ./bd-king-r7/IT/bd-king-r7/powerhub/bd-king-r7 powerhub/orchestrator/.venv/lib/python3.12/site-packages/pip/_vendor/idna/__init__.py -> runner/python/__init__.py
[2026-06-03 21:56:54.035478] 📦 Moved ./bd-king-r7/IT/bd-king-r7/powerhub/bd-king-r7 powerhub/orchestrator/.venv/lib/python3.12/site-packages/pip/_vendor/idna/codec.py -> runner/python/codec.py
[2026-06-03 21:56:54.036050] 📦 Moved ./bd-king-r7/IT/bd-king-r7/powerhub/bd-king-r7 powerhub/orchestrator/.venv/lib/python3.12/site-packages/pip/_vendor/idna/compat.py -> runner/python/compat.py
[2026-06-03 21:56:54.036676] 📦 Moved ./bd-king-r7/IT/bd-king-r7/powerhub/bd-king-r7 powerhub/orchestrator/.venv/lib/python3.12/site-packages/pip/_vendor/idna/core.py -> runner/python/core.py
[2026-06-03 21:56:54.037656] 📦 Moved ./bd-king-r7/IT/bd-king-r7/powerhub/bd-king-r7 powerhub/orchestrator/.venv/lib/python3.12/site-packages/pip/_vendor/idna/idnadata.py -> runner/python/idnadata.py
[2026-06-03 21:56:54.038232] 📦 Moved ./bd-king-r7/IT/bd-king-r7/powerhub/bd-king-r7 powerhub/orchestrator/.venv/lib/python3.12/site-packages/pip/_vendor/idna/intranges.py -> runner/python/intranges.py
[2026-06-03 21:56:54.038754] 📦 Moved ./bd-king-r7/IT/bd-king-r7/powerhub/bd-king-r7 powerhub/orchestrator/.venv/lib/python3.12/site-packages/pip/_vendor/idna/package_data.py -> runner/python/package_data.py
[2026-06-03 21:56:54.043911] 📦 Moved ./bd-king-r7/IT/bd-king-r7/powerhub/bd-king-r7 powerhub/orchestrator/.venv/lib/python3.12/site-packages/pip/_vendor/idna/uts46data.py -> runner/python/uts46data.py
[2026-06-03 21:56:54.044998] 📦 Moved ./bd-king-r7/IT/bd-king-r7/powerhub/bd-king-r7 powerhub/orchestrator/.venv/lib/python3.12/site-packages/pip/_vendor/msgpack/__init__.py -> runner/python/__init__.py
[2026-06-03 21:56:54.045690] 📦 Moved ./bd-king-r7/IT/bd-king-r7/powerhub/bd-king-r7 powerhub/orchestrator/.venv/lib/python3.12/site-packages/pip/_vendor/msgpack/exceptions.py -> runner/python/exceptions.py
[2026-06-03 21:56:54.046367] 📦 Moved ./bd-king-r7/IT/bd-king-r7/powerhub/bd-king-r7 powerhub/orchestrator/.venv/lib/python3.12/site-packages/pip/_vendor/msgpack/ext.py -> runner/python/ext.py
[2026-06-03 21:56:54.077520] 📦 Moved ./bd-king-r7/IT/bd-king-r7/powerhub/bd-king-r7 powerhub/orchestrator/.venv/lib/python3.12/site-packages/pip/_vendor/msgpack/fallback.py -> runner/python/fallback.py
[2026-06-03 21:56:54.078727] 📦 Moved ./bd-king-r7/IT/bd-king-r7/powerhub/bd-king-r7 powerhub/orchestrator/.venv/lib/python3.12/site-packages/pip/_vendor/packaging/__init__.py -> runner/python/__init__.py
[2026-06-03 21:56:54.079349] 📦 Moved ./bd-king-r7/IT/bd-king-r7/powerhub/bd-king-r7 powerhub/orchestrator/.venv/lib/python3.12/site-packages/pip/_vendor/packaging/_elffile.py -> runner/python/_elffile.py
[2026-06-03 21:56:54.079928] 📦 Moved ./bd-king-r7/IT/bd-king-r7/powerhub/bd-king-r7 powerhub/orchestrator/.venv/lib/python3.12/site-packages/pip/_vendor/packaging/_manylinux.py -> runner/python/_manylinux.py
[2026-06-03 21:56:54.080420] 📦 Moved ./bd-king-r7/IT/bd-king-r7/powerhub/bd-king-r7 powerhub/orchestrator/.venv/lib/python3.12/site-packages/pip/_vendor/packaging/_musllinux.py -> runner/python/_musllinux.py
[2026-06-03 21:56:54.080911] 📦 Moved ./bd-king-r7/IT/bd-king-r7/powerhub/bd-king-r7 powerhub/orchestrator/.venv/lib/python3.12/site-packages/pip/_vendor/packaging/_parser.py -> runner/python/_parser.py
[2026-06-03 21:56:54.081316] 📦 Moved ./bd-king-r7/IT/bd-king-r7/powerhub/bd-king-r7 powerhub/orchestrator/.venv/lib/python3.12/site-packages/pip/_vendor/packaging/_structures.py -> runner/python/_structures.py
[2026-06-03 21:56:54.081753] 📦 Moved ./bd-king-r7/IT/bd-king-r7/powerhub/bd-king-r7 powerhub/orchestrator/.venv/lib/python3.12/site-packages/pip/_vendor/packaging/_tokenizer.py -> runner/python/_tokenizer.py
[2026-06-03 21:56:54.082248] 📦 Moved ./bd-king-r7/IT/bd-king-r7/powerhub/bd-king-r7 powerhub/orchestrator/.venv/lib/python3.12/site-packages/pip/_vendor/packaging/markers.py -> runner/python/markers.py
[2026-06-03 21:56:54.082962] 📦 Moved ./bd-king-r7/IT/bd-king-r7/powerhub/bd-king-r7 powerhub/orchestrator/.venv/lib/python3.12/site-packages/pip/_vendor/packaging/metadata.py -> runner/python/metadata.py
[2026-06-03 21:56:54.083527] 📦 Moved ./bd-king-r7/IT/bd-king-r7/powerhub/bd-king-r7 powerhub/orchestrator/.venv/lib/python3.12/site-packages/pip/_vendor/packaging/requirements.py -> runner/python/requirements.py
[2026-06-03 21:56:54.084285] 📦 Moved ./bd-king-r7/IT/bd-king-r7/powerhub/bd-king-r7 powerhub/orchestrator/.venv/lib/python3.12/site-packages/pip/_vendor/packaging/specifiers.py -> runner/python/specifiers.py
[2026-06-03 21:56:54.084940] 📦 Moved ./bd-king-r7/IT/bd-king-r7/powerhub/bd-king-r7 powerhub/orchestrator/.venv/lib/python3.12/site-packages/pip/_vendor/packaging/tags.py -> runner/python/tags.py
[2026-06-03 21:56:54.085924] 📦 Moved ./bd-king-r7/IT/bd-king-r7/powerhub/bd-king-r7 powerhub/orchestrator/.venv/lib/python3.12/site-packages/pip/_vendor/packaging/utils.py -> runner/python/utils.py
[2026-06-03 21:56:54.086690] 📦 Moved ./bd-king-r7/IT/bd-king-r7/powerhub/bd-king-r7 powerhub/orchestrator/.venv/lib/python3.12/site-packages/pip/_vendor/packaging/version.py -> runner/python/version.py
[2026-06-03 21:56:54.087560] 📦 Moved ./bd-king-r7/IT/bd-king-r7/powerhub/bd-king-r7 powerhub/orchestrator/.venv/lib/python3.12/site-packages/pip/_vendor/packaging/licenses/__init__.py -> runner/python/__init__.py
[2026-06-03 21:56:54.088333] 📦 Moved ./bd-king-r7/IT/bd-king-r7/powerhub/bd-king-r7 powerhub/orchestrator/.venv/lib/python3.12/site-packages/pip/_vendor/packaging/licenses/_spdx.py -> runner/python/_spdx.py
[2026-06-03 21:56:54.090024] 📦 Moved ./bd-king-r7/IT/bd-king-r7/powerhub/bd-king-r7 powerhub/orchestrator/.venv/lib/python3.12/site-packages/pip/_vendor/pkg_resources/__init__.py -> runner/python/__init__.py
[2026-06-03 21:56:54.091005] 📦 Moved ./bd-king-r7/IT/bd-king-r7/powerhub/bd-king-r7 powerhub/orchestrator/.venv/lib/python3.12/site-packages/pip/_vendor/platformdirs/__init__.py -> runner/python/__init__.py
[2026-06-03 21:56:54.091532] 📦 Moved ./bd-king-r7/IT/bd-king-r7/powerhub/bd-king-r7 powerhub/orchestrator/.venv/lib/python3.12/site-packages/pip/_vendor/platformdirs/__main__.py -> runner/python/__main__.py
[2026-06-03 21:56:54.092006] 📦 Moved ./bd-king-r7/IT/bd-king-r7/powerhub/bd-king-r7 powerhub/orchestrator/.venv/lib/python3.12/site-packages/pip/_vendor/platformdirs/android.py -> runner/python/android.py
[2026-06-03 21:56:54.092607] 📦 Moved ./bd-king-r7/IT/bd-king-r7/powerhub/bd-king-r7 powerhub/orchestrator/.venv/lib/python3.12/site-packages/pip/_vendor/platformdirs/api.py -> runner/python/api.py
[2026-06-03 21:56:54.093047] 📦 Moved ./bd-king-r7/IT/bd-king-r7/powerhub/bd-king-r7 powerhub/orchestrator/.venv/lib/python3.12/site-packages/pip/_vendor/platformdirs/macos.py -> runner/python/macos.py
[2026-06-03 21:56:54.093486] 📦 Moved ./bd-king-r7/IT/bd-king-r7/powerhub/bd-king-r7 powerhub/orchestrator/.venv/lib/python3.12/site-packages/pip/_vendor/platformdirs/unix.py -> runner/python/unix.py
[2026-06-03 21:56:54.093905] 📦 Moved ./bd-king-r7/IT/bd-king-r7/powerhub/bd-king-r7 powerhub/orchestrator/.venv/lib/python3.12/site-packages/pip/_vendor/platformdirs/version.py -> runner/python/version.py
[2026-06-03 21:56:54.094311] 📦 Moved ./bd-king-r7/IT/bd-king-r7/powerhub/bd-king-r7 powerhub/orchestrator/.venv/lib/python3.12/site-packages/pip/_vendor/platformdirs/windows.py -> runner/python/windows.py
[2026-06-03 21:56:54.094987] 📦 Moved ./bd-king-r7/IT/bd-king-r7/powerhub/bd-king-r7 powerhub/orchestrator/.venv/lib/python3.12/site-packages/pip/_vendor/pygments/__init__.py -> runner/python/__init__.py
[2026-06-03 21:56:54.095361] 📦 Moved ./bd-king-r7/IT/bd-king-r7/powerhub/bd-king-r7 powerhub/orchestrator/.venv/lib/python3.12/site-packages/pip/_vendor/pygments/__main__.py -> runner/python/__main__.py
[2026-06-03 21:56:54.095690] 📦 Moved ./bd-king-r7/IT/bd-king-r7/powerhub/bd-king-r7 powerhub/orchestrator/.venv/lib/python3.12/site-packages/pip/_vendor/pygments/console.py -> runner/python/console.py
[2026-06-03 21:56:54.096010] 📦 Moved ./bd-king-r7/IT/bd-king-r7/powerhub/bd-king-r7 powerhub/orchestrator/.venv/lib/python3.12/site-packages/pip/_vendor/pygments/filter.py -> runner/python/filter.py
[2026-06-03 21:56:54.096390] 📦 Moved ./bd-king-r7/IT/bd-king-r7/powerhub/bd-king-r7 powerhub/orchestrator/.venv/lib/python3.12/site-packages/pip/_vendor/pygments/formatter.py -> runner/python/formatter.py
[2026-06-03 21:56:54.097095] 📦 Moved ./bd-king-r7/IT/bd-king-r7/powerhub/bd-king-r7 powerhub/orchestrator/.venv/lib/python3.12/site-packages/pip/_vendor/pygments/lexer.py -> runner/python/lexer.py
[2026-06-03 21:56:54.097443] 📦 Moved ./bd-king-r7/IT/bd-king-r7/powerhub/bd-king-r7 powerhub/orchestrator/.venv/lib/python3.12/site-packages/pip/_vendor/pygments/modeline.py -> runner/python/modeline.py
[2026-06-03 21:56:54.097789] 📦 Moved ./bd-king-r7/IT/bd-king-r7/powerhub/bd-king-r7 powerhub/orchestrator/.venv/lib/python3.12/site-packages/pip/_vendor/pygments/plugin.py -> runner/python/plugin.py
[2026-06-03 21:56:54.098130] 📦 Moved ./bd-king-r7/IT/bd-king-r7/powerhub/bd-king-r7 powerhub/orchestrator/.venv/lib/python3.12/site-packages/pip/_vendor/pygments/regexopt.py -> runner/python/regexopt.py
[2026-06-03 21:56:54.098575] 📦 Moved ./bd-king-r7/IT/bd-king-r7/powerhub/bd-king-r7 powerhub/orchestrator/.venv/lib/python3.12/site-packages/pip/_vendor/pygments/scanner.py -> runner/python/scanner.py
[2026-06-03 21:56:54.099047] 📦 Moved ./bd-king-r7/IT/bd-king-r7/powerhub/bd-king-r7 powerhub/orchestrator/.venv/lib/python3.12/site-packages/pip/_vendor/pygments/sphinxext.py -> runner/python/sphinxext.py
[2026-06-03 21:56:54.099431] 📦 Moved ./bd-king-r7/IT/bd-king-r7/powerhub/bd-king-r7 powerhub/orchestrator/.venv/lib/python3.12/site-packages/pip/_vendor/pygments/style.py -> runner/python/style.py
[2026-06-03 21:56:54.099805] 📦 Moved ./bd-king-r7/IT/bd-king-r7/powerhub/bd-king-r7 powerhub/orchestrator/.venv/lib/python3.12/site-packages/pip/_vendor/pygments/token.py -> runner/python/token.py
[2026-06-03 21:56:54.100561] 📦 Moved ./bd-king-r7/IT/bd-king-r7/powerhub/bd-king-r7 powerhub/orchestrator/.venv/lib/python3.12/site-packages/pip/_vendor/pygments/unistring.py -> runner/python/unistring.py
[2026-06-03 21:56:54.101228] 📦 Moved ./bd-king-r7/IT/bd-king-r7/powerhub/bd-king-r7 powerhub/orchestrator/.venv/lib/python3.12/site-packages/pip/_vendor/pygments/util.py -> runner/python/util.py
[2026-06-03 21:56:54.102408] 📦 Moved ./bd-king-r7/IT/bd-king-r7/powerhub/bd-king-r7 powerhub/orchestrator/.venv/lib/python3.12/site-packages/pip/_vendor/pygments/filters/__init__.py -> runner/python/__init__.py
[2026-06-03 21:56:54.103186] 📦 Moved ./bd-king-r7/IT/bd-king-r7/powerhub/bd-king-r7 powerhub/orchestrator/.venv/lib/python3.12/site-packages/pip/_vendor/pygments/formatters/__init__.py -> runner/python/__init__.py
[2026-06-03 21:56:54.103689] 📦 Moved ./bd-king-r7/IT/bd-king-r7/powerhub/bd-king-r7 powerhub/orchestrator/.venv/lib/python3.12/site-packages/pip/_vendor/pygments/formatters/_mapping.py -> runner/python/_mapping.py
[2026-06-03 21:56:54.104600] 📦 Moved ./bd-king-r7/IT/bd-king-r7/powerhub/bd-king-r7 powerhub/orchestrator/.venv/lib/python3.12/site-packages/pip/_vendor/pygments/lexers/__init__.py -> runner/python/__init__.py
[2026-06-03 21:56:54.105936] 📦 Moved ./bd-king-r7/IT/bd-king-r7/powerhub/bd-king-r7 powerhub/orchestrator/.venv/lib/python3.12/site-packages/pip/_vendor/pygments/lexers/_mapping.py -> runner/python/_mapping.py
[2026-06-03 21:56:54.106842] 📦 Moved ./bd-king-r7/IT/bd-king-r7/powerhub/bd-king-r7 powerhub/orchestrator/.venv/lib/python3.12/site-packages/pip/_vendor/pygments/lexers/python.py -> runner/python/python.py
[2026-06-03 21:56:54.107636] 📦 Moved ./bd-king-r7/IT/bd-king-r7/powerhub/bd-king-r7 powerhub/orchestrator/.venv/lib/python3.12/site-packages/pip/_vendor/pygments/styles/__init__.py -> runner/python/__init__.py
[2026-06-03 21:56:54.108291] 📦 Moved ./bd-king-r7/IT/bd-king-r7/powerhub/bd-king-r7 powerhub/orchestrator/.venv/lib/python3.12/site-packages/pip/_vendor/pygments/styles/_mapping.py -> runner/python/_mapping.py
[2026-06-03 21:56:54.108983] 📦 Moved ./bd-king-r7/IT/bd-king-r7/powerhub/bd-king-r7 powerhub/orchestrator/.venv/lib/python3.12/site-packages/pip/_vendor/pyproject_hooks/__init__.py -> runner/python/__init__.py
[2026-06-03 21:56:54.109527] 📦 Moved ./bd-king-r7/IT/bd-king-r7/powerhub/bd-king-r7 powerhub/orchestrator/.venv/lib/python3.12/site-packages/pip/_vendor/pyproject_hooks/_impl.py -> runner/python/_impl.py
[2026-06-03 21:56:54.110136] 📦 Moved ./bd-king-r7/IT/bd-king-r7/powerhub/bd-king-r7 powerhub/orchestrator/.venv/lib/python3.12/site-packages/pip/_vendor/pyproject_hooks/_in_process/__init__.py -> runner/python/__init__.py
[2026-06-03 21:56:54.110600] 📦 Moved ./bd-king-r7/IT/bd-king-r7/powerhub/bd-king-r7 powerhub/orchestrator/.venv/lib/python3.12/site-packages/pip/_vendor/pyproject_hooks/_in_process/_in_process.py -> runner/python/_in_process.py
[2026-06-03 21:56:54.111227] 📦 Moved ./bd-king-r7/IT/bd-king-r7/powerhub/bd-king-r7 powerhub/orchestrator/.venv/lib/python3.12/site-packages/pip/_vendor/requests/__init__.py -> runner/python/__init__.py
[2026-06-03 21:56:54.111564] 📦 Moved ./bd-king-r7/IT/bd-king-r7/powerhub/bd-king-r7 powerhub/orchestrator/.venv/lib/python3.12/site-packages/pip/_vendor/requests/__version__.py -> runner/python/__version__.py
[2026-06-03 21:56:54.111897] 📦 Moved ./bd-king-r7/IT/bd-king-r7/powerhub/bd-king-r7 powerhub/orchestrator/.venv/lib/python3.12/site-packages/pip/_vendor/requests/_internal_utils.py -> runner/python/_internal_utils.py
[2026-06-03 21:56:54.112502] 📦 Moved ./bd-king-r7/IT/bd-king-r7/powerhub/bd-king-r7 powerhub/orchestrator/.venv/lib/python3.12/site-packages/pip/_vendor/requests/adapters.py -> runner/python/adapters.py
[2026-06-03 21:56:54.112967] 📦 Moved ./bd-king-r7/IT/bd-king-r7/powerhub/bd-king-r7 powerhub/orchestrator/.venv/lib/python3.12/site-packages/pip/_vendor/requests/api.py -> runner/python/api.py
[2026-06-03 21:56:54.113440] 📦 Moved ./bd-king-r7/IT/bd-king-r7/powerhub/bd-king-r7 powerhub/orchestrator/.venv/lib/python3.12/site-packages/pip/_vendor/requests/auth.py -> runner/python/auth.py
[2026-06-03 21:56:54.113803] 📦 Moved ./bd-king-r7/IT/bd-king-r7/powerhub/bd-king-r7 powerhub/orchestrator/.venv/lib/python3.12/site-packages/pip/_vendor/requests/certs.py -> runner/python/certs.py
[2026-06-03 21:56:54.114228] 📦 Moved ./bd-king-r7/IT/bd-king-r7/powerhub/bd-king-r7 powerhub/orchestrator/.venv/lib/python3.12/site-packages/pip/_vendor/requests/compat.py -> runner/python/compat.py
[2026-06-03 21:56:54.114807] 📦 Moved ./bd-king-r7/IT/bd-king-r7/powerhub/bd-king-r7 powerhub/orchestrator/.venv/lib/python3.12/site-packages/pip/_vendor/requests/cookies.py -> runner/python/cookies.py
[2026-06-03 21:56:54.115351] 📦 Moved ./bd-king-r7/IT/bd-king-r7/powerhub/bd-king-r7 powerhub/orchestrator/.venv/lib/python3.12/site-packages/pip/_vendor/requests/exceptions.py -> runner/python/exceptions.py
[2026-06-03 21:56:54.115922] 📦 Moved ./bd-king-r7/IT/bd-king-r7/powerhub/bd-king-r7 powerhub/orchestrator/.venv/lib/python3.12/site-packages/pip/_vendor/requests/help.py -> runner/python/help.py
[2026-06-03 21:56:54.116379] 📦 Moved ./bd-king-r7/IT/bd-king-r7/powerhub/bd-king-r7 powerhub/orchestrator/.venv/lib/python3.12/site-packages/pip/_vendor/requests/hooks.py -> runner/python/hooks.py
[2026-06-03 21:56:54.117104] 📦 Moved ./bd-king-r7/IT/bd-king-r7/powerhub/bd-king-r7 powerhub/orchestrator/.venv/lib/python3.12/site-packages/pip/_vendor/requests/models.py -> runner/python/models.py
[2026-06-03 21:56:54.117561] 📦 Moved ./bd-king-r7/IT/bd-king-r7/powerhub/bd-king-r7 powerhub/orchestrator/.venv/lib/python3.12/site-packages/pip/_vendor/requests/packages.py -> runner/python/packages.py
[2026-06-03 21:56:54.118334] 📦 Moved ./bd-king-r7/IT/bd-king-r7/powerhub/bd-king-r7 powerhub/orchestrator/.venv/lib/python3.12/site-packages/pip/_vendor/requests/sessions.py -> runner/python/sessions.py
[2026-06-03 21:56:54.118960] 📦 Moved ./bd-king-r7/IT/bd-king-r7/powerhub/bd-king-r7 powerhub/orchestrator/.venv/lib/python3.12/site-packages/pip/_vendor/requests/status_codes.py -> runner/python/status_codes.py
[2026-06-03 21:56:54.119410] 📦 Moved ./bd-king-r7/IT/bd-king-r7/powerhub/bd-king-r7 powerhub/orchestrator/.venv/lib/python3.12/site-packages/pip/_vendor/requests/structures.py -> runner/python/structures.py
[2026-06-03 21:56:54.120155] 📦 Moved ./bd-king-r7/IT/bd-king-r7/powerhub/bd-king-r7 powerhub/orchestrator/.venv/lib/python3.12/site-packages/pip/_vendor/requests/utils.py -> runner/python/utils.py
[2026-06-03 21:56:54.121113] 📦 Moved ./bd-king-r7/IT/bd-king-r7/powerhub/bd-king-r7 powerhub/orchestrator/.venv/lib/python3.12/site-packages/pip/_vendor/resolvelib/__init__.py -> runner/python/__init__.py
[2026-06-03 21:56:54.121658] 📦 Moved ./bd-king-r7/IT/bd-king-r7/powerhub/bd-king-r7 powerhub/orchestrator/.venv/lib/python3.12/site-packages/pip/_vendor/resolvelib/providers.py -> runner/python/providers.py
[2026-06-03 21:56:54.122114] 📦 Moved ./bd-king-r7/IT/bd-king-r7/powerhub/bd-king-r7 powerhub/orchestrator/.venv/lib/python3.12/site-packages/pip/_vendor/resolvelib/reporters.py -> runner/python/reporters.py
[2026-06-03 21:56:54.122543] 📦 Moved ./bd-king-r7/IT/bd-king-r7/powerhub/bd-king-r7 powerhub/orchestrator/.venv/lib/python3.12/site-packages/pip/_vendor/resolvelib/structs.py -> runner/python/structs.py
[2026-06-03 21:56:54.123175] 📦 Moved ./bd-king-r7/IT/bd-king-r7/powerhub/bd-king-r7 powerhub/orchestrator/.venv/lib/python3.12/site-packages/pip/_vendor/resolvelib/resolvers/__init__.py -> runner/python/__init__.py
[2026-06-03 21:56:54.123585] 📦 Moved ./bd-king-r7/IT/bd-king-r7/powerhub/bd-king-r7 powerhub/orchestrator/.venv/lib/python3.12/site-packages/pip/_vendor/resolvelib/resolvers/abstract.py -> runner/python/abstract.py
[2026-06-03 21:56:54.123964] 📦 Moved ./bd-king-r7/IT/bd-king-r7/powerhub/bd-king-r7 powerhub/orchestrator/.venv/lib/python3.12/site-packages/pip/_vendor/resolvelib/resolvers/criterion.py -> runner/python/criterion.py
[2026-06-03 21:56:54.124480] 📦 Moved ./bd-king-r7/IT/bd-king-r7/powerhub/bd-king-r7 powerhub/orchestrator/.venv/lib/python3.12/site-packages/pip/_vendor/resolvelib/resolvers/exceptions.py -> runner/python/exceptions.py
[2026-06-03 21:56:54.125033] 📦 Moved ./bd-king-r7/IT/bd-king-r7/powerhub/bd-king-r7 powerhub/orchestrator/.venv/lib/python3.12/site-packages/pip/_vendor/resolvelib/resolvers/resolution.py -> runner/python/resolution.py
[2026-06-03 21:56:54.125939] 📦 Moved ./bd-king-r7/IT/bd-king-r7/powerhub/bd-king-r7 powerhub/orchestrator/.venv/lib/python3.12/site-packages/pip/_vendor/rich/__init__.py -> runner/python/__init__.py
[2026-06-03 21:56:54.126436] 📦 Moved ./bd-king-r7/IT/bd-king-r7/powerhub/bd-king-r7 powerhub/orchestrator/.venv/lib/python3.12/site-packages/pip/_vendor/rich/__main__.py -> runner/python/__main__.py
[2026-06-03 21:56:54.126845] 📦 Moved ./bd-king-r7/IT/bd-king-r7/powerhub/bd-king-r7 powerhub/orchestrator/.venv/lib/python3.12/site-packages/pip/_vendor/rich/_cell_widths.py -> runner/python/_cell_widths.py
[2026-06-03 21:56:54.129655] 📦 Moved ./bd-king-r7/IT/bd-king-r7/powerhub/bd-king-r7 powerhub/orchestrator/.venv/lib/python3.12/site-packages/pip/_vendor/rich/_emoji_codes.py -> runner/python/_emoji_codes.py
[2026-06-03 21:56:54.130433] 📦 Moved ./bd-king-r7/IT/bd-king-r7/powerhub/bd-king-r7 powerhub/orchestrator/.venv/lib/python3.12/site-packages/pip/_vendor/rich/_emoji_replace.py -> runner/python/_emoji_replace.py
[2026-06-03 21:56:54.131037] 📦 Moved ./bd-king-r7/IT/bd-king-r7/powerhub/bd-king-r7 powerhub/orchestrator/.venv/lib/python3.12/site-packages/pip/_vendor/rich/_export_format.py -> runner/python/_export_format.py
[2026-06-03 21:56:54.131545] 📦 Moved ./bd-king-r7/IT/bd-king-r7/powerhub/bd-king-r7 powerhub/orchestrator/.venv/lib/python3.12/site-packages/pip/_vendor/rich/_extension.py -> runner/python/_extension.py
[2026-06-03 21:56:54.131984] 📦 Moved ./bd-king-r7/IT/bd-king-r7/powerhub/bd-king-r7 powerhub/orchestrator/.venv/lib/python3.12/site-packages/pip/_vendor/rich/_fileno.py -> runner/python/_fileno.py
[2026-06-03 21:56:54.132537] 📦 Moved ./bd-king-r7/IT/bd-king-r7/powerhub/bd-king-r7 powerhub/orchestrator/.venv/lib/python3.12/site-packages/pip/_vendor/rich/_inspect.py -> runner/python/_inspect.py
[2026-06-03 21:56:54.132973] 📦 Moved ./bd-king-r7/IT/bd-king-r7/powerhub/bd-king-r7 powerhub/orchestrator/.venv/lib/python3.12/site-packages/pip/_vendor/rich/_log_render.py -> runner/python/_log_render.py
[2026-06-03 21:56:54.133370] 📦 Moved ./bd-king-r7/IT/bd-king-r7/powerhub/bd-king-r7 powerhub/orchestrator/.venv/lib/python3.12/site-packages/pip/_vendor/rich/_loop.py -> runner/python/_loop.py
[2026-06-03 21:56:54.133756] 📦 Moved ./bd-king-r7/IT/bd-king-r7/powerhub/bd-king-r7 powerhub/orchestrator/.venv/lib/python3.12/site-packages/pip/_vendor/rich/_null_file.py -> runner/python/_null_file.py
[2026-06-03 21:56:54.134180] 📦 Moved ./bd-king-r7/IT/bd-king-r7/powerhub/bd-king-r7 powerhub/orchestrator/.venv/lib/python3.12/site-packages/pip/_vendor/rich/_palettes.py -> runner/python/_palettes.py
[2026-06-03 21:56:54.134556] 📦 Moved ./bd-king-r7/IT/bd-king-r7/powerhub/bd-king-r7 powerhub/orchestrator/.venv/lib/python3.12/site-packages/pip/_vendor/rich/_pick.py -> runner/python/_pick.py
[2026-06-03 21:56:54.134981] 📦 Moved ./bd-king-r7/IT/bd-king-r7/powerhub/bd-king-r7 powerhub/orchestrator/.venv/lib/python3.12/site-packages/pip/_vendor/rich/_ratio.py -> runner/python/_ratio.py
[2026-06-03 21:56:54.135755] 📦 Moved ./bd-king-r7/IT/bd-king-r7/powerhub/bd-king-r7 powerhub/orchestrator/.venv/lib/python3.12/site-packages/pip/_vendor/rich/_spinners.py -> runner/python/_spinners.py
[2026-06-03 21:56:54.136248] 📦 Moved ./bd-king-r7/IT/bd-king-r7/powerhub/bd-king-r7 powerhub/orchestrator/.venv/lib/python3.12/site-packages/pip/_vendor/rich/_stack.py -> runner/python/_stack.py
[2026-06-03 21:56:54.136660] 📦 Moved ./bd-king-r7/IT/bd-king-r7/powerhub/bd-king-r7 powerhub/orchestrator/.venv/lib/python3.12/site-packages/pip/_vendor/rich/_timer.py -> runner/python/_timer.py
[2026-06-03 21:56:54.137208] 📦 Moved ./bd-king-r7/IT/bd-king-r7/powerhub/bd-king-r7 powerhub/orchestrator/.venv/lib/python3.12/site-packages/pip/_vendor/rich/_win32_console.py -> runner/python/_win32_console.py
[2026-06-03 21:56:54.137623] 📦 Moved ./bd-king-r7/IT/bd-king-r7/powerhub/bd-king-r7 powerhub/orchestrator/.venv/lib/python3.12/site-packages/pip/_vendor/rich/_windows.py -> runner/python/_windows.py
[2026-06-03 21:56:54.138010] 📦 Moved ./bd-king-r7/IT/bd-king-r7/powerhub/bd-king-r7 powerhub/orchestrator/.venv/lib/python3.12/site-packages/pip/_vendor/rich/_windows_renderer.py -> runner/python/_windows_renderer.py
[2026-06-03 21:56:54.138417] 📦 Moved ./bd-king-r7/IT/bd-king-r7/powerhub/bd-king-r7 powerhub/orchestrator/.venv/lib/python3.12/site-packages/pip/_vendor/rich/_wrap.py -> runner/python/_wrap.py
[2026-06-03 21:56:54.138848] 📦 Moved ./bd-king-r7/IT/bd-king-r7/powerhub/bd-king-r7 powerhub/orchestrator/.venv/lib/python3.12/site-packages/pip/_vendor/rich/abc.py -> runner/python/abc.py
[2026-06-03 21:56:54.139280] 📦 Moved ./bd-king-r7/IT/bd-king-r7/powerhub/bd-king-r7 powerhub/orchestrator/.venv/lib/python3.12/site-packages/pip/_vendor/rich/align.py -> runner/python/align.py
[2026-06-03 21:56:54.139710] 📦 Moved ./bd-king-r7/IT/bd-king-r7/powerhub/bd-king-r7 powerhub/orchestrator/.venv/lib/python3.12/site-packages/pip/_vendor/rich/ansi.py -> runner/python/ansi.py
[2026-06-03 21:56:54.140117] 📦 Moved ./bd-king-r7/IT/bd-king-r7/powerhub/bd-king-r7 powerhub/orchestrator/.venv/lib/python3.12/site-packages/pip/_vendor/rich/bar.py -> runner/python/bar.py
[2026-06-03 21:56:54.140616] 📦 Moved ./bd-king-r7/IT/bd-king-r7/powerhub/bd-king-r7 powerhub/orchestrator/.venv/lib/python3.12/site-packages/pip/_vendor/rich/box.py -> runner/python/box.py
[2026-06-03 21:56:54.141068] 📦 Moved ./bd-king-r7/IT/bd-king-r7/powerhub/bd-king-r7 powerhub/orchestrator/.venv/lib/python3.12/site-packages/pip/_vendor/rich/cells.py -> runner/python/cells.py
[2026-06-03 21:56:54.141576] 📦 Moved ./bd-king-r7/IT/bd-king-r7/powerhub/bd-king-r7 powerhub/orchestrator/.venv/lib/python3.12/site-packages/pip/_vendor/rich/color.py -> runner/python/color.py
[2026-06-03 21:56:54.141916] 📦 Moved ./bd-king-r7/IT/bd-king-r7/powerhub/bd-king-r7 powerhub/orchestrator/.venv/lib/python3.12/site-packages/pip/_vendor/rich/color_triplet.py -> runner/python/color_triplet.py
[2026-06-03 21:56:54.142279] 📦 Moved ./bd-king-r7/IT/bd-king-r7/powerhub/bd-king-r7 powerhub/orchestrator/.venv/lib/python3.12/site-packages/pip/_vendor/rich/columns.py -> runner/python/columns.py
[2026-06-03 21:56:54.143483] 📦 Moved ./bd-king-r7/IT/bd-king-r7/powerhub/bd-king-r7 powerhub/orchestrator/.venv/lib/python3.12/site-packages/pip/_vendor/rich/console.py -> runner/python/console.py
[2026-06-03 21:56:54.143923] 📦 Moved ./bd-king-r7/IT/bd-king-r7/powerhub/bd-king-r7 powerhub/orchestrator/.venv/lib/python3.12/site-packages/pip/_vendor/rich/constrain.py -> runner/python/constrain.py
[2026-06-03 21:56:54.144406] 📦 Moved ./bd-king-r7/IT/bd-king-r7/powerhub/bd-king-r7 powerhub/orchestrator/.venv/lib/python3.12/site-packages/pip/_vendor/rich/containers.py -> runner/python/containers.py
[2026-06-03 21:56:54.144889] 📦 Moved ./bd-king-r7/IT/bd-king-r7/powerhub/bd-king-r7 powerhub/orchestrator/.venv/lib/python3.12/site-packages/pip/_vendor/rich/control.py -> runner/python/control.py
[2026-06-03 21:56:54.145315] 📦 Moved ./bd-king-r7/IT/bd-king-r7/powerhub/bd-king-r7 powerhub/orchestrator/.venv/lib/python3.12/site-packages/pip/_vendor/rich/default_styles.py -> runner/python/default_styles.py
[2026-06-03 21:56:54.145697] 📦 Moved ./bd-king-r7/IT/bd-king-r7/powerhub/bd-king-r7 powerhub/orchestrator/.venv/lib/python3.12/site-packages/pip/_vendor/rich/diagnose.py -> runner/python/diagnose.py
[2026-06-03 21:56:54.146026] 📦 Moved ./bd-king-r7/IT/bd-king-r7/powerhub/bd-king-r7 powerhub/orchestrator/.venv/lib/python3.12/site-packages/pip/_vendor/rich/emoji.py -> runner/python/emoji.py
[2026-06-03 21:56:54.146436] 📦 Moved ./bd-king-r7/IT/bd-king-r7/powerhub/bd-king-r7 powerhub/orchestrator/.venv/lib/python3.12/site-packages/pip/_vendor/rich/errors.py -> runner/python/errors.py
[2026-06-03 21:56:54.146762] 📦 Moved ./bd-king-r7/IT/bd-king-r7/powerhub/bd-king-r7 powerhub/orchestrator/.venv/lib/python3.12/site-packages/pip/_vendor/rich/file_proxy.py -> runner/python/file_proxy.py
[2026-06-03 21:56:54.147074] 📦 Moved ./bd-king-r7/IT/bd-king-r7/powerhub/bd-king-r7 powerhub/orchestrator/.venv/lib/python3.12/site-packages/pip/_vendor/rich/filesize.py -> runner/python/filesize.py
[2026-06-03 21:56:54.147431] 📦 Moved ./bd-king-r7/IT/bd-king-r7/powerhub/bd-king-r7 powerhub/orchestrator/.venv/lib/python3.12/site-packages/pip/_vendor/rich/highlighter.py -> runner/python/highlighter.py
[2026-06-03 21:56:54.147748] 📦 Moved ./bd-king-r7/IT/bd-king-r7/powerhub/bd-king-r7 powerhub/orchestrator/.venv/lib/python3.12/site-packages/pip/_vendor/rich/json.py -> runner/python/json.py
[2026-06-03 21:56:54.148164] 📦 Moved ./bd-king-r7/IT/bd-king-r7/powerhub/bd-king-r7 powerhub/orchestrator/.venv/lib/python3.12/site-packages/pip/_vendor/rich/jupyter.py -> runner/python/jupyter.py
[2026-06-03 21:56:54.148799] 📦 Moved ./bd-king-r7/IT/bd-king-r7/powerhub/bd-king-r7 powerhub/orchestrator/.venv/lib/python3.12/site-packages/pip/_vendor/rich/layout.py -> runner/python/layout.py
[2026-06-03 21:56:54.149294] 📦 Moved ./bd-king-r7/IT/bd-king-r7/powerhub/bd-king-r7 powerhub/orchestrator/.venv/lib/python3.12/site-packages/pip/_vendor/rich/live.py -> runner/python/live.py
[2026-06-03 21:56:54.149705] 📦 Moved ./bd-king-r7/IT/bd-king-r7/powerhub/bd-king-r7 powerhub/orchestrator/.venv/lib/python3.12/site-packages/pip/_vendor/rich/live_render.py -> runner/python/live_render.py
[2026-06-03 21:56:54.150242] 📦 Moved ./bd-king-r7/IT/bd-king-r7/powerhub/bd-king-r7 powerhub/orchestrator/.venv/lib/python3.12/site-packages/pip/_vendor/rich/logging.py -> runner/python/logging.py
[2026-06-03 21:56:54.150679] 📦 Moved ./bd-king-r7/IT/bd-king-r7/powerhub/bd-king-r7 powerhub/orchestrator/.venv/lib/python3.12/site-packages/pip/_vendor/rich/markup.py -> runner/python/markup.py
[2026-06-03 21:56:54.151081] 📦 Moved ./bd-king-r7/IT/bd-king-r7/powerhub/bd-king-r7 powerhub/orchestrator/.venv/lib/python3.12/site-packages/pip/_vendor/rich/measure.py -> runner/python/measure.py
[2026-06-03 21:56:54.151471] 📦 Moved ./bd-king-r7/IT/bd-king-r7/powerhub/bd-king-r7 powerhub/orchestrator/.venv/lib/python3.12/site-packages/pip/_vendor/rich/padding.py -> runner/python/padding.py
[2026-06-03 21:56:54.151832] 📦 Moved ./bd-king-r7/IT/bd-king-r7/powerhub/bd-king-r7 powerhub/orchestrator/.venv/lib/python3.12/site-packages/pip/_vendor/rich/pager.py -> runner/python/pager.py
[2026-06-03 21:56:54.152257] 📦 Moved ./bd-king-r7/IT/bd-king-r7/powerhub/bd-king-r7 powerhub/orchestrator/.venv/lib/python3.12/site-packages/pip/_vendor/rich/palette.py -> runner/python/palette.py
[2026-06-03 21:56:54.152726] 📦 Moved ./bd-king-r7/IT/bd-king-r7/powerhub/bd-king-r7 powerhub/orchestrator/.venv/lib/python3.12/site-packages/pip/_vendor/rich/panel.py -> runner/python/panel.py
[2026-06-03 21:56:54.153316] 📦 Moved ./bd-king-r7/IT/bd-king-r7/powerhub/bd-king-r7 powerhub/orchestrator/.venv/lib/python3.12/site-packages/pip/_vendor/rich/pretty.py -> runner/python/pretty.py
[2026-06-03 21:56:54.154251] 📦 Moved ./bd-king-r7/IT/bd-king-r7/powerhub/bd-king-r7 powerhub/orchestrator/.venv/lib/python3.12/site-packages/pip/_vendor/rich/progress.py -> runner/python/progress.py
[2026-06-03 21:56:54.154843] 📦 Moved ./bd-king-r7/IT/bd-king-r7/powerhub/bd-king-r7 powerhub/orchestrator/.venv/lib/python3.12/site-packages/pip/_vendor/rich/progress_bar.py -> runner/python/progress_bar.py
[2026-06-03 21:56:54.155335] 📦 Moved ./bd-king-r7/IT/bd-king-r7/powerhub/bd-king-r7 powerhub/orchestrator/.venv/lib/python3.12/site-packages/pip/_vendor/rich/prompt.py -> runner/python/prompt.py
[2026-06-03 21:56:54.155722] 📦 Moved ./bd-king-r7/IT/bd-king-r7/powerhub/bd-king-r7 powerhub/orchestrator/.venv/lib/python3.12/site-packages/pip/_vendor/rich/protocol.py -> runner/python/protocol.py
[2026-06-03 21:56:54.156109] 📦 Moved ./bd-king-r7/IT/bd-king-r7/powerhub/bd-king-r7 powerhub/orchestrator/.venv/lib/python3.12/site-packages/pip/_vendor/rich/region.py -> runner/python/region.py
[2026-06-03 21:56:54.156525] 📦 Moved ./bd-king-r7/IT/bd-king-r7/powerhub/bd-king-r7 powerhub/orchestrator/.venv/lib/python3.12/site-packages/pip/_vendor/rich/repr.py -> runner/python/repr.py
[2026-06-03 21:56:54.156926] 📦 Moved ./bd-king-r7/IT/bd-king-r7/powerhub/bd-king-r7 powerhub/orchestrator/.venv/lib/python3.12/site-packages/pip/_vendor/rich/rule.py -> runner/python/rule.py
[2026-06-03 21:56:54.157294] 📦 Moved ./bd-king-r7/IT/bd-king-r7/powerhub/bd-king-r7 powerhub/orchestrator/.venv/lib/python3.12/site-packages/pip/_vendor/rich/scope.py -> runner/python/scope.py
[2026-06-03 21:56:54.157637] 📦 Moved ./bd-king-r7/IT/bd-king-r7/powerhub/bd-king-r7 powerhub/orchestrator/.venv/lib/python3.12/site-packages/pip/_vendor/rich/screen.py -> runner/python/screen.py
[2026-06-03 21:56:54.158193] 📦 Moved ./bd-king-r7/IT/bd-king-r7/powerhub/bd-king-r7 powerhub/orchestrator/.venv/lib/python3.12/site-packages/pip/_vendor/rich/segment.py -> runner/python/segment.py
[2026-06-03 21:56:54.158578] 📦 Moved ./bd-king-r7/IT/bd-king-r7/powerhub/bd-king-r7 powerhub/orchestrator/.venv/lib/python3.12/site-packages/pip/_vendor/rich/spinner.py -> runner/python/spinner.py
[2026-06-03 21:56:54.158950] 📦 Moved ./bd-king-r7/IT/bd-king-r7/powerhub/bd-king-r7 powerhub/orchestrator/.venv/lib/python3.12/site-packages/pip/_vendor/rich/status.py -> runner/python/status.py
[2026-06-03 21:56:54.159595] 📦 Moved ./bd-king-r7/IT/bd-king-r7/powerhub/bd-king-r7 powerhub/orchestrator/.venv/lib/python3.12/site-packages/pip/_vendor/rich/style.py -> runner/python/style.py
[2026-06-03 21:56:54.159991] 📦 Moved ./bd-king-r7/IT/bd-king-r7/powerhub/bd-king-r7 powerhub/orchestrator/.venv/lib/python3.12/site-packages/pip/_vendor/rich/styled.py -> runner/python/styled.py
[2026-06-03 21:56:54.160693] 📦 Moved ./bd-king-r7/IT/bd-king-r7/powerhub/bd-king-r7 powerhub/orchestrator/.venv/lib/python3.12/site-packages/pip/_vendor/rich/syntax.py -> runner/python/syntax.py
[2026-06-03 21:56:54.161287] 📦 Moved ./bd-king-r7/IT/bd-king-r7/powerhub/bd-king-r7 powerhub/orchestrator/.venv/lib/python3.12/site-packages/pip/_vendor/rich/table.py -> runner/python/table.py
[2026-06-03 21:56:54.161648] 📦 Moved ./bd-king-r7/IT/bd-king-r7/powerhub/bd-king-r7 powerhub/orchestrator/.venv/lib/python3.12/site-packages/pip/_vendor/rich/terminal_theme.py -> runner/python/terminal_theme.py
[2026-06-03 21:56:54.162354] 📦 Moved ./bd-king-r7/IT/bd-king-r7/powerhub/bd-king-r7 powerhub/orchestrator/.venv/lib/python3.12/site-packages/pip/_vendor/rich/text.py -> runner/python/text.py
[2026-06-03 21:56:54.162731] 📦 Moved ./bd-king-r7/IT/bd-king-r7/powerhub/bd-king-r7 powerhub/orchestrator/.venv/lib/python3.12/site-packages/pip/_vendor/rich/theme.py -> runner/python/theme.py
[2026-06-03 21:56:54.163052] 📦 Moved ./bd-king-r7/IT/bd-king-r7/powerhub/bd-king-r7 powerhub/orchestrator/.venv/lib/python3.12/site-packages/pip/_vendor/rich/themes.py -> runner/python/themes.py
[2026-06-03 21:56:54.163673] 📦 Moved ./bd-king-r7/IT/bd-king-r7/powerhub/bd-king-r7 powerhub/orchestrator/.venv/lib/python3.12/site-packages/pip/_vendor/rich/traceback.py -> runner/python/traceback.py
[2026-06-03 21:56:54.164196] 📦 Moved ./bd-king-r7/IT/bd-king-r7/powerhub/bd-king-r7 powerhub/orchestrator/.venv/lib/python3.12/site-packages/pip/_vendor/rich/tree.py -> runner/python/tree.py
[2026-06-03 21:56:54.165501] 📦 Moved ./bd-king-r7/IT/bd-king-r7/powerhub/bd-king-r7 powerhub/orchestrator/.venv/lib/python3.12/site-packages/pip/_vendor/tomli/__init__.py -> runner/python/__init__.py
[2026-06-03 21:56:54.166361] 📦 Moved ./bd-king-r7/IT/bd-king-r7/powerhub/bd-king-r7 powerhub/orchestrator/.venv/lib/python3.12/site-packages/pip/_vendor/tomli/_parser.py -> runner/python/_parser.py
[2026-06-03 21:56:54.166863] 📦 Moved ./bd-king-r7/IT/bd-king-r7/powerhub/bd-king-r7 powerhub/orchestrator/.venv/lib/python3.12/site-packages/pip/_vendor/tomli/_re.py -> runner/python/_re.py
[2026-06-03 21:56:54.167283] 📦 Moved ./bd-king-r7/IT/bd-king-r7/powerhub/bd-king-r7 powerhub/orchestrator/.venv/lib/python3.12/site-packages/pip/_vendor/tomli/_types.py -> runner/python/_types.py
[2026-06-03 21:56:54.167956] 📦 Moved ./bd-king-r7/IT/bd-king-r7/powerhub/bd-king-r7 powerhub/orchestrator/.venv/lib/python3.12/site-packages/pip/_vendor/tomli_w/__init__.py -> runner/python/__init__.py
[2026-06-03 21:56:54.168538] 📦 Moved ./bd-king-r7/IT/bd-king-r7/powerhub/bd-king-r7 powerhub/orchestrator/.venv/lib/python3.12/site-packages/pip/_vendor/tomli_w/_writer.py -> runner/python/_writer.py
[2026-06-03 21:56:54.169343] 📦 Moved ./bd-king-r7/IT/bd-king-r7/powerhub/bd-king-r7 powerhub/orchestrator/.venv/lib/python3.12/site-packages/pip/_vendor/truststore/__init__.py -> runner/python/__init__.py
[2026-06-03 21:56:54.169889] 📦 Moved ./bd-king-r7/IT/bd-king-r7/powerhub/bd-king-r7 powerhub/orchestrator/.venv/lib/python3.12/site-packages/pip/_vendor/truststore/_api.py -> runner/python/_api.py
[2026-06-03 21:56:54.170484] 📦 Moved ./bd-king-r7/IT/bd-king-r7/powerhub/bd-king-r7 powerhub/orchestrator/.venv/lib/python3.12/site-packages/pip/_vendor/truststore/_macos.py -> runner/python/_macos.py
[2026-06-03 21:56:54.170958] 📦 Moved ./bd-king-r7/IT/bd-king-r7/powerhub/bd-king-r7 powerhub/orchestrator/.venv/lib/python3.12/site-packages/pip/_vendor/truststore/_openssl.py -> runner/python/_openssl.py
[2026-06-03 21:56:54.171348] 📦 Moved ./bd-king-r7/IT/bd-king-r7/powerhub/bd-king-r7 powerhub/orchestrator/.venv/lib/python3.12/site-packages/pip/_vendor/truststore/_ssl_constants.py -> runner/python/_ssl_constants.py
[2026-06-03 21:56:54.171947] 📦 Moved ./bd-king-r7/IT/bd-king-r7/powerhub/bd-king-r7 powerhub/orchestrator/.venv/lib/python3.12/site-packages/pip/_vendor/truststore/_windows.py -> runner/python/_windows.py
[2026-06-03 21:56:54.172728] 📦 Moved ./bd-king-r7/IT/bd-king-r7/powerhub/bd-king-r7 powerhub/orchestrator/.venv/lib/python3.12/site-packages/pip/_vendor/urllib3/__init__.py -> runner/python/__init__.py
[2026-06-03 21:56:54.173283] 📦 Moved ./bd-king-r7/IT/bd-king-r7/powerhub/bd-king-r7 powerhub/orchestrator/.venv/lib/python3.12/site-packages/pip/_vendor/urllib3/_collections.py -> runner/python/_collections.py
[2026-06-03 21:56:54.173693] 📦 Moved ./bd-king-r7/IT/bd-king-r7/powerhub/bd-king-r7 powerhub/orchestrator/.venv/lib/python3.12/site-packages/pip/_vendor/urllib3/_version.py -> runner/python/_version.py
[2026-06-03 21:56:54.174248] 📦 Moved ./bd-king-r7/IT/bd-king-r7/powerhub/bd-king-r7 powerhub/orchestrator/.venv/lib/python3.12/site-packages/pip/_vendor/urllib3/connection.py -> runner/python/connection.py
[2026-06-03 21:56:54.174959] 📦 Moved ./bd-king-r7/IT/bd-king-r7/powerhub/bd-king-r7 powerhub/orchestrator/.venv/lib/python3.12/site-packages/pip/_vendor/urllib3/connectionpool.py -> runner/python/connectionpool.py
[2026-06-03 21:56:54.175586] 📦 Moved ./bd-king-r7/IT/bd-king-r7/powerhub/bd-king-r7 powerhub/orchestrator/.venv/lib/python3.12/site-packages/pip/_vendor/urllib3/exceptions.py -> runner/python/exceptions.py
[2026-06-03 21:56:54.176120] 📦 Moved ./bd-king-r7/IT/bd-king-r7/powerhub/bd-king-r7 powerhub/orchestrator/.venv/lib/python3.12/site-packages/pip/_vendor/urllib3/fields.py -> runner/python/fields.py
[2026-06-03 21:56:54.176566] 📦 Moved ./bd-king-r7/IT/bd-king-r7/powerhub/bd-king-r7 powerhub/orchestrator/.venv/lib/python3.12/site-packages/pip/_vendor/urllib3/filepost.py -> runner/python/filepost.py
[2026-06-03 21:56:54.177117] 📦 Moved ./bd-king-r7/IT/bd-king-r7/powerhub/bd-king-r7 powerhub/orchestrator/.venv/lib/python3.12/site-packages/pip/_vendor/urllib3/poolmanager.py -> runner/python/poolmanager.py
[2026-06-03 21:56:54.177535] 📦 Moved ./bd-king-r7/IT/bd-king-r7/powerhub/bd-king-r7 powerhub/orchestrator/.venv/lib/python3.12/site-packages/pip/_vendor/urllib3/request.py -> runner/python/request.py
[2026-06-03 21:56:54.178073] 📦 Moved ./bd-king-r7/IT/bd-king-r7/powerhub/bd-king-r7 powerhub/orchestrator/.venv/lib/python3.12/site-packages/pip/_vendor/urllib3/response.py -> runner/python/response.py
[2026-06-03 21:56:54.178765] 📦 Moved ./bd-king-r7/IT/bd-king-r7/powerhub/bd-king-r7 powerhub/orchestrator/.venv/lib/python3.12/site-packages/pip/_vendor/urllib3/contrib/__init__.py -> runner/python/__init__.py
[2026-06-03 21:56:54.179137] 📦 Moved ./bd-king-r7/IT/bd-king-r7/powerhub/bd-king-r7 powerhub/orchestrator/.venv/lib/python3.12/site-packages/pip/_vendor/urllib3/contrib/_appengine_environ.py -> runner/python/_appengine_environ.py
[2026-06-03 21:56:54.179549] 📦 Moved ./bd-king-r7/IT/bd-king-r7/powerhub/bd-king-r7 powerhub/orchestrator/.venv/lib/python3.12/site-packages/pip/_vendor/urllib3/contrib/appengine.py -> runner/python/appengine.py
[2026-06-03 21:56:54.179892] 📦 Moved ./bd-king-r7/IT/bd-king-r7/powerhub/bd-king-r7 powerhub/orchestrator/.venv/lib/python3.12/site-packages/pip/_vendor/urllib3/contrib/ntlmpool.py -> runner/python/ntlmpool.py
[2026-06-03 21:56:54.180398] 📦 Moved ./bd-king-r7/IT/bd-king-r7/powerhub/bd-king-r7 powerhub/orchestrator/.venv/lib/python3.12/site-packages/pip/_vendor/urllib3/contrib/pyopenssl.py -> runner/python/pyopenssl.py
[2026-06-03 21:56:54.180952] 📦 Moved ./bd-king-r7/IT/bd-king-r7/powerhub/bd-king-r7 powerhub/orchestrator/.venv/lib/python3.12/site-packages/pip/_vendor/urllib3/contrib/securetransport.py -> runner/python/securetransport.py
[2026-06-03 21:56:54.181374] 📦 Moved ./bd-king-r7/IT/bd-king-r7/powerhub/bd-king-r7 powerhub/orchestrator/.venv/lib/python3.12/site-packages/pip/_vendor/urllib3/contrib/socks.py -> runner/python/socks.py
[2026-06-03 21:56:54.182074] 📦 Moved ./bd-king-r7/IT/bd-king-r7/powerhub/bd-king-r7 powerhub/orchestrator/.venv/lib/python3.12/site-packages/pip/_vendor/urllib3/contrib/_securetransport/__init__.py -> runner/python/__init__.py
[2026-06-03 21:56:54.182612] 📦 Moved ./bd-king-r7/IT/bd-king-r7/powerhub/bd-king-r7 powerhub/orchestrator/.venv/lib/python3.12/site-packages/pip/_vendor/urllib3/contrib/_securetransport/bindings.py -> runner/python/bindings.py
[2026-06-03 21:56:54.183102] 📦 Moved ./bd-king-r7/IT/bd-king-r7/powerhub/bd-king-r7 powerhub/orchestrator/.venv/lib/python3.12/site-packages/pip/_vendor/urllib3/contrib/_securetransport/low_level.py -> runner/python/low_level.py
[2026-06-03 21:56:54.183755] 📦 Moved ./bd-king-r7/IT/bd-king-r7/powerhub/bd-king-r7 powerhub/orchestrator/.venv/lib/python3.12/site-packages/pip/_vendor/urllib3/packages/__init__.py -> runner/python/__init__.py
[2026-06-03 21:56:54.184459] 📦 Moved ./bd-king-r7/IT/bd-king-r7/powerhub/bd-king-r7 powerhub/orchestrator/.venv/lib/python3.12/site-packages/pip/_vendor/urllib3/packages/six.py -> runner/python/six.py
[2026-06-03 21:56:54.185192] 📦 Moved ./bd-king-r7/IT/bd-king-r7/powerhub/bd-king-r7 powerhub/orchestrator/.venv/lib/python3.12/site-packages/pip/_vendor/urllib3/packages/backports/__init__.py -> runner/python/__init__.py
[2026-06-03 21:56:54.185709] 📦 Moved ./bd-king-r7/IT/bd-king-r7/powerhub/bd-king-r7 powerhub/orchestrator/.venv/lib/python3.12/site-packages/pip/_vendor/urllib3/packages/backports/makefile.py -> runner/python/makefile.py
[2026-06-03 21:56:54.186193] 📦 Moved ./bd-king-r7/IT/bd-king-r7/powerhub/bd-king-r7 powerhub/orchestrator/.venv/lib/python3.12/site-packages/pip/_vendor/urllib3/packages/backports/weakref_finalize.py -> runner/python/weakref_finalize.py
[2026-06-03 21:56:54.186879] 📦 Moved ./bd-king-r7/IT/bd-king-r7/powerhub/bd-king-r7 powerhub/orchestrator/.venv/lib/python3.12/site-packages/pip/_vendor/urllib3/util/__init__.py -> runner/python/__init__.py
[2026-06-03 21:56:54.187437] 📦 Moved ./bd-king-r7/IT/bd-king-r7/powerhub/bd-king-r7 powerhub/orchestrator/.venv/lib/python3.12/site-packages/pip/_vendor/urllib3/util/connection.py -> runner/python/connection.py
[2026-06-03 21:56:54.187876] 📦 Moved ./bd-king-r7/IT/bd-king-r7/powerhub/bd-king-r7 powerhub/orchestrator/.venv/lib/python3.12/site-packages/pip/_vendor/urllib3/util/proxy.py -> runner/python/proxy.py
[2026-06-03 21:56:54.188395] 📦 Moved ./bd-king-r7/IT/bd-king-r7/powerhub/bd-king-r7 powerhub/orchestrator/.venv/lib/python3.12/site-packages/pip/_vendor/urllib3/util/queue.py -> runner/python/queue.py
[2026-06-03 21:56:54.188958] 📦 Moved ./bd-king-r7/IT/bd-king-r7/powerhub/bd-king-r7 powerhub/orchestrator/.venv/lib/python3.12/site-packages/pip/_vendor/urllib3/util/request.py -> runner/python/request.py
[2026-06-03 21:56:54.189439] 📦 Moved ./bd-king-r7/IT/bd-king-r7/powerhub/bd-king-r7 powerhub/orchestrator/.venv/lib/python3.12/site-packages/pip/_vendor/urllib3/util/response.py -> runner/python/response.py
[2026-06-03 21:56:54.190031] 📦 Moved ./bd-king-r7/IT/bd-king-r7/powerhub/bd-king-r7 powerhub/orchestrator/.venv/lib/python3.12/site-packages/pip/_vendor/urllib3/util/retry.py -> runner/python/retry.py
[2026-06-03 21:56:54.190585] 📦 Moved ./bd-king-r7/IT/bd-king-r7/powerhub/bd-king-r7 powerhub/orchestrator/.venv/lib/python3.12/site-packages/pip/_vendor/urllib3/util/ssl_.py -> runner/python/ssl_.py
[2026-06-03 21:56:54.190990] 📦 Moved ./bd-king-r7/IT/bd-king-r7/powerhub/bd-king-r7 powerhub/orchestrator/.venv/lib/python3.12/site-packages/pip/_vendor/urllib3/util/ssl_match_hostname.py -> runner/python/ssl_match_hostname.py
[2026-06-03 21:56:54.191384] 📦 Moved ./bd-king-r7/IT/bd-king-r7/powerhub/bd-king-r7 powerhub/orchestrator/.venv/lib/python3.12/site-packages/pip/_vendor/urllib3/util/ssltransport.py -> runner/python/ssltransport.py
[2026-06-03 21:56:54.191775] 📦 Moved ./bd-king-r7/IT/bd-king-r7/powerhub/bd-king-r7 powerhub/orchestrator/.venv/lib/python3.12/site-packages/pip/_vendor/urllib3/util/timeout.py -> runner/python/timeout.py
[2026-06-03 21:56:54.192240] 📦 Moved ./bd-king-r7/IT/bd-king-r7/powerhub/bd-king-r7 powerhub/orchestrator/.venv/lib/python3.12/site-packages/pip/_vendor/urllib3/util/url.py -> runner/python/url.py
[2026-06-03 21:56:54.192612] 📦 Moved ./bd-king-r7/IT/bd-king-r7/powerhub/bd-king-r7 powerhub/orchestrator/.venv/lib/python3.12/site-packages/pip/_vendor/urllib3/util/wait.py -> runner/python/wait.py
[2026-06-03 21:56:54.194316] 📦 Moved ./bd-king-r7/IT/bd-king-r7/powerhub/bd-king-r7 powerhub/orchestrator/.venv/lib/python3.12/site-packages/pkg_resources/__init__.py -> runner/python/__init__.py
[2026-06-03 21:56:54.195162] 📦 Moved ./bd-king-r7/IT/bd-king-r7/powerhub/bd-king-r7 powerhub/orchestrator/.venv/lib/python3.12/site-packages/pkg_resources/tests/__init__.py -> runner/python/__init__.py
[2026-06-03 21:56:54.195668] 📦 Moved ./bd-king-r7/IT/bd-king-r7/powerhub/bd-king-r7 powerhub/orchestrator/.venv/lib/python3.12/site-packages/pkg_resources/tests/test_find_distributions.py -> runner/python/test_find_distributions.py
[2026-06-03 21:56:54.196102] 📦 Moved ./bd-king-r7/IT/bd-king-r7/powerhub/bd-king-r7 powerhub/orchestrator/.venv/lib/python3.12/site-packages/pkg_resources/tests/test_integration_zope_interface.py -> runner/python/test_integration_zope_interface.py
[2026-06-03 21:56:54.196476] 📦 Moved ./bd-king-r7/IT/bd-king-r7/powerhub/bd-king-r7 powerhub/orchestrator/.venv/lib/python3.12/site-packages/pkg_resources/tests/test_markers.py -> runner/python/test_markers.py
[2026-06-03 21:56:54.197014] 📦 Moved ./bd-king-r7/IT/bd-king-r7/powerhub/bd-king-r7 powerhub/orchestrator/.venv/lib/python3.12/site-packages/pkg_resources/tests/test_pkg_resources.py -> runner/python/test_pkg_resources.py
[2026-06-03 21:56:54.197542] 📦 Moved ./bd-king-r7/IT/bd-king-r7/powerhub/bd-king-r7 powerhub/orchestrator/.venv/lib/python3.12/site-packages/pkg_resources/tests/test_resources.py -> runner/python/test_resources.py
[2026-06-03 21:56:54.197961] 📦 Moved ./bd-king-r7/IT/bd-king-r7/powerhub/bd-king-r7 powerhub/orchestrator/.venv/lib/python3.12/site-packages/pkg_resources/tests/test_working_set.py -> runner/python/test_working_set.py
[2026-06-03 21:56:54.198719] 📦 Moved ./bd-king-r7/IT/bd-king-r7/powerhub/bd-king-r7 powerhub/orchestrator/.venv/lib/python3.12/site-packages/pkg_resources/tests/data/my-test-package-source/setup.py -> runner/python/setup.py
[2026-06-03 21:56:54.199865] 📦 Moved ./bd-king-r7/IT/bd-king-r7/powerhub/bd-king-r7 powerhub/orchestrator/.venv/lib/python3.12/site-packages/requests/__init__.py -> runner/python/__init__.py
[2026-06-03 21:56:54.200519] 📦 Moved ./bd-king-r7/IT/bd-king-r7/powerhub/bd-king-r7 powerhub/orchestrator/.venv/lib/python3.12/site-packages/requests/__version__.py -> runner/python/__version__.py
[2026-06-03 21:56:54.201231] 📦 Moved ./bd-king-r7/IT/bd-king-r7/powerhub/bd-king-r7 powerhub/orchestrator/.venv/lib/python3.12/site-packages/requests/_internal_utils.py -> runner/python/_internal_utils.py
[2026-06-03 21:56:54.201928] 📦 Moved ./bd-king-r7/IT/bd-king-r7/powerhub/bd-king-r7 powerhub/orchestrator/.venv/lib/python3.12/site-packages/requests/adapters.py -> runner/python/adapters.py
[2026-06-03 21:56:54.202531] 📦 Moved ./bd-king-r7/IT/bd-king-r7/powerhub/bd-king-r7 powerhub/orchestrator/.venv/lib/python3.12/site-packages/requests/api.py -> runner/python/api.py
[2026-06-03 21:56:54.203119] 📦 Moved ./bd-king-r7/IT/bd-king-r7/powerhub/bd-king-r7 powerhub/orchestrator/.venv/lib/python3.12/site-packages/requests/auth.py -> runner/python/auth.py
[2026-06-03 21:56:54.203589] 📦 Moved ./bd-king-r7/IT/bd-king-r7/powerhub/bd-king-r7 powerhub/orchestrator/.venv/lib/python3.12/site-packages/requests/certs.py -> runner/python/certs.py
[2026-06-03 21:56:54.204083] 📦 Moved ./bd-king-r7/IT/bd-king-r7/powerhub/bd-king-r7 powerhub/orchestrator/.venv/lib/python3.12/site-packages/requests/compat.py -> runner/python/compat.py
[2026-06-03 21:56:54.204709] 📦 Moved ./bd-king-r7/IT/bd-king-r7/powerhub/bd-king-r7 powerhub/orchestrator/.venv/lib/python3.12/site-packages/requests/cookies.py -> runner/python/cookies.py
[2026-06-03 21:56:54.205224] 📦 Moved ./bd-king-r7/IT/bd-king-r7/powerhub/bd-king-r7 powerhub/orchestrator/.venv/lib/python3.12/site-packages/requests/exceptions.py -> runner/python/exceptions.py
[2026-06-03 21:56:54.205745] 📦 Moved ./bd-king-r7/IT/bd-king-r7/powerhub/bd-king-r7 powerhub/orchestrator/.venv/lib/python3.12/site-packages/requests/help.py -> runner/python/help.py
[2026-06-03 21:56:54.206198] 📦 Moved ./bd-king-r7/IT/bd-king-r7/powerhub/bd-king-r7 powerhub/orchestrator/.venv/lib/python3.12/site-packages/requests/hooks.py -> runner/python/hooks.py
[2026-06-03 21:56:54.206863] 📦 Moved ./bd-king-r7/IT/bd-king-r7/powerhub/bd-king-r7 powerhub/orchestrator/.venv/lib/python3.12/site-packages/requests/models.py -> runner/python/models.py
[2026-06-03 21:56:54.207377] 📦 Moved ./bd-king-r7/IT/bd-king-r7/powerhub/bd-king-r7 powerhub/orchestrator/.venv/lib/python3.12/site-packages/requests/packages.py -> runner/python/packages.py
[2026-06-03 21:56:54.208065] 📦 Moved ./bd-king-r7/IT/bd-king-r7/powerhub/bd-king-r7 powerhub/orchestrator/.venv/lib/python3.12/site-packages/requests/sessions.py -> runner/python/sessions.py
[2026-06-03 21:56:54.208582] 📦 Moved ./bd-king-r7/IT/bd-king-r7/powerhub/bd-king-r7 powerhub/orchestrator/.venv/lib/python3.12/site-packages/requests/status_codes.py -> runner/python/status_codes.py
[2026-06-03 21:56:54.209033] 📦 Moved ./bd-king-r7/IT/bd-king-r7/powerhub/bd-king-r7 powerhub/orchestrator/.venv/lib/python3.12/site-packages/requests/structures.py -> runner/python/structures.py
[2026-06-03 21:56:54.209682] 📦 Moved ./bd-king-r7/IT/bd-king-r7/powerhub/bd-king-r7 powerhub/orchestrator/.venv/lib/python3.12/site-packages/requests/utils.py -> runner/python/utils.py
[2026-06-03 21:56:54.210681] 📦 Moved ./bd-king-r7/IT/bd-king-r7/powerhub/bd-king-r7 powerhub/orchestrator/.venv/lib/python3.12/site-packages/setuptools/__init__.py -> runner/python/__init__.py
[2026-06-03 21:56:54.211144] 📦 Moved ./bd-king-r7/IT/bd-king-r7/powerhub/bd-king-r7 powerhub/orchestrator/.venv/lib/python3.12/site-packages/setuptools/_core_metadata.py -> runner/python/_core_metadata.py
[2026-06-03 21:56:54.211494] 📦 Moved ./bd-king-r7/IT/bd-king-r7/powerhub/bd-king-r7 powerhub/orchestrator/.venv/lib/python3.12/site-packages/setuptools/_discovery.py -> runner/python/_discovery.py
[2026-06-03 21:56:54.211830] 📦 Moved ./bd-king-r7/IT/bd-king-r7/powerhub/bd-king-r7 powerhub/orchestrator/.venv/lib/python3.12/site-packages/setuptools/_entry_points.py -> runner/python/_entry_points.py
[2026-06-03 21:56:54.212184] 📦 Moved ./bd-king-r7/IT/bd-king-r7/powerhub/bd-king-r7 powerhub/orchestrator/.venv/lib/python3.12/site-packages/setuptools/_imp.py -> runner/python/_imp.py
[2026-06-03 21:56:54.212490] 📦 Moved ./bd-king-r7/IT/bd-king-r7/powerhub/bd-king-r7 powerhub/orchestrator/.venv/lib/python3.12/site-packages/setuptools/_importlib.py -> runner/python/_importlib.py
[2026-06-03 21:56:54.212791] 📦 Moved ./bd-king-r7/IT/bd-king-r7/powerhub/bd-king-r7 powerhub/orchestrator/.venv/lib/python3.12/site-packages/setuptools/_itertools.py -> runner/python/_itertools.py
[2026-06-03 21:56:54.213141] 📦 Moved ./bd-king-r7/IT/bd-king-r7/powerhub/bd-king-r7 powerhub/orchestrator/.venv/lib/python3.12/site-packages/setuptools/_normalization.py -> runner/python/_normalization.py
[2026-06-03 21:56:54.213448] 📦 Moved ./bd-king-r7/IT/bd-king-r7/powerhub/bd-king-r7 powerhub/orchestrator/.venv/lib/python3.12/site-packages/setuptools/_path.py -> runner/python/_path.py
[2026-06-03 21:56:54.213754] 📦 Moved ./bd-king-r7/IT/bd-king-r7/powerhub/bd-king-r7 powerhub/orchestrator/.venv/lib/python3.12/site-packages/setuptools/_reqs.py -> runner/python/_reqs.py
[2026-06-03 21:56:54.214115] 📦 Moved ./bd-king-r7/IT/bd-king-r7/powerhub/bd-king-r7 powerhub/orchestrator/.venv/lib/python3.12/site-packages/setuptools/_scripts.py -> runner/python/_scripts.py
[2026-06-03 21:56:54.214411] 📦 Moved ./bd-king-r7/IT/bd-king-r7/powerhub/bd-king-r7 powerhub/orchestrator/.venv/lib/python3.12/site-packages/setuptools/_shutil.py -> runner/python/_shutil.py
[2026-06-03 21:56:54.214741] 📦 Moved ./bd-king-r7/IT/bd-king-r7/powerhub/bd-king-r7 powerhub/orchestrator/.venv/lib/python3.12/site-packages/setuptools/_static.py -> runner/python/_static.py
[2026-06-03 21:56:54.215141] 📦 Moved ./bd-king-r7/IT/bd-king-r7/powerhub/bd-king-r7 powerhub/orchestrator/.venv/lib/python3.12/site-packages/setuptools/archive_util.py -> runner/python/archive_util.py
[2026-06-03 21:56:54.215640] 📦 Moved ./bd-king-r7/IT/bd-king-r7/powerhub/bd-king-r7 powerhub/orchestrator/.venv/lib/python3.12/site-packages/setuptools/build_meta.py -> runner/python/build_meta.py
[2026-06-03 21:56:54.216092] 📦 Moved ./bd-king-r7/IT/bd-king-r7/powerhub/bd-king-r7 powerhub/orchestrator/.venv/lib/python3.12/site-packages/setuptools/depends.py -> runner/python/depends.py
[2026-06-03 21:56:54.216727] 📦 Moved ./bd-king-r7/IT/bd-king-r7/powerhub/bd-king-r7 powerhub/orchestrator/.venv/lib/python3.12/site-packages/setuptools/discovery.py -> runner/python/discovery.py
[2026-06-03 21:56:54.217454] 📦 Moved ./bd-king-r7/IT/bd-king-r7/powerhub/bd-king-r7 powerhub/orchestrator/.venv/lib/python3.12/site-packages/setuptools/dist.py -> runner/python/dist.py
[2026-06-03 21:56:54.218027] 📦 Moved ./bd-king-r7/IT/bd-king-r7/powerhub/bd-king-r7 powerhub/orchestrator/.venv/lib/python3.12/site-packages/setuptools/errors.py -> runner/python/errors.py
[2026-06-03 21:56:54.218547] 📦 Moved ./bd-king-r7/IT/bd-king-r7/powerhub/bd-king-r7 powerhub/orchestrator/.venv/lib/python3.12/site-packages/setuptools/extension.py -> runner/python/extension.py
[2026-06-03 21:56:54.219033] 📦 Moved ./bd-king-r7/IT/bd-king-r7/powerhub/bd-king-r7 powerhub/orchestrator/.venv/lib/python3.12/site-packages/setuptools/glob.py -> runner/python/glob.py
[2026-06-03 21:56:54.219544] 📦 Moved ./bd-king-r7/IT/bd-king-r7/powerhub/bd-king-r7 powerhub/orchestrator/.venv/lib/python3.12/site-packages/setuptools/installer.py -> runner/python/installer.py
[2026-06-03 21:56:54.219968] 📦 Moved ./bd-king-r7/IT/bd-king-r7/powerhub/bd-king-r7 powerhub/orchestrator/.venv/lib/python3.12/site-packages/setuptools/launch.py -> runner/python/launch.py
[2026-06-03 21:56:54.220545] 📦 Moved ./bd-king-r7/IT/bd-king-r7/powerhub/bd-king-r7 powerhub/orchestrator/.venv/lib/python3.12/site-packages/setuptools/logging.py -> runner/python/logging.py
[2026-06-03 21:56:54.220959] 📦 Moved ./bd-king-r7/IT/bd-king-r7/powerhub/bd-king-r7 powerhub/orchestrator/.venv/lib/python3.12/site-packages/setuptools/modified.py -> runner/python/modified.py
[2026-06-03 21:56:54.221405] 📦 Moved ./bd-king-r7/IT/bd-king-r7/powerhub/bd-king-r7 powerhub/orchestrator/.venv/lib/python3.12/site-packages/setuptools/monkey.py -> runner/python/monkey.py
[2026-06-03 21:56:54.222125] 📦 Moved ./bd-king-r7/IT/bd-king-r7/powerhub/bd-king-r7 powerhub/orchestrator/.venv/lib/python3.12/site-packages/setuptools/msvc.py -> runner/python/msvc.py
[2026-06-03 21:56:54.222513] 📦 Moved ./bd-king-r7/IT/bd-king-r7/powerhub/bd-king-r7 powerhub/orchestrator/.venv/lib/python3.12/site-packages/setuptools/namespaces.py -> runner/python/namespaces.py
[2026-06-03 21:56:54.222877] 📦 Moved ./bd-king-r7/IT/bd-king-r7/powerhub/bd-king-r7 powerhub/orchestrator/.venv/lib/python3.12/site-packages/setuptools/unicode_utils.py -> runner/python/unicode_utils.py
[2026-06-03 21:56:54.223294] 📦 Moved ./bd-king-r7/IT/bd-king-r7/powerhub/bd-king-r7 powerhub/orchestrator/.venv/lib/python3.12/site-packages/setuptools/version.py -> runner/python/version.py
[2026-06-03 21:56:54.223652] 📦 Moved ./bd-king-r7/IT/bd-king-r7/powerhub/bd-king-r7 powerhub/orchestrator/.venv/lib/python3.12/site-packages/setuptools/warnings.py -> runner/python/warnings.py
[2026-06-03 21:56:54.224163] 📦 Moved ./bd-king-r7/IT/bd-king-r7/powerhub/bd-king-r7 powerhub/orchestrator/.venv/lib/python3.12/site-packages/setuptools/wheel.py -> runner/python/wheel.py
[2026-06-03 21:56:54.224524] 📦 Moved ./bd-king-r7/IT/bd-king-r7/powerhub/bd-king-r7 powerhub/orchestrator/.venv/lib/python3.12/site-packages/setuptools/windows_support.py -> runner/python/windows_support.py
[2026-06-03 21:56:54.225535] 📦 Moved ./bd-king-r7/IT/bd-king-r7/powerhub/bd-king-r7 powerhub/orchestrator/.venv/lib/python3.12/site-packages/setuptools/_distutils/__init__.py -> runner/python/__init__.py
[2026-06-03 21:56:54.226037] 📦 Moved ./bd-king-r7/IT/bd-king-r7/powerhub/bd-king-r7 powerhub/orchestrator/.venv/lib/python3.12/site-packages/setuptools/_distutils/_log.py -> runner/python/_log.py
[2026-06-03 21:56:54.226435] 📦 Moved ./bd-king-r7/IT/bd-king-r7/powerhub/bd-king-r7 powerhub/orchestrator/.venv/lib/python3.12/site-packages/setuptools/_distutils/_macos_compat.py -> runner/python/_macos_compat.py
[2026-06-03 21:56:54.226834] 📦 Moved ./bd-king-r7/IT/bd-king-r7/powerhub/bd-king-r7 powerhub/orchestrator/.venv/lib/python3.12/site-packages/setuptools/_distutils/_modified.py -> runner/python/_modified.py
[2026-06-03 21:56:54.227182] 📦 Moved ./bd-king-r7/IT/bd-king-r7/powerhub/bd-king-r7 powerhub/orchestrator/.venv/lib/python3.12/site-packages/setuptools/_distutils/_msvccompiler.py -> runner/python/_msvccompiler.py
[2026-06-03 21:56:54.227677] 📦 Moved ./bd-king-r7/IT/bd-king-r7/powerhub/bd-king-r7 powerhub/orchestrator/.venv/lib/python3.12/site-packages/setuptools/_distutils/archive_util.py -> runner/python/archive_util.py
[2026-06-03 21:56:54.228081] 📦 Moved ./bd-king-r7/IT/bd-king-r7/powerhub/bd-king-r7 powerhub/orchestrator/.venv/lib/python3.12/site-packages/setuptools/_distutils/ccompiler.py -> runner/python/ccompiler.py
[2026-06-03 21:56:54.228651] 📦 Moved ./bd-king-r7/IT/bd-king-r7/powerhub/bd-king-r7 powerhub/orchestrator/.venv/lib/python3.12/site-packages/setuptools/_distutils/cmd.py -> runner/python/cmd.py
[2026-06-03 21:56:54.229179] 📦 Moved ./bd-king-r7/IT/bd-king-r7/powerhub/bd-king-r7 powerhub/orchestrator/.venv/lib/python3.12/site-packages/setuptools/_distutils/core.py -> runner/python/core.py
[2026-06-03 21:56:54.229588] 📦 Moved ./bd-king-r7/IT/bd-king-r7/powerhub/bd-king-r7 powerhub/orchestrator/.venv/lib/python3.12/site-packages/setuptools/_distutils/cygwinccompiler.py -> runner/python/cygwinccompiler.py
[2026-06-03 21:56:54.230032] 📦 Moved ./bd-king-r7/IT/bd-king-r7/powerhub/bd-king-r7 powerhub/orchestrator/.venv/lib/python3.12/site-packages/setuptools/_distutils/debug.py -> runner/python/debug.py
[2026-06-03 21:56:54.230373] 📦 Moved ./bd-king-r7/IT/bd-king-r7/powerhub/bd-king-r7 powerhub/orchestrator/.venv/lib/python3.12/site-packages/setuptools/_distutils/dep_util.py -> runner/python/dep_util.py
[2026-06-03 21:56:54.230763] 📦 Moved ./bd-king-r7/IT/bd-king-r7/powerhub/bd-king-r7 powerhub/orchestrator/.venv/lib/python3.12/site-packages/setuptools/_distutils/dir_util.py -> runner/python/dir_util.py
[2026-06-03 21:56:54.231596] 📦 Moved ./bd-king-r7/IT/bd-king-r7/powerhub/bd-king-r7 powerhub/orchestrator/.venv/lib/python3.12/site-packages/setuptools/_distutils/dist.py -> runner/python/dist.py
[2026-06-03 21:56:54.232228] 📦 Moved ./bd-king-r7/IT/bd-king-r7/powerhub/bd-king-r7 powerhub/orchestrator/.venv/lib/python3.12/site-packages/setuptools/_distutils/errors.py -> runner/python/errors.py
[2026-06-03 21:56:54.232857] 📦 Moved ./bd-king-r7/IT/bd-king-r7/powerhub/bd-king-r7 powerhub/orchestrator/.venv/lib/python3.12/site-packages/setuptools/_distutils/extension.py -> runner/python/extension.py
[2026-06-03 21:56:54.233425] 📦 Moved ./bd-king-r7/IT/bd-king-r7/powerhub/bd-king-r7 powerhub/orchestrator/.venv/lib/python3.12/site-packages/setuptools/_distutils/fancy_getopt.py -> runner/python/fancy_getopt.py
[2026-06-03 21:56:54.233906] 📦 Moved ./bd-king-r7/IT/bd-king-r7/powerhub/bd-king-r7 powerhub/orchestrator/.venv/lib/python3.12/site-packages/setuptools/_distutils/file_util.py -> runner/python/file_util.py
[2026-06-03 21:56:54.234494] 📦 Moved ./bd-king-r7/IT/bd-king-r7/powerhub/bd-king-r7 powerhub/orchestrator/.venv/lib/python3.12/site-packages/setuptools/_distutils/filelist.py -> runner/python/filelist.py
[2026-06-03 21:56:54.234956] 📦 Moved ./bd-king-r7/IT/bd-king-r7/powerhub/bd-king-r7 powerhub/orchestrator/.venv/lib/python3.12/site-packages/setuptools/_distutils/log.py -> runner/python/log.py
[2026-06-03 21:56:54.235387] 📦 Moved ./bd-king-r7/IT/bd-king-r7/powerhub/bd-king-r7 powerhub/orchestrator/.venv/lib/python3.12/site-packages/setuptools/_distutils/spawn.py -> runner/python/spawn.py
[2026-06-03 21:56:54.235964] 📦 Moved ./bd-king-r7/IT/bd-king-r7/powerhub/bd-king-r7 powerhub/orchestrator/.venv/lib/python3.12/site-packages/setuptools/_distutils/sysconfig.py -> runner/python/sysconfig.py
[2026-06-03 21:56:54.236617] 📦 Moved ./bd-king-r7/IT/bd-king-r7/powerhub/bd-king-r7 powerhub/orchestrator/.venv/lib/python3.12/site-packages/setuptools/_distutils/text_file.py -> runner/python/text_file.py
[2026-06-03 21:56:54.237063] 📦 Moved ./bd-king-r7/IT/bd-king-r7/powerhub/bd-king-r7 powerhub/orchestrator/.venv/lib/python3.12/site-packages/setuptools/_distutils/unixccompiler.py -> runner/python/unixccompiler.py
[2026-06-03 21:56:54.237773] 📦 Moved ./bd-king-r7/IT/bd-king-r7/powerhub/bd-king-r7 powerhub/orchestrator/.venv/lib/python3.12/site-packages/setuptools/_distutils/util.py -> runner/python/util.py
[2026-06-03 21:56:54.238341] 📦 Moved ./bd-king-r7/IT/bd-king-r7/powerhub/bd-king-r7 powerhub/orchestrator/.venv/lib/python3.12/site-packages/setuptools/_distutils/version.py -> runner/python/version.py
[2026-06-03 21:56:54.238790] 📦 Moved ./bd-king-r7/IT/bd-king-r7/powerhub/bd-king-r7 powerhub/orchestrator/.venv/lib/python3.12/site-packages/setuptools/_distutils/versionpredicate.py -> runner/python/versionpredicate.py
[2026-06-03 21:56:54.239161] 📦 Moved ./bd-king-r7/IT/bd-king-r7/powerhub/bd-king-r7 powerhub/orchestrator/.venv/lib/python3.12/site-packages/setuptools/_distutils/zosccompiler.py -> runner/python/zosccompiler.py
[2026-06-03 21:56:54.240071] 📦 Moved ./bd-king-r7/IT/bd-king-r7/powerhub/bd-king-r7 powerhub/orchestrator/.venv/lib/python3.12/site-packages/setuptools/_distutils/command/__init__.py -> runner/python/__init__.py
[2026-06-03 21:56:54.240469] 📦 Moved ./bd-king-r7/IT/bd-king-r7/powerhub/bd-king-r7 powerhub/orchestrator/.venv/lib/python3.12/site-packages/setuptools/_distutils/command/_framework_compat.py -> runner/python/_framework_compat.py
[2026-06-03 21:56:54.240861] 📦 Moved ./bd-king-r7/IT/bd-king-r7/powerhub/bd-king-r7 powerhub/orchestrator/.venv/lib/python3.12/site-packages/setuptools/_distutils/command/bdist.py -> runner/python/bdist.py
[2026-06-03 21:56:54.241219] 📦 Moved ./bd-king-r7/IT/bd-king-r7/powerhub/bd-king-r7 powerhub/orchestrator/.venv/lib/python3.12/site-packages/setuptools/_distutils/command/bdist_dumb.py -> runner/python/bdist_dumb.py
[2026-06-03 21:56:54.241700] 📦 Moved ./bd-king-r7/IT/bd-king-r7/powerhub/bd-king-r7 powerhub/orchestrator/.venv/lib/python3.12/site-packages/setuptools/_distutils/command/bdist_rpm.py -> runner/python/bdist_rpm.py
[2026-06-03 21:56:54.242067] 📦 Moved ./bd-king-r7/IT/bd-king-r7/powerhub/bd-king-r7 powerhub/orchestrator/.venv/lib/python3.12/site-packages/setuptools/_distutils/command/build.py -> runner/python/build.py
[2026-06-03 21:56:54.242435] 📦 Moved ./bd-king-r7/IT/bd-king-r7/powerhub/bd-king-r7 powerhub/orchestrator/.venv/lib/python3.12/site-packages/setuptools/_distutils/command/build_clib.py -> runner/python/build_clib.py
[2026-06-03 21:56:54.242935] 📦 Moved ./bd-king-r7/IT/bd-king-r7/powerhub/bd-king-r7 powerhub/orchestrator/.venv/lib/python3.12/site-packages/setuptools/_distutils/command/build_ext.py -> runner/python/build_ext.py
[2026-06-03 21:56:54.243364] 📦 Moved ./bd-king-r7/IT/bd-king-r7/powerhub/bd-king-r7 powerhub/orchestrator/.venv/lib/python3.12/site-packages/setuptools/_distutils/command/build_py.py -> runner/python/build_py.py
[2026-06-03 21:56:54.243707] 📦 Moved ./bd-king-r7/IT/bd-king-r7/powerhub/bd-king-r7 powerhub/orchestrator/.venv/lib/python3.12/site-packages/setuptools/_distutils/command/build_scripts.py -> runner/python/build_scripts.py
[2026-06-03 21:56:54.244169] 📦 Moved ./bd-king-r7/IT/bd-king-r7/powerhub/bd-king-r7 powerhub/orchestrator/.venv/lib/python3.12/site-packages/setuptools/_distutils/command/check.py -> runner/python/check.py
[2026-06-03 21:56:54.244514] 📦 Moved ./bd-king-r7/IT/bd-king-r7/powerhub/bd-king-r7 powerhub/orchestrator/.venv/lib/python3.12/site-packages/setuptools/_distutils/command/clean.py -> runner/python/clean.py
[2026-06-03 21:56:54.245011] 📦 Moved ./bd-king-r7/IT/bd-king-r7/powerhub/bd-king-r7 powerhub/orchestrator/.venv/lib/python3.12/site-packages/setuptools/_distutils/command/config.py -> runner/python/config.py
[2026-06-03 21:56:54.245623] 📦 Moved ./bd-king-r7/IT/bd-king-r7/powerhub/bd-king-r7 powerhub/orchestrator/.venv/lib/python3.12/site-packages/setuptools/_distutils/command/install.py -> runner/python/install.py
[2026-06-03 21:56:54.245997] 📦 Moved ./bd-king-r7/IT/bd-king-r7/powerhub/bd-king-r7 powerhub/orchestrator/.venv/lib/python3.12/site-packages/setuptools/_distutils/command/install_data.py -> runner/python/install_data.py
[2026-06-03 21:56:54.246351] 📦 Moved ./bd-king-r7/IT/bd-king-r7/powerhub/bd-king-r7 powerhub/orchestrator/.venv/lib/python3.12/site-packages/setuptools/_distutils/command/install_egg_info.py -> runner/python/install_egg_info.py
[2026-06-03 21:56:54.246707] 📦 Moved ./bd-king-r7/IT/bd-king-r7/powerhub/bd-king-r7 powerhub/orchestrator/.venv/lib/python3.12/site-packages/setuptools/_distutils/command/install_headers.py -> runner/python/install_headers.py
[2026-06-03 21:56:54.247077] 📦 Moved ./bd-king-r7/IT/bd-king-r7/powerhub/bd-king-r7 powerhub/orchestrator/.venv/lib/python3.12/site-packages/setuptools/_distutils/command/install_lib.py -> runner/python/install_lib.py
[2026-06-03 21:56:54.247395] 📦 Moved ./bd-king-r7/IT/bd-king-r7/powerhub/bd-king-r7 powerhub/orchestrator/.venv/lib/python3.12/site-packages/setuptools/_distutils/command/install_scripts.py -> runner/python/install_scripts.py
[2026-06-03 21:56:54.247952] 📦 Moved ./bd-king-r7/IT/bd-king-r7/powerhub/bd-king-r7 powerhub/orchestrator/.venv/lib/python3.12/site-packages/setuptools/_distutils/command/sdist.py -> runner/python/sdist.py
[2026-06-03 21:56:54.248761] 📦 Moved ./bd-king-r7/IT/bd-king-r7/powerhub/bd-king-r7 powerhub/orchestrator/.venv/lib/python3.12/site-packages/setuptools/_distutils/compat/__init__.py -> runner/python/__init__.py
[2026-06-03 21:56:54.249202] 📦 Moved ./bd-king-r7/IT/bd-king-r7/powerhub/bd-king-r7 powerhub/orchestrator/.venv/lib/python3.12/site-packages/setuptools/_distutils/compat/numpy.py -> runner/python/numpy.py
[2026-06-03 21:56:54.249609] 📦 Moved ./bd-king-r7/IT/bd-king-r7/powerhub/bd-king-r7 powerhub/orchestrator/.venv/lib/python3.12/site-packages/setuptools/_distutils/compat/py39.py -> runner/python/py39.py
[2026-06-03 21:56:54.250655] 📦 Moved ./bd-king-r7/IT/bd-king-r7/powerhub/bd-king-r7 powerhub/orchestrator/.venv/lib/python3.12/site-packages/setuptools/_distutils/compilers/C/base.py -> runner/python/base.py
[2026-06-03 21:56:54.251260] 📦 Moved ./bd-king-r7/IT/bd-king-r7/powerhub/bd-king-r7 powerhub/orchestrator/.venv/lib/python3.12/site-packages/setuptools/_distutils/compilers/C/cygwin.py -> runner/python/cygwin.py
[2026-06-03 21:56:54.251828] 📦 Moved ./bd-king-r7/IT/bd-king-r7/powerhub/bd-king-r7 powerhub/orchestrator/.venv/lib/python3.12/site-packages/setuptools/_distutils/compilers/C/errors.py -> runner/python/errors.py
[2026-06-03 21:56:54.252585] 📦 Moved ./bd-king-r7/IT/bd-king-r7/powerhub/bd-king-r7 powerhub/orchestrator/.venv/lib/python3.12/site-packages/setuptools/_distutils/compilers/C/msvc.py -> runner/python/msvc.py
[2026-06-03 21:56:54.253304] 📦 Moved ./bd-king-r7/IT/bd-king-r7/powerhub/bd-king-r7 powerhub/orchestrator/.venv/lib/python3.12/site-packages/setuptools/_distutils/compilers/C/unix.py -> runner/python/unix.py
[2026-06-03 21:56:54.253867] 📦 Moved ./bd-king-r7/IT/bd-king-r7/powerhub/bd-king-r7 powerhub/orchestrator/.venv/lib/python3.12/site-packages/setuptools/_distutils/compilers/C/zos.py -> runner/python/zos.py
[2026-06-03 21:56:54.254550] 📦 Moved ./bd-king-r7/IT/bd-king-r7/powerhub/bd-king-r7 powerhub/orchestrator/.venv/lib/python3.12/site-packages/setuptools/_distutils/compilers/C/tests/test_base.py -> runner/python/test_base.py
[2026-06-03 21:56:54.254975] 📦 Moved ./bd-king-r7/IT/bd-king-r7/powerhub/bd-king-r7 powerhub/orchestrator/.venv/lib/python3.12/site-packages/setuptools/_distutils/compilers/C/tests/test_cygwin.py -> runner/python/test_cygwin.py
[2026-06-03 21:56:54.255379] 📦 Moved ./bd-king-r7/IT/bd-king-r7/powerhub/bd-king-r7 powerhub/orchestrator/.venv/lib/python3.12/site-packages/setuptools/_distutils/compilers/C/tests/test_mingw.py -> runner/python/test_mingw.py
[2026-06-03 21:56:54.255814] 📦 Moved ./bd-king-r7/IT/bd-king-r7/powerhub/bd-king-r7 powerhub/orchestrator/.venv/lib/python3.12/site-packages/setuptools/_distutils/compilers/C/tests/test_msvc.py -> runner/python/test_msvc.py
[2026-06-03 21:56:54.256388] 📦 Moved ./bd-king-r7/IT/bd-king-r7/powerhub/bd-king-r7 powerhub/orchestrator/.venv/lib/python3.12/site-packages/setuptools/_distutils/compilers/C/tests/test_unix.py -> runner/python/test_unix.py
[2026-06-03 21:56:54.257180] 📦 Moved ./bd-king-r7/IT/bd-king-r7/powerhub/bd-king-r7 powerhub/orchestrator/.venv/lib/python3.12/site-packages/setuptools/_distutils/tests/__init__.py -> runner/python/__init__.py
[2026-06-03 21:56:54.257601] 📦 Moved ./bd-king-r7/IT/bd-king-r7/powerhub/bd-king-r7 powerhub/orchestrator/.venv/lib/python3.12/site-packages/setuptools/_distutils/tests/support.py -> runner/python/support.py
[2026-06-03 21:56:54.258091] 📦 Moved ./bd-king-r7/IT/bd-king-r7/powerhub/bd-king-r7 powerhub/orchestrator/.venv/lib/python3.12/site-packages/setuptools/_distutils/tests/test_archive_util.py -> runner/python/test_archive_util.py
[2026-06-03 21:56:54.258457] 📦 Moved ./bd-king-r7/IT/bd-king-r7/powerhub/bd-king-r7 powerhub/orchestrator/.venv/lib/python3.12/site-packages/setuptools/_distutils/tests/test_bdist.py -> runner/python/test_bdist.py
[2026-06-03 21:56:54.258816] 📦 Moved ./bd-king-r7/IT/bd-king-r7/powerhub/bd-king-r7 powerhub/orchestrator/.venv/lib/python3.12/site-packages/setuptools/_distutils/tests/test_bdist_dumb.py -> runner/python/test_bdist_dumb.py
[2026-06-03 21:56:54.259170] 📦 Moved ./bd-king-r7/IT/bd-king-r7/powerhub/bd-king-r7 powerhub/orchestrator/.venv/lib/python3.12/site-packages/setuptools/_distutils/tests/test_bdist_rpm.py -> runner/python/test_bdist_rpm.py
[2026-06-03 21:56:54.259490] 📦 Moved ./bd-king-r7/IT/bd-king-r7/powerhub/bd-king-r7 powerhub/orchestrator/.venv/lib/python3.12/site-packages/setuptools/_distutils/tests/test_build.py -> runner/python/test_build.py
[2026-06-03 21:56:54.259814] 📦 Moved ./bd-king-r7/IT/bd-king-r7/powerhub/bd-king-r7 powerhub/orchestrator/.venv/lib/python3.12/site-packages/setuptools/_distutils/tests/test_build_clib.py -> runner/python/test_build_clib.py
[2026-06-03 21:56:54.260359] 📦 Moved ./bd-king-r7/IT/bd-king-r7/powerhub/bd-king-r7 powerhub/orchestrator/.venv/lib/python3.12/site-packages/setuptools/_distutils/tests/test_build_ext.py -> runner/python/test_build_ext.py
[2026-06-03 21:56:54.260755] 📦 Moved ./bd-king-r7/IT/bd-king-r7/powerhub/bd-king-r7 powerhub/orchestrator/.venv/lib/python3.12/site-packages/setuptools/_distutils/tests/test_build_py.py -> runner/python/test_build_py.py
[2026-06-03 21:56:54.261100] 📦 Moved ./bd-king-r7/IT/bd-king-r7/powerhub/bd-king-r7 powerhub/orchestrator/.venv/lib/python3.12/site-packages/setuptools/_distutils/tests/test_build_scripts.py -> runner/python/test_build_scripts.py
[2026-06-03 21:56:54.261462] 📦 Moved ./bd-king-r7/IT/bd-king-r7/powerhub/bd-king-r7 powerhub/orchestrator/.venv/lib/python3.12/site-packages/setuptools/_distutils/tests/test_check.py -> runner/python/test_check.py
[2026-06-03 21:56:54.261784] 📦 Moved ./bd-king-r7/IT/bd-king-r7/powerhub/bd-king-r7 powerhub/orchestrator/.venv/lib/python3.12/site-packages/setuptools/_distutils/tests/test_clean.py -> runner/python/test_clean.py
[2026-06-03 21:56:54.262103] 📦 Moved ./bd-king-r7/IT/bd-king-r7/powerhub/bd-king-r7 powerhub/orchestrator/.venv/lib/python3.12/site-packages/setuptools/_distutils/tests/test_cmd.py -> runner/python/test_cmd.py
[2026-06-03 21:56:54.262416] 📦 Moved ./bd-king-r7/IT/bd-king-r7/powerhub/bd-king-r7 powerhub/orchestrator/.venv/lib/python3.12/site-packages/setuptools/_distutils/tests/test_config_cmd.py -> runner/python/test_config_cmd.py
[2026-06-03 21:56:54.262752] 📦 Moved ./bd-king-r7/IT/bd-king-r7/powerhub/bd-king-r7 powerhub/orchestrator/.venv/lib/python3.12/site-packages/setuptools/_distutils/tests/test_core.py -> runner/python/test_core.py
[2026-06-03 21:56:54.263072] 📦 Moved ./bd-king-r7/IT/bd-king-r7/powerhub/bd-king-r7 powerhub/orchestrator/.venv/lib/python3.12/site-packages/setuptools/_distutils/tests/test_dir_util.py -> runner/python/test_dir_util.py
[2026-06-03 21:56:54.263503] 📦 Moved ./bd-king-r7/IT/bd-king-r7/powerhub/bd-king-r7 powerhub/orchestrator/.venv/lib/python3.12/site-packages/setuptools/_distutils/tests/test_dist.py -> runner/python/test_dist.py
[2026-06-03 21:56:54.263845] 📦 Moved ./bd-king-r7/IT/bd-king-r7/powerhub/bd-king-r7 powerhub/orchestrator/.venv/lib/python3.12/site-packages/setuptools/_distutils/tests/test_extension.py -> runner/python/test_extension.py
[2026-06-03 21:56:54.264220] 📦 Moved ./bd-king-r7/IT/bd-king-r7/powerhub/bd-king-r7 powerhub/orchestrator/.venv/lib/python3.12/site-packages/setuptools/_distutils/tests/test_file_util.py -> runner/python/test_file_util.py
[2026-06-03 21:56:54.264733] 📦 Moved ./bd-king-r7/IT/bd-king-r7/powerhub/bd-king-r7 powerhub/orchestrator/.venv/lib/python3.12/site-packages/setuptools/_distutils/tests/test_filelist.py -> runner/python/test_filelist.py
[2026-06-03 21:56:54.265219] 📦 Moved ./bd-king-r7/IT/bd-king-r7/powerhub/bd-king-r7 powerhub/orchestrator/.venv/lib/python3.12/site-packages/setuptools/_distutils/tests/test_install.py -> runner/python/test_install.py
[2026-06-03 21:56:54.265668] 📦 Moved ./bd-king-r7/IT/bd-king-r7/powerhub/bd-king-r7 powerhub/orchestrator/.venv/lib/python3.12/site-packages/setuptools/_distutils/tests/test_install_data.py -> runner/python/test_install_data.py
[2026-06-03 21:56:54.266091] 📦 Moved ./bd-king-r7/IT/bd-king-r7/powerhub/bd-king-r7 powerhub/orchestrator/.venv/lib/python3.12/site-packages/setuptools/_distutils/tests/test_install_headers.py -> runner/python/test_install_headers.py
[2026-06-03 21:56:54.266513] 📦 Moved ./bd-king-r7/IT/bd-king-r7/powerhub/bd-king-r7 powerhub/orchestrator/.venv/lib/python3.12/site-packages/setuptools/_distutils/tests/test_install_lib.py -> runner/python/test_install_lib.py
[2026-06-03 21:56:54.266888] 📦 Moved ./bd-king-r7/IT/bd-king-r7/powerhub/bd-king-r7 powerhub/orchestrator/.venv/lib/python3.12/site-packages/setuptools/_distutils/tests/test_install_scripts.py -> runner/python/test_install_scripts.py
[2026-06-03 21:56:54.267262] 📦 Moved ./bd-king-r7/IT/bd-king-r7/powerhub/bd-king-r7 powerhub/orchestrator/.venv/lib/python3.12/site-packages/setuptools/_distutils/tests/test_log.py -> runner/python/test_log.py
[2026-06-03 21:56:54.267667] 📦 Moved ./bd-king-r7/IT/bd-king-r7/powerhub/bd-king-r7 powerhub/orchestrator/.venv/lib/python3.12/site-packages/setuptools/_distutils/tests/test_modified.py -> runner/python/test_modified.py
[2026-06-03 21:56:54.268224] 📦 Moved ./bd-king-r7/IT/bd-king-r7/powerhub/bd-king-r7 powerhub/orchestrator/.venv/lib/python3.12/site-packages/setuptools/_distutils/tests/test_sdist.py -> runner/python/test_sdist.py
[2026-06-03 21:56:54.268719] 📦 Moved ./bd-king-r7/IT/bd-king-r7/powerhub/bd-king-r7 powerhub/orchestrator/.venv/lib/python3.12/site-packages/setuptools/_distutils/tests/test_spawn.py -> runner/python/test_spawn.py
[2026-06-03 21:56:54.269252] 📦 Moved ./bd-king-r7/IT/bd-king-r7/powerhub/bd-king-r7 powerhub/orchestrator/.venv/lib/python3.12/site-packages/setuptools/_distutils/tests/test_sysconfig.py -> runner/python/test_sysconfig.py
[2026-06-03 21:56:54.269664] 📦 Moved ./bd-king-r7/IT/bd-king-r7/powerhub/bd-king-r7 powerhub/orchestrator/.venv/lib/python3.12/site-packages/setuptools/_distutils/tests/test_text_file.py -> runner/python/test_text_file.py
[2026-06-03 21:56:54.270113] 📦 Moved ./bd-king-r7/IT/bd-king-r7/powerhub/bd-king-r7 powerhub/orchestrator/.venv/lib/python3.12/site-packages/setuptools/_distutils/tests/test_util.py -> runner/python/test_util.py
[2026-06-03 21:56:54.270629] 📦 Moved ./bd-king-r7/IT/bd-king-r7/powerhub/bd-king-r7 powerhub/orchestrator/.venv/lib/python3.12/site-packages/setuptools/_distutils/tests/test_version.py -> runner/python/test_version.py
[2026-06-03 21:56:54.271047] 📦 Moved ./bd-king-r7/IT/bd-king-r7/powerhub/bd-king-r7 powerhub/orchestrator/.venv/lib/python3.12/site-packages/setuptools/_distutils/tests/test_versionpredicate.py -> runner/python/test_versionpredicate.py
[2026-06-03 21:56:54.271439] 📦 Moved ./bd-king-r7/IT/bd-king-r7/powerhub/bd-king-r7 powerhub/orchestrator/.venv/lib/python3.12/site-packages/setuptools/_distutils/tests/unix_compat.py -> runner/python/unix_compat.py
[2026-06-03 21:56:54.272299] 📦 Moved ./bd-king-r7/IT/bd-king-r7/powerhub/bd-king-r7 powerhub/orchestrator/.venv/lib/python3.12/site-packages/setuptools/_distutils/tests/compat/__init__.py -> runner/python/__init__.py
[2026-06-03 21:56:54.272784] 📦 Moved ./bd-king-r7/IT/bd-king-r7/powerhub/bd-king-r7 powerhub/orchestrator/.venv/lib/python3.12/site-packages/setuptools/_distutils/tests/compat/py39.py -> runner/python/py39.py
[2026-06-03 21:56:54.274310] 📦 Moved ./bd-king-r7/IT/bd-king-r7/powerhub/bd-king-r7 powerhub/orchestrator/.venv/lib/python3.12/site-packages/setuptools/_vendor/typing_extensions.py -> runner/python/typing_extensions.py
[2026-06-03 21:56:54.275620] 📦 Moved ./bd-king-r7/IT/bd-king-r7/powerhub/bd-king-r7 powerhub/orchestrator/.venv/lib/python3.12/site-packages/setuptools/_vendor/autocommand/__init__.py -> runner/python/__init__.py
[2026-06-03 21:56:54.276243] 📦 Moved ./bd-king-r7/IT/bd-king-r7/powerhub/bd-king-r7 powerhub/orchestrator/.venv/lib/python3.12/site-packages/setuptools/_vendor/autocommand/autoasync.py -> runner/python/autoasync.py
[2026-06-03 21:56:54.276740] 📦 Moved ./bd-king-r7/IT/bd-king-r7/powerhub/bd-king-r7 powerhub/orchestrator/.venv/lib/python3.12/site-packages/setuptools/_vendor/autocommand/autocommand.py -> runner/python/autocommand.py
[2026-06-03 21:56:54.277142] 📦 Moved ./bd-king-r7/IT/bd-king-r7/powerhub/bd-king-r7 powerhub/orchestrator/.venv/lib/python3.12/site-packages/setuptools/_vendor/autocommand/automain.py -> runner/python/automain.py
[2026-06-03 21:56:54.277597] 📦 Moved ./bd-king-r7/IT/bd-king-r7/powerhub/bd-king-r7 powerhub/orchestrator/.venv/lib/python3.12/site-packages/setuptools/_vendor/autocommand/autoparse.py -> runner/python/autoparse.py
[2026-06-03 21:56:54.278052] 📦 Moved ./bd-king-r7/IT/bd-king-r7/powerhub/bd-king-r7 powerhub/orchestrator/.venv/lib/python3.12/site-packages/setuptools/_vendor/autocommand/errors.py -> runner/python/errors.py
[2026-06-03 21:56:54.278715] 📦 Moved ./bd-king-r7/IT/bd-king-r7/powerhub/bd-king-r7 powerhub/orchestrator/.venv/lib/python3.12/site-packages/setuptools/_vendor/backports/__init__.py -> runner/python/__init__.py
[2026-06-03 21:56:54.279928] 📦 Moved ./bd-king-r7/IT/bd-king-r7/powerhub/bd-king-r7 powerhub/orchestrator/.venv/lib/python3.12/site-packages/setuptools/_vendor/backports/tarfile/__init__.py -> runner/python/__init__.py
[2026-06-03 21:56:54.280547] 📦 Moved ./bd-king-r7/IT/bd-king-r7/powerhub/bd-king-r7 powerhub/orchestrator/.venv/lib/python3.12/site-packages/setuptools/_vendor/backports/tarfile/__main__.py -> runner/python/__main__.py
[2026-06-03 21:56:54.281356] 📦 Moved ./bd-king-r7/IT/bd-king-r7/powerhub/bd-king-r7 powerhub/orchestrator/.venv/lib/python3.12/site-packages/setuptools/_vendor/backports/tarfile/compat/__init__.py -> runner/python/__init__.py
[2026-06-03 21:56:54.281870] 📦 Moved ./bd-king-r7/IT/bd-king-r7/powerhub/bd-king-r7 powerhub/orchestrator/.venv/lib/python3.12/site-packages/setuptools/_vendor/backports/tarfile/compat/py38.py -> runner/python/py38.py
[2026-06-03 21:56:54.282899] 📦 Moved ./bd-king-r7/IT/bd-king-r7/powerhub/bd-king-r7 powerhub/orchestrator/.venv/lib/python3.12/site-packages/setuptools/_vendor/importlib_metadata/__init__.py -> runner/python/__init__.py
[2026-06-03 21:56:54.283348] 📦 Moved ./bd-king-r7/IT/bd-king-r7/powerhub/bd-king-r7 powerhub/orchestrator/.venv/lib/python3.12/site-packages/setuptools/_vendor/importlib_metadata/_adapters.py -> runner/python/_adapters.py
[2026-06-03 21:56:54.283844] 📦 Moved ./bd-king-r7/IT/bd-king-r7/powerhub/bd-king-r7 powerhub/orchestrator/.venv/lib/python3.12/site-packages/setuptools/_vendor/importlib_metadata/_collections.py -> runner/python/_collections.py
[2026-06-03 21:56:54.284454] 📦 Moved ./bd-king-r7/IT/bd-king-r7/powerhub/bd-king-r7 powerhub/orchestrator/.venv/lib/python3.12/site-packages/setuptools/_vendor/importlib_metadata/_compat.py -> runner/python/_compat.py
[2026-06-03 21:56:54.284972] 📦 Moved ./bd-king-r7/IT/bd-king-r7/powerhub/bd-king-r7 powerhub/orchestrator/.venv/lib/python3.12/site-packages/setuptools/_vendor/importlib_metadata/_functools.py -> runner/python/_functools.py
[2026-06-03 21:56:54.285473] 📦 Moved ./bd-king-r7/IT/bd-king-r7/powerhub/bd-king-r7 powerhub/orchestrator/.venv/lib/python3.12/site-packages/setuptools/_vendor/importlib_metadata/_itertools.py -> runner/python/_itertools.py
[2026-06-03 21:56:54.285910] 📦 Moved ./bd-king-r7/IT/bd-king-r7/powerhub/bd-king-r7 powerhub/orchestrator/.venv/lib/python3.12/site-packages/setuptools/_vendor/importlib_metadata/_meta.py -> runner/python/_meta.py
[2026-06-03 21:56:54.286302] 📦 Moved ./bd-king-r7/IT/bd-king-r7/powerhub/bd-king-r7 powerhub/orchestrator/.venv/lib/python3.12/site-packages/setuptools/_vendor/importlib_metadata/_text.py -> runner/python/_text.py
[2026-06-03 21:56:54.286764] 📦 Moved ./bd-king-r7/IT/bd-king-r7/powerhub/bd-king-r7 powerhub/orchestrator/.venv/lib/python3.12/site-packages/setuptools/_vendor/importlib_metadata/diagnose.py -> runner/python/diagnose.py
[2026-06-03 21:56:54.287456] 📦 Moved ./bd-king-r7/IT/bd-king-r7/powerhub/bd-king-r7 powerhub/orchestrator/.venv/lib/python3.12/site-packages/setuptools/_vendor/importlib_metadata/compat/__init__.py -> runner/python/__init__.py
[2026-06-03 21:56:54.287909] 📦 Moved ./bd-king-r7/IT/bd-king-r7/powerhub/bd-king-r7 powerhub/orchestrator/.venv/lib/python3.12/site-packages/setuptools/_vendor/importlib_metadata/compat/py311.py -> runner/python/py311.py
[2026-06-03 21:56:54.288429] 📦 Moved ./bd-king-r7/IT/bd-king-r7/powerhub/bd-king-r7 powerhub/orchestrator/.venv/lib/python3.12/site-packages/setuptools/_vendor/importlib_metadata/compat/py39.py -> runner/python/py39.py
[2026-06-03 21:56:54.289792] 📦 Moved ./bd-king-r7/IT/bd-king-r7/powerhub/bd-king-r7 powerhub/orchestrator/.venv/lib/python3.12/site-packages/setuptools/_vendor/inflect/__init__.py -> runner/python/__init__.py
[2026-06-03 21:56:54.290544] 📦 Moved ./bd-king-r7/IT/bd-king-r7/powerhub/bd-king-r7 powerhub/orchestrator/.venv/lib/python3.12/site-packages/setuptools/_vendor/inflect/compat/__init__.py -> runner/python/__init__.py
[2026-06-03 21:56:54.291050] 📦 Moved ./bd-king-r7/IT/bd-king-r7/powerhub/bd-king-r7 powerhub/orchestrator/.venv/lib/python3.12/site-packages/setuptools/_vendor/inflect/compat/py38.py -> runner/python/py38.py
[2026-06-03 21:56:54.291975] 📦 Moved ./bd-king-r7/IT/bd-king-r7/powerhub/bd-king-r7 powerhub/orchestrator/.venv/lib/python3.12/site-packages/setuptools/_vendor/jaraco/context.py -> runner/python/context.py
[2026-06-03 21:56:54.292825] 📦 Moved ./bd-king-r7/IT/bd-king-r7/powerhub/bd-king-r7 powerhub/orchestrator/.venv/lib/python3.12/site-packages/setuptools/_vendor/jaraco/collections/__init__.py -> runner/python/__init__.py
[2026-06-03 21:56:54.293544] 📦 Moved ./bd-king-r7/IT/bd-king-r7/powerhub/bd-king-r7 powerhub/orchestrator/.venv/lib/python3.12/site-packages/setuptools/_vendor/jaraco/functools/__init__.py -> runner/python/__init__.py
[2026-06-03 21:56:54.294262] 📦 Moved ./bd-king-r7/IT/bd-king-r7/powerhub/bd-king-r7 powerhub/orchestrator/.venv/lib/python3.12/site-packages/setuptools/_vendor/jaraco/text/__init__.py -> runner/python/__init__.py
[2026-06-03 21:56:54.294657] 📦 Moved ./bd-king-r7/IT/bd-king-r7/powerhub/bd-king-r7 powerhub/orchestrator/.venv/lib/python3.12/site-packages/setuptools/_vendor/jaraco/text/layouts.py -> runner/python/layouts.py
[2026-06-03 21:56:54.295033] 📦 Moved ./bd-king-r7/IT/bd-king-r7/powerhub/bd-king-r7 powerhub/orchestrator/.venv/lib/python3.12/site-packages/setuptools/_vendor/jaraco/text/show-newlines.py -> runner/python/show-newlines.py
[2026-06-03 21:56:54.295367] 📦 Moved ./bd-king-r7/IT/bd-king-r7/powerhub/bd-king-r7 powerhub/orchestrator/.venv/lib/python3.12/site-packages/setuptools/_vendor/jaraco/text/strip-prefix.py -> runner/python/strip-prefix.py
[2026-06-03 21:56:54.295689] 📦 Moved ./bd-king-r7/IT/bd-king-r7/powerhub/bd-king-r7 powerhub/orchestrator/.venv/lib/python3.12/site-packages/setuptools/_vendor/jaraco/text/to-dvorak.py -> runner/python/to-dvorak.py
[2026-06-03 21:56:54.296000] 📦 Moved ./bd-king-r7/IT/bd-king-r7/powerhub/bd-king-r7 powerhub/orchestrator/.venv/lib/python3.12/site-packages/setuptools/_vendor/jaraco/text/to-qwerty.py -> runner/python/to-qwerty.py
[2026-06-03 21:56:54.296741] 📦 Moved ./bd-king-r7/IT/bd-king-r7/powerhub/bd-king-r7 powerhub/orchestrator/.venv/lib/python3.12/site-packages/setuptools/_vendor/more_itertools/__init__.py -> runner/python/__init__.py
[2026-06-03 21:56:54.298110] 📦 Moved ./bd-king-r7/IT/bd-king-r7/powerhub/bd-king-r7 powerhub/orchestrator/.venv/lib/python3.12/site-packages/setuptools/_vendor/more_itertools/more.py -> runner/python/more.py
[2026-06-03 21:56:54.298903] 📦 Moved ./bd-king-r7/IT/bd-king-r7/powerhub/bd-king-r7 powerhub/orchestrator/.venv/lib/python3.12/site-packages/setuptools/_vendor/more_itertools/recipes.py -> runner/python/recipes.py
[2026-06-03 21:56:54.299757] 📦 Moved ./bd-king-r7/IT/bd-king-r7/powerhub/bd-king-r7 powerhub/orchestrator/.venv/lib/python3.12/site-packages/setuptools/_vendor/packaging/__init__.py -> runner/python/__init__.py
[2026-06-03 21:56:54.300368] 📦 Moved ./bd-king-r7/IT/bd-king-r7/powerhub/bd-king-r7 powerhub/orchestrator/.venv/lib/python3.12/site-packages/setuptools/_vendor/packaging/_elffile.py -> runner/python/_elffile.py
[2026-06-03 21:56:54.300953] 📦 Moved ./bd-king-r7/IT/bd-king-r7/powerhub/bd-king-r7 powerhub/orchestrator/.venv/lib/python3.12/site-packages/setuptools/_vendor/packaging/_manylinux.py -> runner/python/_manylinux.py
[2026-06-03 21:56:54.301477] 📦 Moved ./bd-king-r7/IT/bd-king-r7/powerhub/bd-king-r7 powerhub/orchestrator/.venv/lib/python3.12/site-packages/setuptools/_vendor/packaging/_musllinux.py -> runner/python/_musllinux.py
[2026-06-03 21:56:54.302066] 📦 Moved ./bd-king-r7/IT/bd-king-r7/powerhub/bd-king-r7 powerhub/orchestrator/.venv/lib/python3.12/site-packages/setuptools/_vendor/packaging/_parser.py -> runner/python/_parser.py
[2026-06-03 21:56:54.302535] 📦 Moved ./bd-king-r7/IT/bd-king-r7/powerhub/bd-king-r7 powerhub/orchestrator/.venv/lib/python3.12/site-packages/setuptools/_vendor/packaging/_structures.py -> runner/python/_structures.py
[2026-06-03 21:56:54.303086] 📦 Moved ./bd-king-r7/IT/bd-king-r7/powerhub/bd-king-r7 powerhub/orchestrator/.venv/lib/python3.12/site-packages/setuptools/_vendor/packaging/_tokenizer.py -> runner/python/_tokenizer.py
[2026-06-03 21:56:54.303700] 📦 Moved ./bd-king-r7/IT/bd-king-r7/powerhub/bd-king-r7 powerhub/orchestrator/.venv/lib/python3.12/site-packages/setuptools/_vendor/packaging/markers.py -> runner/python/markers.py
[2026-06-03 21:56:54.304600] 📦 Moved ./bd-king-r7/IT/bd-king-r7/powerhub/bd-king-r7 powerhub/orchestrator/.venv/lib/python3.12/site-packages/setuptools/_vendor/packaging/metadata.py -> runner/python/metadata.py
[2026-06-03 21:56:54.305213] 📦 Moved ./bd-king-r7/IT/bd-king-r7/powerhub/bd-king-r7 powerhub/orchestrator/.venv/lib/python3.12/site-packages/setuptools/_vendor/packaging/requirements.py -> runner/python/requirements.py
[2026-06-03 21:56:54.306001] 📦 Moved ./bd-king-r7/IT/bd-king-r7/powerhub/bd-king-r7 powerhub/orchestrator/.venv/lib/python3.12/site-packages/setuptools/_vendor/packaging/specifiers.py -> runner/python/specifiers.py
[2026-06-03 21:56:54.306634] 📦 Moved ./bd-king-r7/IT/bd-king-r7/powerhub/bd-king-r7 powerhub/orchestrator/.venv/lib/python3.12/site-packages/setuptools/_vendor/packaging/tags.py -> runner/python/tags.py
[2026-06-03 21:56:54.307128] 📦 Moved ./bd-king-r7/IT/bd-king-r7/powerhub/bd-king-r7 powerhub/orchestrator/.venv/lib/python3.12/site-packages/setuptools/_vendor/packaging/utils.py -> runner/python/utils.py
[2026-06-03 21:56:54.307679] 📦 Moved ./bd-king-r7/IT/bd-king-r7/powerhub/bd-king-r7 powerhub/orchestrator/.venv/lib/python3.12/site-packages/setuptools/_vendor/packaging/version.py -> runner/python/version.py
[2026-06-03 21:56:54.308496] 📦 Moved ./bd-king-r7/IT/bd-king-r7/powerhub/bd-king-r7 powerhub/orchestrator/.venv/lib/python3.12/site-packages/setuptools/_vendor/packaging/licenses/__init__.py -> runner/python/__init__.py
[2026-06-03 21:56:54.309259] 📦 Moved ./bd-king-r7/IT/bd-king-r7/powerhub/bd-king-r7 powerhub/orchestrator/.venv/lib/python3.12/site-packages/setuptools/_vendor/packaging/licenses/_spdx.py -> runner/python/_spdx.py
[2026-06-03 21:56:54.310153] 📦 Moved ./bd-king-r7/IT/bd-king-r7/powerhub/bd-king-r7 powerhub/orchestrator/.venv/lib/python3.12/site-packages/setuptools/_vendor/platformdirs/__init__.py -> runner/python/__init__.py
[2026-06-03 21:56:54.310612] 📦 Moved ./bd-king-r7/IT/bd-king-r7/powerhub/bd-king-r7 powerhub/orchestrator/.venv/lib/python3.12/site-packages/setuptools/_vendor/platformdirs/__main__.py -> runner/python/__main__.py
[2026-06-03 21:56:54.311081] 📦 Moved ./bd-king-r7/IT/bd-king-r7/powerhub/bd-king-r7 powerhub/orchestrator/.venv/lib/python3.12/site-packages/setuptools/_vendor/platformdirs/android.py -> runner/python/android.py
[2026-06-03 21:56:54.311524] 📦 Moved ./bd-king-r7/IT/bd-king-r7/powerhub/bd-king-r7 powerhub/orchestrator/.venv/lib/python3.12/site-packages/setuptools/_vendor/platformdirs/api.py -> runner/python/api.py
[2026-06-03 21:56:54.311986] 📦 Moved ./bd-king-r7/IT/bd-king-r7/powerhub/bd-king-r7 powerhub/orchestrator/.venv/lib/python3.12/site-packages/setuptools/_vendor/platformdirs/macos.py -> runner/python/macos.py
[2026-06-03 21:56:54.312489] 📦 Moved ./bd-king-r7/IT/bd-king-r7/powerhub/bd-king-r7 powerhub/orchestrator/.venv/lib/python3.12/site-packages/setuptools/_vendor/platformdirs/unix.py -> runner/python/unix.py
[2026-06-03 21:56:54.312876] 📦 Moved ./bd-king-r7/IT/bd-king-r7/powerhub/bd-king-r7 powerhub/orchestrator/.venv/lib/python3.12/site-packages/setuptools/_vendor/platformdirs/version.py -> runner/python/version.py
[2026-06-03 21:56:54.313323] 📦 Moved ./bd-king-r7/IT/bd-king-r7/powerhub/bd-king-r7 powerhub/orchestrator/.venv/lib/python3.12/site-packages/setuptools/_vendor/platformdirs/windows.py -> runner/python/windows.py
[2026-06-03 21:56:54.313986] 📦 Moved ./bd-king-r7/IT/bd-king-r7/powerhub/bd-king-r7 powerhub/orchestrator/.venv/lib/python3.12/site-packages/setuptools/_vendor/tomli/__init__.py -> runner/python/__init__.py
[2026-06-03 21:56:54.314547] 📦 Moved ./bd-king-r7/IT/bd-king-r7/powerhub/bd-king-r7 powerhub/orchestrator/.venv/lib/python3.12/site-packages/setuptools/_vendor/tomli/_parser.py -> runner/python/_parser.py
[2026-06-03 21:56:54.315068] 📦 Moved ./bd-king-r7/IT/bd-king-r7/powerhub/bd-king-r7 powerhub/orchestrator/.venv/lib/python3.12/site-packages/setuptools/_vendor/tomli/_re.py -> runner/python/_re.py
[2026-06-03 21:56:54.315540] 📦 Moved ./bd-king-r7/IT/bd-king-r7/powerhub/bd-king-r7 powerhub/orchestrator/.venv/lib/python3.12/site-packages/setuptools/_vendor/tomli/_types.py -> runner/python/_types.py
[2026-06-03 21:56:54.316399] 📦 Moved ./bd-king-r7/IT/bd-king-r7/powerhub/bd-king-r7 powerhub/orchestrator/.venv/lib/python3.12/site-packages/setuptools/_vendor/typeguard/__init__.py -> runner/python/__init__.py
[2026-06-03 21:56:54.317125] 📦 Moved ./bd-king-r7/IT/bd-king-r7/powerhub/bd-king-r7 powerhub/orchestrator/.venv/lib/python3.12/site-packages/setuptools/_vendor/typeguard/_checkers.py -> runner/python/_checkers.py
[2026-06-03 21:56:54.317701] 📦 Moved ./bd-king-r7/IT/bd-king-r7/powerhub/bd-king-r7 powerhub/orchestrator/.venv/lib/python3.12/site-packages/setuptools/_vendor/typeguard/_config.py -> runner/python/_config.py
[2026-06-03 21:56:54.318194] 📦 Moved ./bd-king-r7/IT/bd-king-r7/powerhub/bd-king-r7 powerhub/orchestrator/.venv/lib/python3.12/site-packages/setuptools/_vendor/typeguard/_decorators.py -> runner/python/_decorators.py
[2026-06-03 21:56:54.318624] 📦 Moved ./bd-king-r7/IT/bd-king-r7/powerhub/bd-king-r7 powerhub/orchestrator/.venv/lib/python3.12/site-packages/setuptools/_vendor/typeguard/_exceptions.py -> runner/python/_exceptions.py
[2026-06-03 21:56:54.319145] 📦 Moved ./bd-king-r7/IT/bd-king-r7/powerhub/bd-king-r7 powerhub/orchestrator/.venv/lib/python3.12/site-packages/setuptools/_vendor/typeguard/_functions.py -> runner/python/_functions.py
[2026-06-03 21:56:54.319624] 📦 Moved ./bd-king-r7/IT/bd-king-r7/powerhub/bd-king-r7 powerhub/orchestrator/.venv/lib/python3.12/site-packages/setuptools/_vendor/typeguard/_importhook.py -> runner/python/_importhook.py
[2026-06-03 21:56:54.320113] 📦 Moved ./bd-king-r7/IT/bd-king-r7/powerhub/bd-king-r7 powerhub/orchestrator/.venv/lib/python3.12/site-packages/setuptools/_vendor/typeguard/_memo.py -> runner/python/_memo.py
[2026-06-03 21:56:54.320539] 📦 Moved ./bd-king-r7/IT/bd-king-r7/powerhub/bd-king-r7 powerhub/orchestrator/.venv/lib/python3.12/site-packages/setuptools/_vendor/typeguard/_pytest_plugin.py -> runner/python/_pytest_plugin.py
[2026-06-03 21:56:54.320965] 📦 Moved ./bd-king-r7/IT/bd-king-r7/powerhub/bd-king-r7 powerhub/orchestrator/.venv/lib/python3.12/site-packages/setuptools/_vendor/typeguard/_suppression.py -> runner/python/_suppression.py
[2026-06-03 21:56:54.321640] 📦 Moved ./bd-king-r7/IT/bd-king-r7/powerhub/bd-king-r7 powerhub/orchestrator/.venv/lib/python3.12/site-packages/setuptools/_vendor/typeguard/_transformer.py -> runner/python/_transformer.py
[2026-06-03 21:56:54.322101] 📦 Moved ./bd-king-r7/IT/bd-king-r7/powerhub/bd-king-r7 powerhub/orchestrator/.venv/lib/python3.12/site-packages/setuptools/_vendor/typeguard/_union_transformer.py -> runner/python/_union_transformer.py
[2026-06-03 21:56:54.322595] 📦 Moved ./bd-king-r7/IT/bd-king-r7/powerhub/bd-king-r7 powerhub/orchestrator/.venv/lib/python3.12/site-packages/setuptools/_vendor/typeguard/_utils.py -> runner/python/_utils.py
[2026-06-03 21:56:54.323431] 📦 Moved ./bd-king-r7/IT/bd-king-r7/powerhub/bd-king-r7 powerhub/orchestrator/.venv/lib/python3.12/site-packages/setuptools/_vendor/wheel/__init__.py -> runner/python/__init__.py
[2026-06-03 21:56:54.323868] 📦 Moved ./bd-king-r7/IT/bd-king-r7/powerhub/bd-king-r7 powerhub/orchestrator/.venv/lib/python3.12/site-packages/setuptools/_vendor/wheel/__main__.py -> runner/python/__main__.py
[2026-06-03 21:56:54.324436] 📦 Moved ./bd-king-r7/IT/bd-king-r7/powerhub/bd-king-r7 powerhub/orchestrator/.venv/lib/python3.12/site-packages/setuptools/_vendor/wheel/_bdist_wheel.py -> runner/python/_bdist_wheel.py
[2026-06-03 21:56:54.324818] 📦 Moved ./bd-king-r7/IT/bd-king-r7/powerhub/bd-king-r7 powerhub/orchestrator/.venv/lib/python3.12/site-packages/setuptools/_vendor/wheel/_setuptools_logging.py -> runner/python/_setuptools_logging.py
[2026-06-03 21:56:54.325217] 📦 Moved ./bd-king-r7/IT/bd-king-r7/powerhub/bd-king-r7 powerhub/orchestrator/.venv/lib/python3.12/site-packages/setuptools/_vendor/wheel/bdist_wheel.py -> runner/python/bdist_wheel.py
[2026-06-03 21:56:54.325851] 🛠 Auto-fixed: ./bd-king-r7/IT/bd-king-r7/powerhub/bd-king-r7 powerhub/orchestrator/.venv/lib/python3.12/site-packages/setuptools/_vendor/wheel/macosx_libfile.py
[2026-06-03 21:56:54.326123] 📦 Moved ./bd-king-r7/IT/bd-king-r7/powerhub/bd-king-r7 powerhub/orchestrator/.venv/lib/python3.12/site-packages/setuptools/_vendor/wheel/macosx_libfile.py -> runner/python/macosx_libfile.py
[2026-06-03 21:56:54.326640] 📦 Moved ./bd-king-r7/IT/bd-king-r7/powerhub/bd-king-r7 powerhub/orchestrator/.venv/lib/python3.12/site-packages/setuptools/_vendor/wheel/metadata.py -> runner/python/metadata.py
[2026-06-03 21:56:54.327042] 📦 Moved ./bd-king-r7/IT/bd-king-r7/powerhub/bd-king-r7 powerhub/orchestrator/.venv/lib/python3.12/site-packages/setuptools/_vendor/wheel/util.py -> runner/python/util.py
[2026-06-03 21:56:54.327427] 📦 Moved ./bd-king-r7/IT/bd-king-r7/powerhub/bd-king-r7 powerhub/orchestrator/.venv/lib/python3.12/site-packages/setuptools/_vendor/wheel/wheelfile.py -> runner/python/wheelfile.py
[2026-06-03 21:56:54.328086] 📦 Moved ./bd-king-r7/IT/bd-king-r7/powerhub/bd-king-r7 powerhub/orchestrator/.venv/lib/python3.12/site-packages/setuptools/_vendor/wheel/cli/__init__.py -> runner/python/__init__.py
[2026-06-03 21:56:54.328556] 📦 Moved ./bd-king-r7/IT/bd-king-r7/powerhub/bd-king-r7 powerhub/orchestrator/.venv/lib/python3.12/site-packages/setuptools/_vendor/wheel/cli/convert.py -> runner/python/convert.py
[2026-06-03 21:56:54.328919] 📦 Moved ./bd-king-r7/IT/bd-king-r7/powerhub/bd-king-r7 powerhub/orchestrator/.venv/lib/python3.12/site-packages/setuptools/_vendor/wheel/cli/pack.py -> runner/python/pack.py
[2026-06-03 21:56:54.329347] 📦 Moved ./bd-king-r7/IT/bd-king-r7/powerhub/bd-king-r7 powerhub/orchestrator/.venv/lib/python3.12/site-packages/setuptools/_vendor/wheel/cli/tags.py -> runner/python/tags.py
[2026-06-03 21:56:54.329699] 📦 Moved ./bd-king-r7/IT/bd-king-r7/powerhub/bd-king-r7 powerhub/orchestrator/.venv/lib/python3.12/site-packages/setuptools/_vendor/wheel/cli/unpack.py -> runner/python/unpack.py
[2026-06-03 21:56:54.330264] 📦 Moved ./bd-king-r7/IT/bd-king-r7/powerhub/bd-king-r7 powerhub/orchestrator/.venv/lib/python3.12/site-packages/setuptools/_vendor/wheel/vendored/__init__.py -> runner/python/__init__.py
[2026-06-03 21:56:54.330831] 📦 Moved ./bd-king-r7/IT/bd-king-r7/powerhub/bd-king-r7 powerhub/orchestrator/.venv/lib/python3.12/site-packages/setuptools/_vendor/wheel/vendored/packaging/__init__.py -> runner/python/__init__.py
[2026-06-03 21:56:54.331292] 📦 Moved ./bd-king-r7/IT/bd-king-r7/powerhub/bd-king-r7 powerhub/orchestrator/.venv/lib/python3.12/site-packages/setuptools/_vendor/wheel/vendored/packaging/_elffile.py -> runner/python/_elffile.py
[2026-06-03 21:56:54.331779] 📦 Moved ./bd-king-r7/IT/bd-king-r7/powerhub/bd-king-r7 powerhub/orchestrator/.venv/lib/python3.12/site-packages/setuptools/_vendor/wheel/vendored/packaging/_manylinux.py -> runner/python/_manylinux.py
[2026-06-03 21:56:54.332279] 📦 Moved ./bd-king-r7/IT/bd-king-r7/powerhub/bd-king-r7 powerhub/orchestrator/.venv/lib/python3.12/site-packages/setuptools/_vendor/wheel/vendored/packaging/_musllinux.py -> runner/python/_musllinux.py
[2026-06-03 21:56:54.332806] 📦 Moved ./bd-king-r7/IT/bd-king-r7/powerhub/bd-king-r7 powerhub/orchestrator/.venv/lib/python3.12/site-packages/setuptools/_vendor/wheel/vendored/packaging/_parser.py -> runner/python/_parser.py
[2026-06-03 21:56:54.333289] 📦 Moved ./bd-king-r7/IT/bd-king-r7/powerhub/bd-king-r7 powerhub/orchestrator/.venv/lib/python3.12/site-packages/setuptools/_vendor/wheel/vendored/packaging/_structures.py -> runner/python/_structures.py
[2026-06-03 21:56:54.333775] 📦 Moved ./bd-king-r7/IT/bd-king-r7/powerhub/bd-king-r7 powerhub/orchestrator/.venv/lib/python3.12/site-packages/setuptools/_vendor/wheel/vendored/packaging/_tokenizer.py -> runner/python/_tokenizer.py
[2026-06-03 21:56:54.334289] 📦 Moved ./bd-king-r7/IT/bd-king-r7/powerhub/bd-king-r7 powerhub/orchestrator/.venv/lib/python3.12/site-packages/setuptools/_vendor/wheel/vendored/packaging/markers.py -> runner/python/markers.py
[2026-06-03 21:56:54.334763] 📦 Moved ./bd-king-r7/IT/bd-king-r7/powerhub/bd-king-r7 powerhub/orchestrator/.venv/lib/python3.12/site-packages/setuptools/_vendor/wheel/vendored/packaging/requirements.py -> runner/python/requirements.py
[2026-06-03 21:56:54.335558] 📦 Moved ./bd-king-r7/IT/bd-king-r7/powerhub/bd-king-r7 powerhub/orchestrator/.venv/lib/python3.12/site-packages/setuptools/_vendor/wheel/vendored/packaging/specifiers.py -> runner/python/specifiers.py
[2026-06-03 21:56:54.336369] 📦 Moved ./bd-king-r7/IT/bd-king-r7/powerhub/bd-king-r7 powerhub/orchestrator/.venv/lib/python3.12/site-packages/setuptools/_vendor/wheel/vendored/packaging/tags.py -> runner/python/tags.py
[2026-06-03 21:56:54.337057] 📦 Moved ./bd-king-r7/IT/bd-king-r7/powerhub/bd-king-r7 powerhub/orchestrator/.venv/lib/python3.12/site-packages/setuptools/_vendor/wheel/vendored/packaging/utils.py -> runner/python/utils.py
[2026-06-03 21:56:54.337706] 📦 Moved ./bd-king-r7/IT/bd-king-r7/powerhub/bd-king-r7 powerhub/orchestrator/.venv/lib/python3.12/site-packages/setuptools/_vendor/wheel/vendored/packaging/version.py -> runner/python/version.py
[2026-06-03 21:56:54.338692] 📦 Moved ./bd-king-r7/IT/bd-king-r7/powerhub/bd-king-r7 powerhub/orchestrator/.venv/lib/python3.12/site-packages/setuptools/_vendor/zipp/__init__.py -> runner/python/__init__.py
[2026-06-03 21:56:54.339189] 📦 Moved ./bd-king-r7/IT/bd-king-r7/powerhub/bd-king-r7 powerhub/orchestrator/.venv/lib/python3.12/site-packages/setuptools/_vendor/zipp/glob.py -> runner/python/glob.py
[2026-06-03 21:56:54.339775] 📦 Moved ./bd-king-r7/IT/bd-king-r7/powerhub/bd-king-r7 powerhub/orchestrator/.venv/lib/python3.12/site-packages/setuptools/_vendor/zipp/compat/__init__.py -> runner/python/__init__.py
[2026-06-03 21:56:54.340230] 📦 Moved ./bd-king-r7/IT/bd-king-r7/powerhub/bd-king-r7 powerhub/orchestrator/.venv/lib/python3.12/site-packages/setuptools/_vendor/zipp/compat/py310.py -> runner/python/py310.py
[2026-06-03 21:56:54.340893] 📦 Moved ./bd-king-r7/IT/bd-king-r7/powerhub/bd-king-r7 powerhub/orchestrator/.venv/lib/python3.12/site-packages/setuptools/command/__init__.py -> runner/python/__init__.py
[2026-06-03 21:56:54.341285] 📦 Moved ./bd-king-r7/IT/bd-king-r7/powerhub/bd-king-r7 powerhub/orchestrator/.venv/lib/python3.12/site-packages/setuptools/command/_requirestxt.py -> runner/python/_requirestxt.py
[2026-06-03 21:56:54.341639] 📦 Moved ./bd-king-r7/IT/bd-king-r7/powerhub/bd-king-r7 powerhub/orchestrator/.venv/lib/python3.12/site-packages/setuptools/command/alias.py -> runner/python/alias.py
[2026-06-03 21:56:54.342091] 📦 Moved ./bd-king-r7/IT/bd-king-r7/powerhub/bd-king-r7 powerhub/orchestrator/.venv/lib/python3.12/site-packages/setuptools/command/bdist_egg.py -> runner/python/bdist_egg.py
[2026-06-03 21:56:54.342535] 📦 Moved ./bd-king-r7/IT/bd-king-r7/powerhub/bd-king-r7 powerhub/orchestrator/.venv/lib/python3.12/site-packages/setuptools/command/bdist_rpm.py -> runner/python/bdist_rpm.py
[2026-06-03 21:56:54.343096] 📦 Moved ./bd-king-r7/IT/bd-king-r7/powerhub/bd-king-r7 powerhub/orchestrator/.venv/lib/python3.12/site-packages/setuptools/command/bdist_wheel.py -> runner/python/bdist_wheel.py
[2026-06-03 21:56:54.343524] 📦 Moved ./bd-king-r7/IT/bd-king-r7/powerhub/bd-king-r7 powerhub/orchestrator/.venv/lib/python3.12/site-packages/setuptools/command/build.py -> runner/python/build.py
[2026-06-03 21:56:54.343902] 📦 Moved ./bd-king-r7/IT/bd-king-r7/powerhub/bd-king-r7 powerhub/orchestrator/.venv/lib/python3.12/site-packages/setuptools/command/build_clib.py -> runner/python/build_clib.py
[2026-06-03 21:56:54.344441] 📦 Moved ./bd-king-r7/IT/bd-king-r7/powerhub/bd-king-r7 powerhub/orchestrator/.venv/lib/python3.12/site-packages/setuptools/command/build_ext.py -> runner/python/build_ext.py
[2026-06-03 21:56:54.344932] 📦 Moved ./bd-king-r7/IT/bd-king-r7/powerhub/bd-king-r7 powerhub/orchestrator/.venv/lib/python3.12/site-packages/setuptools/command/build_py.py -> runner/python/build_py.py
[2026-06-03 21:56:54.345293] 📦 Moved ./bd-king-r7/IT/bd-king-r7/powerhub/bd-king-r7 powerhub/orchestrator/.venv/lib/python3.12/site-packages/setuptools/command/develop.py -> runner/python/develop.py
[2026-06-03 21:56:54.345650] 📦 Moved ./bd-king-r7/IT/bd-king-r7/powerhub/bd-king-r7 powerhub/orchestrator/.venv/lib/python3.12/site-packages/setuptools/command/dist_info.py -> runner/python/dist_info.py
[2026-06-03 21:56:54.345980] 📦 Moved ./bd-king-r7/IT/bd-king-r7/powerhub/bd-king-r7 powerhub/orchestrator/.venv/lib/python3.12/site-packages/setuptools/command/easy_install.py -> runner/python/easy_install.py
[2026-06-03 21:56:54.346508] 📦 Moved ./bd-king-r7/IT/bd-king-r7/powerhub/bd-king-r7 powerhub/orchestrator/.venv/lib/python3.12/site-packages/setuptools/command/editable_wheel.py -> runner/python/editable_wheel.py
[2026-06-03 21:56:54.347021] 📦 Moved ./bd-king-r7/IT/bd-king-r7/powerhub/bd-king-r7 powerhub/orchestrator/.venv/lib/python3.12/site-packages/setuptools/command/egg_info.py -> runner/python/egg_info.py
[2026-06-03 21:56:54.347459] 📦 Moved ./bd-king-r7/IT/bd-king-r7/powerhub/bd-king-r7 powerhub/orchestrator/.venv/lib/python3.12/site-packages/setuptools/command/install.py -> runner/python/install.py
[2026-06-03 21:56:54.347885] 📦 Moved ./bd-king-r7/IT/bd-king-r7/powerhub/bd-king-r7 powerhub/orchestrator/.venv/lib/python3.12/site-packages/setuptools/command/install_egg_info.py -> runner/python/install_egg_info.py
[2026-06-03 21:56:54.348479] 📦 Moved ./bd-king-r7/IT/bd-king-r7/powerhub/bd-king-r7 powerhub/orchestrator/.venv/lib/python3.12/site-packages/setuptools/command/install_lib.py -> runner/python/install_lib.py
[2026-06-03 21:56:54.348967] 📦 Moved ./bd-king-r7/IT/bd-king-r7/powerhub/bd-king-r7 powerhub/orchestrator/.venv/lib/python3.12/site-packages/setuptools/command/install_scripts.py -> runner/python/install_scripts.py
[2026-06-03 21:56:54.349381] 📦 Moved ./bd-king-r7/IT/bd-king-r7/powerhub/bd-king-r7 powerhub/orchestrator/.venv/lib/python3.12/site-packages/setuptools/command/rotate.py -> runner/python/rotate.py
[2026-06-03 21:56:54.349758] 📦 Moved ./bd-king-r7/IT/bd-king-r7/powerhub/bd-king-r7 powerhub/orchestrator/.venv/lib/python3.12/site-packages/setuptools/command/saveopts.py -> runner/python/saveopts.py
[2026-06-03 21:56:54.350313] 📦 Moved ./bd-king-r7/IT/bd-king-r7/powerhub/bd-king-r7 powerhub/orchestrator/.venv/lib/python3.12/site-packages/setuptools/command/sdist.py -> runner/python/sdist.py
[2026-06-03 21:56:54.350807] 📦 Moved ./bd-king-r7/IT/bd-king-r7/powerhub/bd-king-r7 powerhub/orchestrator/.venv/lib/python3.12/site-packages/setuptools/command/setopt.py -> runner/python/setopt.py
[2026-06-03 21:56:54.351231] 📦 Moved ./bd-king-r7/IT/bd-king-r7/powerhub/bd-king-r7 powerhub/orchestrator/.venv/lib/python3.12/site-packages/setuptools/command/test.py -> runner/python/test.py
[2026-06-03 21:56:54.352088] 📦 Moved ./bd-king-r7/IT/bd-king-r7/powerhub/bd-king-r7 powerhub/orchestrator/.venv/lib/python3.12/site-packages/setuptools/compat/__init__.py -> runner/python/__init__.py
[2026-06-03 21:56:54.352661] 📦 Moved ./bd-king-r7/IT/bd-king-r7/powerhub/bd-king-r7 powerhub/orchestrator/.venv/lib/python3.12/site-packages/setuptools/compat/py310.py -> runner/python/py310.py
[2026-06-03 21:56:54.353158] 📦 Moved ./bd-king-r7/IT/bd-king-r7/powerhub/bd-king-r7 powerhub/orchestrator/.venv/lib/python3.12/site-packages/setuptools/compat/py311.py -> runner/python/py311.py
[2026-06-03 21:56:54.353566] 📦 Moved ./bd-king-r7/IT/bd-king-r7/powerhub/bd-king-r7 powerhub/orchestrator/.venv/lib/python3.12/site-packages/setuptools/compat/py312.py -> runner/python/py312.py
[2026-06-03 21:56:54.354075] 📦 Moved ./bd-king-r7/IT/bd-king-r7/powerhub/bd-king-r7 powerhub/orchestrator/.venv/lib/python3.12/site-packages/setuptools/compat/py39.py -> runner/python/py39.py
[2026-06-03 21:56:54.354737] 📦 Moved ./bd-king-r7/IT/bd-king-r7/powerhub/bd-king-r7 powerhub/orchestrator/.venv/lib/python3.12/site-packages/setuptools/config/__init__.py -> runner/python/__init__.py
[2026-06-03 21:56:54.355261] 📦 Moved ./bd-king-r7/IT/bd-king-r7/powerhub/bd-king-r7 powerhub/orchestrator/.venv/lib/python3.12/site-packages/setuptools/config/_apply_pyprojecttoml.py -> runner/python/_apply_pyprojecttoml.py
[2026-06-03 21:56:54.355676] 📦 Moved ./bd-king-r7/IT/bd-king-r7/powerhub/bd-king-r7 powerhub/orchestrator/.venv/lib/python3.12/site-packages/setuptools/config/distutils.schema.json -> runner/data/distutils.schema.json
[2026-06-03 21:56:54.356237] 📦 Moved ./bd-king-r7/IT/bd-king-r7/powerhub/bd-king-r7 powerhub/orchestrator/.venv/lib/python3.12/site-packages/setuptools/config/expand.py -> runner/python/expand.py
[2026-06-03 21:56:54.356861] 📦 Moved ./bd-king-r7/IT/bd-king-r7/powerhub/bd-king-r7 powerhub/orchestrator/.venv/lib/python3.12/site-packages/setuptools/config/pyprojecttoml.py -> runner/python/pyprojecttoml.py
[2026-06-03 21:56:54.357442] 📦 Moved ./bd-king-r7/IT/bd-king-r7/powerhub/bd-king-r7 powerhub/orchestrator/.venv/lib/python3.12/site-packages/setuptools/config/setupcfg.py -> runner/python/setupcfg.py
[2026-06-03 21:56:54.357903] 📦 Moved ./bd-king-r7/IT/bd-king-r7/powerhub/bd-king-r7 powerhub/orchestrator/.venv/lib/python3.12/site-packages/setuptools/config/setuptools.schema.json -> runner/data/setuptools.schema.json
[2026-06-03 21:56:54.358551] 📦 Moved ./bd-king-r7/IT/bd-king-r7/powerhub/bd-king-r7 powerhub/orchestrator/.venv/lib/python3.12/site-packages/setuptools/config/_validate_pyproject/__init__.py -> runner/python/__init__.py
[2026-06-03 21:56:54.359014] 📦 Moved ./bd-king-r7/IT/bd-king-r7/powerhub/bd-king-r7 powerhub/orchestrator/.venv/lib/python3.12/site-packages/setuptools/config/_validate_pyproject/error_reporting.py -> runner/python/error_reporting.py
[2026-06-03 21:56:54.359397] 📦 Moved ./bd-king-r7/IT/bd-king-r7/powerhub/bd-king-r7 powerhub/orchestrator/.venv/lib/python3.12/site-packages/setuptools/config/_validate_pyproject/extra_validations.py -> runner/python/extra_validations.py
[2026-06-03 21:56:54.359752] 📦 Moved ./bd-king-r7/IT/bd-king-r7/powerhub/bd-king-r7 powerhub/orchestrator/.venv/lib/python3.12/site-packages/setuptools/config/_validate_pyproject/fastjsonschema_exceptions.py -> runner/python/fastjsonschema_exceptions.py
[2026-06-03 21:56:54.362066] 📦 Moved ./bd-king-r7/IT/bd-king-r7/powerhub/bd-king-r7 powerhub/orchestrator/.venv/lib/python3.12/site-packages/setuptools/config/_validate_pyproject/fastjsonschema_validations.py -> runner/python/fastjsonschema_validations.py
[2026-06-03 21:56:54.362809] 📦 Moved ./bd-king-r7/IT/bd-king-r7/powerhub/bd-king-r7 powerhub/orchestrator/.venv/lib/python3.12/site-packages/setuptools/config/_validate_pyproject/formats.py -> runner/python/formats.py
[2026-06-03 21:56:54.363794] 📦 Moved ./bd-king-r7/IT/bd-king-r7/powerhub/bd-king-r7 powerhub/orchestrator/.venv/lib/python3.12/site-packages/setuptools/tests/__init__.py -> runner/python/__init__.py
[2026-06-03 21:56:54.364322] 📦 Moved ./bd-king-r7/IT/bd-king-r7/powerhub/bd-king-r7 powerhub/orchestrator/.venv/lib/python3.12/site-packages/setuptools/tests/contexts.py -> runner/python/contexts.py
[2026-06-03 21:56:54.364905] 📦 Moved ./bd-king-r7/IT/bd-king-r7/powerhub/bd-king-r7 powerhub/orchestrator/.venv/lib/python3.12/site-packages/setuptools/tests/environment.py -> runner/python/environment.py
[2026-06-03 21:56:54.365477] 📦 Moved ./bd-king-r7/IT/bd-king-r7/powerhub/bd-king-r7 powerhub/orchestrator/.venv/lib/python3.12/site-packages/setuptools/tests/fixtures.py -> runner/python/fixtures.py
[2026-06-03 21:56:54.365899] 📦 Moved ./bd-king-r7/IT/bd-king-r7/powerhub/bd-king-r7 powerhub/orchestrator/.venv/lib/python3.12/site-packages/setuptools/tests/mod_with_constant.py -> runner/python/mod_with_constant.py
[2026-06-03 21:56:54.366361] 📦 Moved ./bd-king-r7/IT/bd-king-r7/powerhub/bd-king-r7 powerhub/orchestrator/.venv/lib/python3.12/site-packages/setuptools/tests/namespaces.py -> runner/python/namespaces.py
[2026-06-03 21:56:54.366733] 📦 Moved ./bd-king-r7/IT/bd-king-r7/powerhub/bd-king-r7 powerhub/orchestrator/.venv/lib/python3.12/site-packages/setuptools/tests/script-with-bom.py -> runner/python/script-with-bom.py
[2026-06-03 21:56:54.367237] 📦 Moved ./bd-king-r7/IT/bd-king-r7/powerhub/bd-king-r7 powerhub/orchestrator/.venv/lib/python3.12/site-packages/setuptools/tests/test_archive_util.py -> runner/python/test_archive_util.py
[2026-06-03 21:56:54.367641] 📦 Moved ./bd-king-r7/IT/bd-king-r7/powerhub/bd-king-r7 powerhub/orchestrator/.venv/lib/python3.12/site-packages/setuptools/tests/test_bdist_deprecations.py -> runner/python/test_bdist_deprecations.py
[2026-06-03 21:56:54.368102] 📦 Moved ./bd-king-r7/IT/bd-king-r7/powerhub/bd-king-r7 powerhub/orchestrator/.venv/lib/python3.12/site-packages/setuptools/tests/test_bdist_egg.py -> runner/python/test_bdist_egg.py
[2026-06-03 21:56:54.369032] 📦 Moved ./bd-king-r7/IT/bd-king-r7/powerhub/bd-king-r7 powerhub/orchestrator/.venv/lib/python3.12/site-packages/setuptools/tests/test_bdist_wheel.py -> runner/python/test_bdist_wheel.py
[2026-06-03 21:56:54.369673] 📦 Moved ./bd-king-r7/IT/bd-king-r7/powerhub/bd-king-r7 powerhub/orchestrator/.venv/lib/python3.12/site-packages/setuptools/tests/test_build.py -> runner/python/test_build.py
[2026-06-03 21:56:54.370214] 📦 Moved ./bd-king-r7/IT/bd-king-r7/powerhub/bd-king-r7 powerhub/orchestrator/.venv/lib/python3.12/site-packages/setuptools/tests/test_build_clib.py -> runner/python/test_build_clib.py
[2026-06-03 21:56:54.370793] 📦 Moved ./bd-king-r7/IT/bd-king-r7/powerhub/bd-king-r7 powerhub/orchestrator/.venv/lib/python3.12/site-packages/setuptools/tests/test_build_ext.py -> runner/python/test_build_ext.py
[2026-06-03 21:56:54.371420] 📦 Moved ./bd-king-r7/IT/bd-king-r7/powerhub/bd-king-r7 powerhub/orchestrator/.venv/lib/python3.12/site-packages/setuptools/tests/test_build_meta.py -> runner/python/test_build_meta.py
[2026-06-03 21:56:54.372065] 📦 Moved ./bd-king-r7/IT/bd-king-r7/powerhub/bd-king-r7 powerhub/orchestrator/.venv/lib/python3.12/site-packages/setuptools/tests/test_build_py.py -> runner/python/test_build_py.py
[2026-06-03 21:56:54.372705] 📦 Moved ./bd-king-r7/IT/bd-king-r7/powerhub/bd-king-r7 powerhub/orchestrator/.venv/lib/python3.12/site-packages/setuptools/tests/test_config_discovery.py -> runner/python/test_config_discovery.py
[2026-06-03 21:56:54.373364] 📦 Moved ./bd-king-r7/IT/bd-king-r7/powerhub/bd-king-r7 powerhub/orchestrator/.venv/lib/python3.12/site-packages/setuptools/tests/test_core_metadata.py -> runner/python/test_core_metadata.py
[2026-06-03 21:56:54.373813] 📦 Moved ./bd-king-r7/IT/bd-king-r7/powerhub/bd-king-r7 powerhub/orchestrator/.venv/lib/python3.12/site-packages/setuptools/tests/test_depends.py -> runner/python/test_depends.py
[2026-06-03 21:56:54.374293] 📦 Moved ./bd-king-r7/IT/bd-king-r7/powerhub/bd-king-r7 powerhub/orchestrator/.venv/lib/python3.12/site-packages/setuptools/tests/test_develop.py -> runner/python/test_develop.py
[2026-06-03 21:56:54.374943] 📦 Moved ./bd-king-r7/IT/bd-king-r7/powerhub/bd-king-r7 powerhub/orchestrator/.venv/lib/python3.12/site-packages/setuptools/tests/test_dist.py -> runner/python/test_dist.py
[2026-06-03 21:56:54.375474] 📦 Moved ./bd-king-r7/IT/bd-king-r7/powerhub/bd-king-r7 powerhub/orchestrator/.venv/lib/python3.12/site-packages/setuptools/tests/test_dist_info.py -> runner/python/test_dist_info.py
[2026-06-03 21:56:54.375959] 📦 Moved ./bd-king-r7/IT/bd-king-r7/powerhub/bd-king-r7 powerhub/orchestrator/.venv/lib/python3.12/site-packages/setuptools/tests/test_distutils_adoption.py -> runner/python/test_distutils_adoption.py
[2026-06-03 21:56:54.376800] 📦 Moved ./bd-king-r7/IT/bd-king-r7/powerhub/bd-king-r7 powerhub/orchestrator/.venv/lib/python3.12/site-packages/setuptools/tests/test_editable_install.py -> runner/python/test_editable_install.py
[2026-06-03 21:56:54.377514] 📦 Moved ./bd-king-r7/IT/bd-king-r7/powerhub/bd-king-r7 powerhub/orchestrator/.venv/lib/python3.12/site-packages/setuptools/tests/test_egg_info.py -> runner/python/test_egg_info.py
[2026-06-03 21:56:54.377969] 📦 Moved ./bd-king-r7/IT/bd-king-r7/powerhub/bd-king-r7 powerhub/orchestrator/.venv/lib/python3.12/site-packages/setuptools/tests/test_extern.py -> runner/python/test_extern.py
[2026-06-03 21:56:54.378455] 📦 Moved ./bd-king-r7/IT/bd-king-r7/powerhub/bd-king-r7 powerhub/orchestrator/.venv/lib/python3.12/site-packages/setuptools/tests/test_find_packages.py -> runner/python/test_find_packages.py
[2026-06-03 21:56:54.378889] 📦 Moved ./bd-king-r7/IT/bd-king-r7/powerhub/bd-king-r7 powerhub/orchestrator/.venv/lib/python3.12/site-packages/setuptools/tests/test_find_py_modules.py -> runner/python/test_find_py_modules.py
[2026-06-03 21:56:54.379315] 📦 Moved ./bd-king-r7/IT/bd-king-r7/powerhub/bd-king-r7 powerhub/orchestrator/.venv/lib/python3.12/site-packages/setuptools/tests/test_glob.py -> runner/python/test_glob.py
[2026-06-03 21:56:54.379839] 📦 Moved ./bd-king-r7/IT/bd-king-r7/powerhub/bd-king-r7 powerhub/orchestrator/.venv/lib/python3.12/site-packages/setuptools/tests/test_install_scripts.py -> runner/python/test_install_scripts.py
[2026-06-03 21:56:54.380306] 📦 Moved ./bd-king-r7/IT/bd-king-r7/powerhub/bd-king-r7 powerhub/orchestrator/.venv/lib/python3.12/site-packages/setuptools/tests/test_logging.py -> runner/python/test_logging.py
[2026-06-03 21:56:54.380887] 📦 Moved ./bd-king-r7/IT/bd-king-r7/powerhub/bd-king-r7 powerhub/orchestrator/.venv/lib/python3.12/site-packages/setuptools/tests/test_manifest.py -> runner/python/test_manifest.py
[2026-06-03 21:56:54.381351] 📦 Moved ./bd-king-r7/IT/bd-king-r7/powerhub/bd-king-r7 powerhub/orchestrator/.venv/lib/python3.12/site-packages/setuptools/tests/test_namespaces.py -> runner/python/test_namespaces.py
[2026-06-03 21:56:54.381843] 📦 Moved ./bd-king-r7/IT/bd-king-r7/powerhub/bd-king-r7 powerhub/orchestrator/.venv/lib/python3.12/site-packages/setuptools/tests/test_scripts.py -> runner/python/test_scripts.py
[2026-06-03 21:56:54.382586] 📦 Moved ./bd-king-r7/IT/bd-king-r7/powerhub/bd-king-r7 powerhub/orchestrator/.venv/lib/python3.12/site-packages/setuptools/tests/test_sdist.py -> runner/python/test_sdist.py
[2026-06-03 21:56:54.383051] 📦 Moved ./bd-king-r7/IT/bd-king-r7/powerhub/bd-king-r7 powerhub/orchestrator/.venv/lib/python3.12/site-packages/setuptools/tests/test_setopt.py -> runner/python/test_setopt.py
[2026-06-03 21:56:54.383493] 📦 Moved ./bd-king-r7/IT/bd-king-r7/powerhub/bd-king-r7 powerhub/orchestrator/.venv/lib/python3.12/site-packages/setuptools/tests/test_setuptools.py -> runner/python/test_setuptools.py
[2026-06-03 21:56:54.383895] 📦 Moved ./bd-king-r7/IT/bd-king-r7/powerhub/bd-king-r7 powerhub/orchestrator/.venv/lib/python3.12/site-packages/setuptools/tests/test_shutil_wrapper.py -> runner/python/test_shutil_wrapper.py
[2026-06-03 21:56:54.384400] 📦 Moved ./bd-king-r7/IT/bd-king-r7/powerhub/bd-king-r7 powerhub/orchestrator/.venv/lib/python3.12/site-packages/setuptools/tests/test_unicode_utils.py -> runner/python/test_unicode_utils.py
[2026-06-03 21:56:54.384888] 📦 Moved ./bd-king-r7/IT/bd-king-r7/powerhub/bd-king-r7 powerhub/orchestrator/.venv/lib/python3.12/site-packages/setuptools/tests/test_virtualenv.py -> runner/python/test_virtualenv.py
[2026-06-03 21:56:54.385317] 📦 Moved ./bd-king-r7/IT/bd-king-r7/powerhub/bd-king-r7 powerhub/orchestrator/.venv/lib/python3.12/site-packages/setuptools/tests/test_warnings.py -> runner/python/test_warnings.py
[2026-06-03 21:56:54.385867] 📦 Moved ./bd-king-r7/IT/bd-king-r7/powerhub/bd-king-r7 powerhub/orchestrator/.venv/lib/python3.12/site-packages/setuptools/tests/test_wheel.py -> runner/python/test_wheel.py
[2026-06-03 21:56:54.386358] 📦 Moved ./bd-king-r7/IT/bd-king-r7/powerhub/bd-king-r7 powerhub/orchestrator/.venv/lib/python3.12/site-packages/setuptools/tests/test_windows_wrappers.py -> runner/python/test_windows_wrappers.py
[2026-06-03 21:56:54.386864] 📦 Moved ./bd-king-r7/IT/bd-king-r7/powerhub/bd-king-r7 powerhub/orchestrator/.venv/lib/python3.12/site-packages/setuptools/tests/text.py -> runner/python/text.py
[2026-06-03 21:56:54.387242] 📦 Moved ./bd-king-r7/IT/bd-king-r7/powerhub/bd-king-r7 powerhub/orchestrator/.venv/lib/python3.12/site-packages/setuptools/tests/textwrap.py -> runner/python/textwrap.py
[2026-06-03 21:56:54.388258] 📦 Moved ./bd-king-r7/IT/bd-king-r7/powerhub/bd-king-r7 powerhub/orchestrator/.venv/lib/python3.12/site-packages/setuptools/tests/compat/__init__.py -> runner/python/__init__.py
[2026-06-03 21:56:54.388833] 📦 Moved ./bd-king-r7/IT/bd-king-r7/powerhub/bd-king-r7 powerhub/orchestrator/.venv/lib/python3.12/site-packages/setuptools/tests/compat/py39.py -> runner/python/py39.py
[2026-06-03 21:56:54.389537] 📦 Moved ./bd-king-r7/IT/bd-king-r7/powerhub/bd-king-r7 powerhub/orchestrator/.venv/lib/python3.12/site-packages/setuptools/tests/config/__init__.py -> runner/python/__init__.py
[2026-06-03 21:56:54.390444] 📦 Moved ./bd-king-r7/IT/bd-king-r7/powerhub/bd-king-r7 powerhub/orchestrator/.venv/lib/python3.12/site-packages/setuptools/tests/config/test_apply_pyprojecttoml.py -> runner/python/test_apply_pyprojecttoml.py
[2026-06-03 21:56:54.391093] 📦 Moved ./bd-king-r7/IT/bd-king-r7/powerhub/bd-king-r7 powerhub/orchestrator/.venv/lib/python3.12/site-packages/setuptools/tests/config/test_expand.py -> runner/python/test_expand.py
[2026-06-03 21:56:54.391676] 📦 Moved ./bd-king-r7/IT/bd-king-r7/powerhub/bd-king-r7 powerhub/orchestrator/.venv/lib/python3.12/site-packages/setuptools/tests/config/test_pyprojecttoml.py -> runner/python/test_pyprojecttoml.py
[2026-06-03 21:56:54.392228] 📦 Moved ./bd-king-r7/IT/bd-king-r7/powerhub/bd-king-r7 powerhub/orchestrator/.venv/lib/python3.12/site-packages/setuptools/tests/config/test_pyprojecttoml_dynamic_deps.py -> runner/python/test_pyprojecttoml_dynamic_deps.py
[2026-06-03 21:56:54.392922] 📦 Moved ./bd-king-r7/IT/bd-king-r7/powerhub/bd-king-r7 powerhub/orchestrator/.venv/lib/python3.12/site-packages/setuptools/tests/config/test_setupcfg.py -> runner/python/test_setupcfg.py
[2026-06-03 21:56:54.393610] 📦 Moved ./bd-king-r7/IT/bd-king-r7/powerhub/bd-king-r7 powerhub/orchestrator/.venv/lib/python3.12/site-packages/setuptools/tests/config/downloads/__init__.py -> runner/python/__init__.py
[2026-06-03 21:56:54.394027] 📦 Moved ./bd-king-r7/IT/bd-king-r7/powerhub/bd-king-r7 powerhub/orchestrator/.venv/lib/python3.12/site-packages/setuptools/tests/config/downloads/preload.py -> runner/python/preload.py
[2026-06-03 21:56:54.394598] 📦 Moved ./bd-king-r7/IT/bd-king-r7/powerhub/bd-king-r7 powerhub/orchestrator/.venv/lib/python3.12/site-packages/setuptools/tests/indexes/test_links_priority/external.html -> runner/web/external.html
[2026-06-03 21:56:54.395235] 📦 Moved ./bd-king-r7/IT/bd-king-r7/powerhub/bd-king-r7 powerhub/orchestrator/.venv/lib/python3.12/site-packages/setuptools/tests/indexes/test_links_priority/simple/foobar/index.html -> runner/web/index.html
[2026-06-03 21:56:54.395790] 📦 Moved ./bd-king-r7/IT/bd-king-r7/powerhub/bd-king-r7 powerhub/orchestrator/.venv/lib/python3.12/site-packages/setuptools/tests/integration/__init__.py -> runner/python/__init__.py
[2026-06-03 21:56:54.396338] 📦 Moved ./bd-king-r7/IT/bd-king-r7/powerhub/bd-king-r7 powerhub/orchestrator/.venv/lib/python3.12/site-packages/setuptools/tests/integration/helpers.py -> runner/python/helpers.py
[2026-06-03 21:56:54.396759] 📦 Moved ./bd-king-r7/IT/bd-king-r7/powerhub/bd-king-r7 powerhub/orchestrator/.venv/lib/python3.12/site-packages/setuptools/tests/integration/test_pbr.py -> runner/python/test_pbr.py
[2026-06-03 21:56:54.397215] 📦 Moved ./bd-king-r7/IT/bd-king-r7/powerhub/bd-king-r7 powerhub/orchestrator/.venv/lib/python3.12/site-packages/setuptools/tests/integration/test_pip_install_sdist.py -> runner/python/test_pip_install_sdist.py
[2026-06-03 21:56:54.398051] 📦 Moved ./bd-king-r7/IT/bd-king-r7/powerhub/bd-king-r7 powerhub/orchestrator/.venv/lib/python3.12/site-packages/sqlalchemy/__init__.py -> runner/python/__init__.py
[2026-06-03 21:56:54.398520] 📦 Moved ./bd-king-r7/IT/bd-king-r7/powerhub/bd-king-r7 powerhub/orchestrator/.venv/lib/python3.12/site-packages/sqlalchemy/events.py -> runner/python/events.py
[2026-06-03 21:56:54.399168] 📦 Moved ./bd-king-r7/IT/bd-king-r7/powerhub/bd-king-r7 powerhub/orchestrator/.venv/lib/python3.12/site-packages/sqlalchemy/exc.py -> runner/python/exc.py
[2026-06-03 21:56:54.399617] 📦 Moved ./bd-king-r7/IT/bd-king-r7/powerhub/bd-king-r7 powerhub/orchestrator/.venv/lib/python3.12/site-packages/sqlalchemy/inspection.py -> runner/python/inspection.py
[2026-06-03 21:56:54.400225] 📦 Moved ./bd-king-r7/IT/bd-king-r7/powerhub/bd-king-r7 powerhub/orchestrator/.venv/lib/python3.12/site-packages/sqlalchemy/log.py -> runner/python/log.py
[2026-06-03 21:56:54.400770] 📦 Moved ./bd-king-r7/IT/bd-king-r7/powerhub/bd-king-r7 powerhub/orchestrator/.venv/lib/python3.12/site-packages/sqlalchemy/processors.py -> runner/python/processors.py
[2026-06-03 21:56:54.401253] 📦 Moved ./bd-king-r7/IT/bd-king-r7/powerhub/bd-king-r7 powerhub/orchestrator/.venv/lib/python3.12/site-packages/sqlalchemy/schema.py -> runner/python/schema.py
[2026-06-03 21:56:54.401795] 📦 Moved ./bd-king-r7/IT/bd-king-r7/powerhub/bd-king-r7 powerhub/orchestrator/.venv/lib/python3.12/site-packages/sqlalchemy/types.py -> runner/python/types.py
[2026-06-03 21:56:54.402710] 📦 Moved ./bd-king-r7/IT/bd-king-r7/powerhub/bd-king-r7 powerhub/orchestrator/.venv/lib/python3.12/site-packages/sqlalchemy/connectors/__init__.py -> runner/python/__init__.py
[2026-06-03 21:56:54.403255] 📦 Moved ./bd-king-r7/IT/bd-king-r7/powerhub/bd-king-r7 powerhub/orchestrator/.venv/lib/python3.12/site-packages/sqlalchemy/connectors/mxodbc.py -> runner/python/mxodbc.py
[2026-06-03 21:56:54.403752] 📦 Moved ./bd-king-r7/IT/bd-king-r7/powerhub/bd-king-r7 powerhub/orchestrator/.venv/lib/python3.12/site-packages/sqlalchemy/connectors/pyodbc.py -> runner/python/pyodbc.py
[2026-06-03 21:56:54.405461] 📦 Moved ./bd-king-r7/IT/bd-king-r7/powerhub/bd-king-r7 powerhub/orchestrator/.venv/lib/python3.12/site-packages/sqlalchemy/databases/__init__.py -> runner/python/__init__.py
[2026-06-03 21:56:54.406870] 📦 Moved ./bd-king-r7/IT/bd-king-r7/powerhub/bd-king-r7 powerhub/orchestrator/.venv/lib/python3.12/site-packages/sqlalchemy/dialects/__init__.py -> runner/python/__init__.py
[2026-06-03 21:56:54.407927] 📦 Moved ./bd-king-r7/IT/bd-king-r7/powerhub/bd-king-r7 powerhub/orchestrator/.venv/lib/python3.12/site-packages/sqlalchemy/dialects/firebird/__init__.py -> runner/python/__init__.py
[2026-06-03 21:56:54.408911] 📦 Moved ./bd-king-r7/IT/bd-king-r7/powerhub/bd-king-r7 powerhub/orchestrator/.venv/lib/python3.12/site-packages/sqlalchemy/dialects/firebird/base.py -> runner/python/base.py
[2026-06-03 21:56:54.409555] 📦 Moved ./bd-king-r7/IT/bd-king-r7/powerhub/bd-king-r7 powerhub/orchestrator/.venv/lib/python3.12/site-packages/sqlalchemy/dialects/firebird/fdb.py -> runner/python/fdb.py
[2026-06-03 21:56:54.410286] 📦 Moved ./bd-king-r7/IT/bd-king-r7/powerhub/bd-king-r7 powerhub/orchestrator/.venv/lib/python3.12/site-packages/sqlalchemy/dialects/firebird/kinterbasdb.py -> runner/python/kinterbasdb.py
[2026-06-03 21:56:54.411102] 📦 Moved ./bd-king-r7/IT/bd-king-r7/powerhub/bd-king-r7 powerhub/orchestrator/.venv/lib/python3.12/site-packages/sqlalchemy/dialects/mssql/__init__.py -> runner/python/__init__.py
[2026-06-03 21:56:54.412391] 📦 Moved ./bd-king-r7/IT/bd-king-r7/powerhub/bd-king-r7 powerhub/orchestrator/.venv/lib/python3.12/site-packages/sqlalchemy/dialects/mssql/base.py -> runner/python/base.py
[2026-06-03 21:56:54.413133] 📦 Moved ./bd-king-r7/IT/bd-king-r7/powerhub/bd-king-r7 powerhub/orchestrator/.venv/lib/python3.12/site-packages/sqlalchemy/dialects/mssql/information_schema.py -> runner/python/information_schema.py
[2026-06-03 21:56:54.413849] 📦 Moved ./bd-king-r7/IT/bd-king-r7/powerhub/bd-king-r7 powerhub/orchestrator/.venv/lib/python3.12/site-packages/sqlalchemy/dialects/mssql/json.py -> runner/python/json.py
[2026-06-03 21:56:54.414605] 📦 Moved ./bd-king-r7/IT/bd-king-r7/powerhub/bd-king-r7 powerhub/orchestrator/.venv/lib/python3.12/site-packages/sqlalchemy/dialects/mssql/mxodbc.py -> runner/python/mxodbc.py
[2026-06-03 21:56:54.415351] 📦 Moved ./bd-king-r7/IT/bd-king-r7/powerhub/bd-king-r7 powerhub/orchestrator/.venv/lib/python3.12/site-packages/sqlalchemy/dialects/mssql/provision.py -> runner/python/provision.py
[2026-06-03 21:56:54.416162] 📦 Moved ./bd-king-r7/IT/bd-king-r7/powerhub/bd-king-r7 powerhub/orchestrator/.venv/lib/python3.12/site-packages/sqlalchemy/dialects/mssql/pymssql.py -> runner/python/pymssql.py
[2026-06-03 21:56:54.417206] 📦 Moved ./bd-king-r7/IT/bd-king-r7/powerhub/bd-king-r7 powerhub/orchestrator/.venv/lib/python3.12/site-packages/sqlalchemy/dialects/mssql/pyodbc.py -> runner/python/pyodbc.py
[2026-06-03 21:56:54.418375] 📦 Moved ./bd-king-r7/IT/bd-king-r7/powerhub/bd-king-r7 powerhub/orchestrator/.venv/lib/python3.12/site-packages/sqlalchemy/dialects/mysql/__init__.py -> runner/python/__init__.py
[2026-06-03 21:56:54.419195] 📦 Moved ./bd-king-r7/IT/bd-king-r7/powerhub/bd-king-r7 powerhub/orchestrator/.venv/lib/python3.12/site-packages/sqlalchemy/dialects/mysql/aiomysql.py -> runner/python/aiomysql.py
[2026-06-03 21:56:54.419694] 📦 Moved ./bd-king-r7/IT/bd-king-r7/powerhub/bd-king-r7 powerhub/orchestrator/.venv/lib/python3.12/site-packages/sqlalchemy/dialects/mysql/asyncmy.py -> runner/python/asyncmy.py
[2026-06-03 21:56:54.420912] 📦 Moved ./bd-king-r7/IT/bd-king-r7/powerhub/bd-king-r7 powerhub/orchestrator/.venv/lib/python3.12/site-packages/sqlalchemy/dialects/mysql/base.py -> runner/python/base.py
[2026-06-03 21:56:54.421737] 📦 Moved ./bd-king-r7/IT/bd-king-r7/powerhub/bd-king-r7 powerhub/orchestrator/.venv/lib/python3.12/site-packages/sqlalchemy/dialects/mysql/cymysql.py -> runner/python/cymysql.py
[2026-06-03 21:56:54.422345] 📦 Moved ./bd-king-r7/IT/bd-king-r7/powerhub/bd-king-r7 powerhub/orchestrator/.venv/lib/python3.12/site-packages/sqlalchemy/dialects/mysql/dml.py -> runner/python/dml.py
[2026-06-03 21:56:54.422795] 📦 Moved ./bd-king-r7/IT/bd-king-r7/powerhub/bd-king-r7 powerhub/orchestrator/.venv/lib/python3.12/site-packages/sqlalchemy/dialects/mysql/enumerated.py -> runner/python/enumerated.py
[2026-06-03 21:56:54.423208] 📦 Moved ./bd-king-r7/IT/bd-king-r7/powerhub/bd-king-r7 powerhub/orchestrator/.venv/lib/python3.12/site-packages/sqlalchemy/dialects/mysql/expression.py -> runner/python/expression.py
[2026-06-03 21:56:54.423672] 📦 Moved ./bd-king-r7/IT/bd-king-r7/powerhub/bd-king-r7 powerhub/orchestrator/.venv/lib/python3.12/site-packages/sqlalchemy/dialects/mysql/json.py -> runner/python/json.py
[2026-06-03 21:56:54.424106] 📦 Moved ./bd-king-r7/IT/bd-king-r7/powerhub/bd-king-r7 powerhub/orchestrator/.venv/lib/python3.12/site-packages/sqlalchemy/dialects/mysql/mariadb.py -> runner/python/mariadb.py
[2026-06-03 21:56:54.424591] 📦 Moved ./bd-king-r7/IT/bd-king-r7/powerhub/bd-king-r7 powerhub/orchestrator/.venv/lib/python3.12/site-packages/sqlalchemy/dialects/mysql/mariadbconnector.py -> runner/python/mariadbconnector.py
[2026-06-03 21:56:54.425341] 📦 Moved ./bd-king-r7/IT/bd-king-r7/powerhub/bd-king-r7 powerhub/orchestrator/.venv/lib/python3.12/site-packages/sqlalchemy/dialects/mysql/mysqlconnector.py -> runner/python/mysqlconnector.py
[2026-06-03 21:56:54.425922] 📦 Moved ./bd-king-r7/IT/bd-king-r7/powerhub/bd-king-r7 powerhub/orchestrator/.venv/lib/python3.12/site-packages/sqlalchemy/dialects/mysql/mysqldb.py -> runner/python/mysqldb.py
[2026-06-03 21:56:54.426447] 📦 Moved ./bd-king-r7/IT/bd-king-r7/powerhub/bd-king-r7 powerhub/orchestrator/.venv/lib/python3.12/site-packages/sqlalchemy/dialects/mysql/oursql.py -> runner/python/oursql.py
[2026-06-03 21:56:54.426980] 📦 Moved ./bd-king-r7/IT/bd-king-r7/powerhub/bd-king-r7 powerhub/orchestrator/.venv/lib/python3.12/site-packages/sqlalchemy/dialects/mysql/provision.py -> runner/python/provision.py
[2026-06-03 21:56:54.427419] 📦 Moved ./bd-king-r7/IT/bd-king-r7/powerhub/bd-king-r7 powerhub/orchestrator/.venv/lib/python3.12/site-packages/sqlalchemy/dialects/mysql/pymysql.py -> runner/python/pymysql.py
[2026-06-03 21:56:54.427945] 📦 Moved ./bd-king-r7/IT/bd-king-r7/powerhub/bd-king-r7 powerhub/orchestrator/.venv/lib/python3.12/site-packages/sqlalchemy/dialects/mysql/pyodbc.py -> runner/python/pyodbc.py
[2026-06-03 21:56:54.428537] 📦 Moved ./bd-king-r7/IT/bd-king-r7/powerhub/bd-king-r7 powerhub/orchestrator/.venv/lib/python3.12/site-packages/sqlalchemy/dialects/mysql/reflection.py -> runner/python/reflection.py
[2026-06-03 21:56:54.428999] 📦 Moved ./bd-king-r7/IT/bd-king-r7/powerhub/bd-king-r7 powerhub/orchestrator/.venv/lib/python3.12/site-packages/sqlalchemy/dialects/mysql/reserved_words.py -> runner/python/reserved_words.py
[2026-06-03 21:56:54.429693] 📦 Moved ./bd-king-r7/IT/bd-king-r7/powerhub/bd-king-r7 powerhub/orchestrator/.venv/lib/python3.12/site-packages/sqlalchemy/dialects/mysql/types.py -> runner/python/types.py
[2026-06-03 21:56:54.430498] 📦 Moved ./bd-king-r7/IT/bd-king-r7/powerhub/bd-king-r7 powerhub/orchestrator/.venv/lib/python3.12/site-packages/sqlalchemy/dialects/oracle/__init__.py -> runner/python/__init__.py
[2026-06-03 21:56:54.431572] 📦 Moved ./bd-king-r7/IT/bd-king-r7/powerhub/bd-king-r7 powerhub/orchestrator/.venv/lib/python3.12/site-packages/sqlalchemy/dialects/oracle/base.py -> runner/python/base.py
[2026-06-03 21:56:54.432650] 🛠 Auto-fixed: ./bd-king-r7/IT/bd-king-r7/powerhub/bd-king-r7 powerhub/orchestrator/.venv/lib/python3.12/site-packages/sqlalchemy/dialects/oracle/cx_oracle.py
[2026-06-03 21:56:54.433124] 📦 Moved ./bd-king-r7/IT/bd-king-r7/powerhub/bd-king-r7 powerhub/orchestrator/.venv/lib/python3.12/site-packages/sqlalchemy/dialects/oracle/cx_oracle.py -> runner/python/cx_oracle.py
[2026-06-03 21:56:54.433788] 📦 Moved ./bd-king-r7/IT/bd-king-r7/powerhub/bd-king-r7 powerhub/orchestrator/.venv/lib/python3.12/site-packages/sqlalchemy/dialects/oracle/provision.py -> runner/python/provision.py
[2026-06-03 21:56:54.434587] 📦 Moved ./bd-king-r7/IT/bd-king-r7/powerhub/bd-king-r7 powerhub/orchestrator/.venv/lib/python3.12/site-packages/sqlalchemy/dialects/postgresql/__init__.py -> runner/python/__init__.py
[2026-06-03 21:56:54.435402] 📦 Moved ./bd-king-r7/IT/bd-king-r7/powerhub/bd-king-r7 powerhub/orchestrator/.venv/lib/python3.12/site-packages/sqlalchemy/dialects/postgresql/array.py -> runner/python/array.py
[2026-06-03 21:56:54.436143] 📦 Moved ./bd-king-r7/IT/bd-king-r7/powerhub/bd-king-r7 powerhub/orchestrator/.venv/lib/python3.12/site-packages/sqlalchemy/dialects/postgresql/asyncpg.py -> runner/python/asyncpg.py
[2026-06-03 21:56:54.437715] 📦 Moved ./bd-king-r7/IT/bd-king-r7/powerhub/bd-king-r7 powerhub/orchestrator/.venv/lib/python3.12/site-packages/sqlalchemy/dialects/postgresql/base.py -> runner/python/base.py
[2026-06-03 21:56:54.438617] 📦 Moved ./bd-king-r7/IT/bd-king-r7/powerhub/bd-king-r7 powerhub/orchestrator/.venv/lib/python3.12/site-packages/sqlalchemy/dialects/postgresql/dml.py -> runner/python/dml.py
[2026-06-03 21:56:54.439340] 📦 Moved ./bd-king-r7/IT/bd-king-r7/powerhub/bd-king-r7 powerhub/orchestrator/.venv/lib/python3.12/site-packages/sqlalchemy/dialects/postgresql/ext.py -> runner/python/ext.py
[2026-06-03 21:56:54.439946] 📦 Moved ./bd-king-r7/IT/bd-king-r7/powerhub/bd-king-r7 powerhub/orchestrator/.venv/lib/python3.12/site-packages/sqlalchemy/dialects/postgresql/hstore.py -> runner/python/hstore.py
[2026-06-03 21:56:54.440608] 📦 Moved ./bd-king-r7/IT/bd-king-r7/powerhub/bd-king-r7 powerhub/orchestrator/.venv/lib/python3.12/site-packages/sqlalchemy/dialects/postgresql/json.py -> runner/python/json.py
[2026-06-03 21:56:54.441190] 📦 Moved ./bd-king-r7/IT/bd-king-r7/powerhub/bd-king-r7 powerhub/orchestrator/.venv/lib/python3.12/site-packages/sqlalchemy/dialects/postgresql/pg8000.py -> runner/python/pg8000.py
[2026-06-03 21:56:54.441720] 📦 Moved ./bd-king-r7/IT/bd-king-r7/powerhub/bd-king-r7 powerhub/orchestrator/.venv/lib/python3.12/site-packages/sqlalchemy/dialects/postgresql/provision.py -> runner/python/provision.py
[2026-06-03 21:56:54.442364] 📦 Moved ./bd-king-r7/IT/bd-king-r7/powerhub/bd-king-r7 powerhub/orchestrator/.venv/lib/python3.12/site-packages/sqlalchemy/dialects/postgresql/psycopg2.py -> runner/python/psycopg2.py
[2026-06-03 21:56:54.442773] 📦 Moved ./bd-king-r7/IT/bd-king-r7/powerhub/bd-king-r7 powerhub/orchestrator/.venv/lib/python3.12/site-packages/sqlalchemy/dialects/postgresql/psycopg2cffi.py -> runner/python/psycopg2cffi.py
[2026-06-03 21:56:54.443208] 📦 Moved ./bd-king-r7/IT/bd-king-r7/powerhub/bd-king-r7 powerhub/orchestrator/.venv/lib/python3.12/site-packages/sqlalchemy/dialects/postgresql/pygresql.py -> runner/python/pygresql.py
[2026-06-03 21:56:54.443632] 📦 Moved ./bd-king-r7/IT/bd-king-r7/powerhub/bd-king-r7 powerhub/orchestrator/.venv/lib/python3.12/site-packages/sqlalchemy/dialects/postgresql/pypostgresql.py -> runner/python/pypostgresql.py
[2026-06-03 21:56:54.444058] 📦 Moved ./bd-king-r7/IT/bd-king-r7/powerhub/bd-king-r7 powerhub/orchestrator/.venv/lib/python3.12/site-packages/sqlalchemy/dialects/postgresql/ranges.py -> runner/python/ranges.py
[2026-06-03 21:56:54.444864] 📦 Moved ./bd-king-r7/IT/bd-king-r7/powerhub/bd-king-r7 powerhub/orchestrator/.venv/lib/python3.12/site-packages/sqlalchemy/dialects/sqlite/__init__.py -> runner/python/__init__.py
[2026-06-03 21:56:54.445349] 📦 Moved ./bd-king-r7/IT/bd-king-r7/powerhub/bd-king-r7 powerhub/orchestrator/.venv/lib/python3.12/site-packages/sqlalchemy/dialects/sqlite/aiosqlite.py -> runner/python/aiosqlite.py
[2026-06-03 21:56:54.446452] 📦 Moved ./bd-king-r7/IT/bd-king-r7/powerhub/bd-king-r7 powerhub/orchestrator/.venv/lib/python3.12/site-packages/sqlalchemy/dialects/sqlite/base.py -> runner/python/base.py
[2026-06-03 21:56:54.447069] 📦 Moved ./bd-king-r7/IT/bd-king-r7/powerhub/bd-king-r7 powerhub/orchestrator/.venv/lib/python3.12/site-packages/sqlalchemy/dialects/sqlite/dml.py -> runner/python/dml.py
[2026-06-03 21:56:54.447630] 📦 Moved ./bd-king-r7/IT/bd-king-r7/powerhub/bd-king-r7 powerhub/orchestrator/.venv/lib/python3.12/site-packages/sqlalchemy/dialects/sqlite/json.py -> runner/python/json.py
[2026-06-03 21:56:54.448320] 📦 Moved ./bd-king-r7/IT/bd-king-r7/powerhub/bd-king-r7 powerhub/orchestrator/.venv/lib/python3.12/site-packages/sqlalchemy/dialects/sqlite/provision.py -> runner/python/provision.py
[2026-06-03 21:56:54.448923] 📦 Moved ./bd-king-r7/IT/bd-king-r7/powerhub/bd-king-r7 powerhub/orchestrator/.venv/lib/python3.12/site-packages/sqlalchemy/dialects/sqlite/pysqlcipher.py -> runner/python/pysqlcipher.py
[2026-06-03 21:56:54.449572] 📦 Moved ./bd-king-r7/IT/bd-king-r7/powerhub/bd-king-r7 powerhub/orchestrator/.venv/lib/python3.12/site-packages/sqlalchemy/dialects/sqlite/pysqlite.py -> runner/python/pysqlite.py
[2026-06-03 21:56:54.450351] 📦 Moved ./bd-king-r7/IT/bd-king-r7/powerhub/bd-king-r7 powerhub/orchestrator/.venv/lib/python3.12/site-packages/sqlalchemy/dialects/sybase/__init__.py -> runner/python/__init__.py
[2026-06-03 21:56:54.451140] 📦 Moved ./bd-king-r7/IT/bd-king-r7/powerhub/bd-king-r7 powerhub/orchestrator/.venv/lib/python3.12/site-packages/sqlalchemy/dialects/sybase/base.py -> runner/python/base.py
[2026-06-03 21:56:54.451711] 📦 Moved ./bd-king-r7/IT/bd-king-r7/powerhub/bd-king-r7 powerhub/orchestrator/.venv/lib/python3.12/site-packages/sqlalchemy/dialects/sybase/mxodbc.py -> runner/python/mxodbc.py
[2026-06-03 21:56:54.452290] 📦 Moved ./bd-king-r7/IT/bd-king-r7/powerhub/bd-king-r7 powerhub/orchestrator/.venv/lib/python3.12/site-packages/sqlalchemy/dialects/sybase/pyodbc.py -> runner/python/pyodbc.py
[2026-06-03 21:56:54.452779] 📦 Moved ./bd-king-r7/IT/bd-king-r7/powerhub/bd-king-r7 powerhub/orchestrator/.venv/lib/python3.12/site-packages/sqlalchemy/dialects/sybase/pysybase.py -> runner/python/pysybase.py
[2026-06-03 21:56:54.453474] 📦 Moved ./bd-king-r7/IT/bd-king-r7/powerhub/bd-king-r7 powerhub/orchestrator/.venv/lib/python3.12/site-packages/sqlalchemy/engine/__init__.py -> runner/python/__init__.py
[2026-06-03 21:56:54.454680] 📦 Moved ./bd-king-r7/IT/bd-king-r7/powerhub/bd-king-r7 powerhub/orchestrator/.venv/lib/python3.12/site-packages/sqlalchemy/engine/base.py -> runner/python/base.py
[2026-06-03 21:56:54.455225] 📦 Moved ./bd-king-r7/IT/bd-king-r7/powerhub/bd-king-r7 powerhub/orchestrator/.venv/lib/python3.12/site-packages/sqlalchemy/engine/characteristics.py -> runner/python/characteristics.py
[2026-06-03 21:56:54.455964] 📦 Moved ./bd-king-r7/IT/bd-king-r7/powerhub/bd-king-r7 powerhub/orchestrator/.venv/lib/python3.12/site-packages/sqlalchemy/engine/create.py -> runner/python/create.py
[2026-06-03 21:56:54.456935] 📦 Moved ./bd-king-r7/IT/bd-king-r7/powerhub/bd-king-r7 powerhub/orchestrator/.venv/lib/python3.12/site-packages/sqlalchemy/engine/cursor.py -> runner/python/cursor.py
[2026-06-03 21:56:54.457862] 📦 Moved ./bd-king-r7/IT/bd-king-r7/powerhub/bd-king-r7 powerhub/orchestrator/.venv/lib/python3.12/site-packages/sqlalchemy/engine/default.py -> runner/python/default.py
[2026-06-03 21:56:54.458633] 📦 Moved ./bd-king-r7/IT/bd-king-r7/powerhub/bd-king-r7 powerhub/orchestrator/.venv/lib/python3.12/site-packages/sqlalchemy/engine/events.py -> runner/python/events.py
[2026-06-03 21:56:54.459411] 📦 Moved ./bd-king-r7/IT/bd-king-r7/powerhub/bd-king-r7 powerhub/orchestrator/.venv/lib/python3.12/site-packages/sqlalchemy/engine/interfaces.py -> runner/python/interfaces.py
[2026-06-03 21:56:54.459884] 📦 Moved ./bd-king-r7/IT/bd-king-r7/powerhub/bd-king-r7 powerhub/orchestrator/.venv/lib/python3.12/site-packages/sqlalchemy/engine/mock.py -> runner/python/mock.py
[2026-06-03 21:56:54.460700] 📦 Moved ./bd-king-r7/IT/bd-king-r7/powerhub/bd-king-r7 powerhub/orchestrator/.venv/lib/python3.12/site-packages/sqlalchemy/engine/reflection.py -> runner/python/reflection.py
[2026-06-03 21:56:54.461523] 📦 Moved ./bd-king-r7/IT/bd-king-r7/powerhub/bd-king-r7 powerhub/orchestrator/.venv/lib/python3.12/site-packages/sqlalchemy/engine/result.py -> runner/python/result.py
[2026-06-03 21:56:54.462121] 📦 Moved ./bd-king-r7/IT/bd-king-r7/powerhub/bd-king-r7 powerhub/orchestrator/.venv/lib/python3.12/site-packages/sqlalchemy/engine/row.py -> runner/python/row.py
[2026-06-03 21:56:54.462560] 📦 Moved ./bd-king-r7/IT/bd-king-r7/powerhub/bd-king-r7 powerhub/orchestrator/.venv/lib/python3.12/site-packages/sqlalchemy/engine/strategies.py -> runner/python/strategies.py
[2026-06-03 21:56:54.463262] 📦 Moved ./bd-king-r7/IT/bd-king-r7/powerhub/bd-king-r7 powerhub/orchestrator/.venv/lib/python3.12/site-packages/sqlalchemy/engine/url.py -> runner/python/url.py
[2026-06-03 21:56:54.463851] 📦 Moved ./bd-king-r7/IT/bd-king-r7/powerhub/bd-king-r7 powerhub/orchestrator/.venv/lib/python3.12/site-packages/sqlalchemy/engine/util.py -> runner/python/util.py
[2026-06-03 21:56:54.464794] 📦 Moved ./bd-king-r7/IT/bd-king-r7/powerhub/bd-king-r7 powerhub/orchestrator/.venv/lib/python3.12/site-packages/sqlalchemy/event/__init__.py -> runner/python/__init__.py
[2026-06-03 21:56:54.465536] 📦 Moved ./bd-king-r7/IT/bd-king-r7/powerhub/bd-king-r7 powerhub/orchestrator/.venv/lib/python3.12/site-packages/sqlalchemy/event/api.py -> runner/python/api.py
[2026-06-03 21:56:54.466139] 📦 Moved ./bd-king-r7/IT/bd-king-r7/powerhub/bd-king-r7 powerhub/orchestrator/.venv/lib/python3.12/site-packages/sqlalchemy/event/attr.py -> runner/python/attr.py
[2026-06-03 21:56:54.466850] 📦 Moved ./bd-king-r7/IT/bd-king-r7/powerhub/bd-king-r7 powerhub/orchestrator/.venv/lib/python3.12/site-packages/sqlalchemy/event/base.py -> runner/python/base.py
[2026-06-03 21:56:54.467443] 📦 Moved ./bd-king-r7/IT/bd-king-r7/powerhub/bd-king-r7 powerhub/orchestrator/.venv/lib/python3.12/site-packages/sqlalchemy/event/legacy.py -> runner/python/legacy.py
[2026-06-03 21:56:54.467964] 📦 Moved ./bd-king-r7/IT/bd-king-r7/powerhub/bd-king-r7 powerhub/orchestrator/.venv/lib/python3.12/site-packages/sqlalchemy/event/registry.py -> runner/python/registry.py
[2026-06-03 21:56:54.468737] 📦 Moved ./bd-king-r7/IT/bd-king-r7/powerhub/bd-king-r7 powerhub/orchestrator/.venv/lib/python3.12/site-packages/sqlalchemy/ext/__init__.py -> runner/python/__init__.py
[2026-06-03 21:56:54.469516] 📦 Moved ./bd-king-r7/IT/bd-king-r7/powerhub/bd-king-r7 powerhub/orchestrator/.venv/lib/python3.12/site-packages/sqlalchemy/ext/associationproxy.py -> runner/python/associationproxy.py
[2026-06-03 21:56:54.470234] 📦 Moved ./bd-king-r7/IT/bd-king-r7/powerhub/bd-king-r7 powerhub/orchestrator/.venv/lib/python3.12/site-packages/sqlalchemy/ext/automap.py -> runner/python/automap.py
[2026-06-03 21:56:54.470809] 📦 Moved ./bd-king-r7/IT/bd-king-r7/powerhub/bd-king-r7 powerhub/orchestrator/.venv/lib/python3.12/site-packages/sqlalchemy/ext/baked.py -> runner/python/baked.py
[2026-06-03 21:56:54.471486] 📦 Moved ./bd-king-r7/IT/bd-king-r7/powerhub/bd-king-r7 powerhub/orchestrator/.venv/lib/python3.12/site-packages/sqlalchemy/ext/compiler.py -> runner/python/compiler.py
[2026-06-03 21:56:54.471960] 📦 Moved ./bd-king-r7/IT/bd-king-r7/powerhub/bd-king-r7 powerhub/orchestrator/.venv/lib/python3.12/site-packages/sqlalchemy/ext/horizontal_shard.py -> runner/python/horizontal_shard.py
[2026-06-03 21:56:54.472682] 📦 Moved ./bd-king-r7/IT/bd-king-r7/powerhub/bd-king-r7 powerhub/orchestrator/.venv/lib/python3.12/site-packages/sqlalchemy/ext/hybrid.py -> runner/python/hybrid.py
[2026-06-03 21:56:54.473157] 📦 Moved ./bd-king-r7/IT/bd-king-r7/powerhub/bd-king-r7 powerhub/orchestrator/.venv/lib/python3.12/site-packages/sqlalchemy/ext/indexable.py -> runner/python/indexable.py
[2026-06-03 21:56:54.473639] 📦 Moved ./bd-king-r7/IT/bd-king-r7/powerhub/bd-king-r7 powerhub/orchestrator/.venv/lib/python3.12/site-packages/sqlalchemy/ext/instrumentation.py -> runner/python/instrumentation.py
[2026-06-03 21:56:54.474220] 📦 Moved ./bd-king-r7/IT/bd-king-r7/powerhub/bd-king-r7 powerhub/orchestrator/.venv/lib/python3.12/site-packages/sqlalchemy/ext/mutable.py -> runner/python/mutable.py
[2026-06-03 21:56:54.474763] 📦 Moved ./bd-king-r7/IT/bd-king-r7/powerhub/bd-king-r7 powerhub/orchestrator/.venv/lib/python3.12/site-packages/sqlalchemy/ext/orderinglist.py -> runner/python/orderinglist.py
[2026-06-03 21:56:54.475411] 📦 Moved ./bd-king-r7/IT/bd-king-r7/powerhub/bd-king-r7 powerhub/orchestrator/.venv/lib/python3.12/site-packages/sqlalchemy/ext/serializer.py -> runner/python/serializer.py
[2026-06-03 21:56:54.476322] 📦 Moved ./bd-king-r7/IT/bd-king-r7/powerhub/bd-king-r7 powerhub/orchestrator/.venv/lib/python3.12/site-packages/sqlalchemy/ext/asyncio/__init__.py -> runner/python/__init__.py
[2026-06-03 21:56:54.476911] 📦 Moved ./bd-king-r7/IT/bd-king-r7/powerhub/bd-king-r7 powerhub/orchestrator/.venv/lib/python3.12/site-packages/sqlalchemy/ext/asyncio/base.py -> runner/python/base.py
[2026-06-03 21:56:54.477560] 📦 Moved ./bd-king-r7/IT/bd-king-r7/powerhub/bd-king-r7 powerhub/orchestrator/.venv/lib/python3.12/site-packages/sqlalchemy/ext/asyncio/engine.py -> runner/python/engine.py
[2026-06-03 21:56:54.478156] 📦 Moved ./bd-king-r7/IT/bd-king-r7/powerhub/bd-king-r7 powerhub/orchestrator/.venv/lib/python3.12/site-packages/sqlalchemy/ext/asyncio/events.py -> runner/python/events.py
[2026-06-03 21:56:54.478627] 📦 Moved ./bd-king-r7/IT/bd-king-r7/powerhub/bd-king-r7 powerhub/orchestrator/.venv/lib/python3.12/site-packages/sqlalchemy/ext/asyncio/exc.py -> runner/python/exc.py
[2026-06-03 21:56:54.479339] 📦 Moved ./bd-king-r7/IT/bd-king-r7/powerhub/bd-king-r7 powerhub/orchestrator/.venv/lib/python3.12/site-packages/sqlalchemy/ext/asyncio/result.py -> runner/python/result.py
[2026-06-03 21:56:54.479808] 📦 Moved ./bd-king-r7/IT/bd-king-r7/powerhub/bd-king-r7 powerhub/orchestrator/.venv/lib/python3.12/site-packages/sqlalchemy/ext/asyncio/scoping.py -> runner/python/scoping.py
[2026-06-03 21:56:54.480537] 📦 Moved ./bd-king-r7/IT/bd-king-r7/powerhub/bd-king-r7 powerhub/orchestrator/.venv/lib/python3.12/site-packages/sqlalchemy/ext/asyncio/session.py -> runner/python/session.py
[2026-06-03 21:56:54.481299] 📦 Moved ./bd-king-r7/IT/bd-king-r7/powerhub/bd-king-r7 powerhub/orchestrator/.venv/lib/python3.12/site-packages/sqlalchemy/ext/declarative/__init__.py -> runner/python/__init__.py
[2026-06-03 21:56:54.481974] 📦 Moved ./bd-king-r7/IT/bd-king-r7/powerhub/bd-king-r7 powerhub/orchestrator/.venv/lib/python3.12/site-packages/sqlalchemy/ext/declarative/extensions.py -> runner/python/extensions.py
[2026-06-03 21:56:54.482678] 📦 Moved ./bd-king-r7/IT/bd-king-r7/powerhub/bd-king-r7 powerhub/orchestrator/.venv/lib/python3.12/site-packages/sqlalchemy/ext/mypy/__init__.py -> runner/python/__init__.py
[2026-06-03 21:56:54.483184] 📦 Moved ./bd-king-r7/IT/bd-king-r7/powerhub/bd-king-r7 powerhub/orchestrator/.venv/lib/python3.12/site-packages/sqlalchemy/ext/mypy/apply.py -> runner/python/apply.py
[2026-06-03 21:56:54.483751] 📦 Moved ./bd-king-r7/IT/bd-king-r7/powerhub/bd-king-r7 powerhub/orchestrator/.venv/lib/python3.12/site-packages/sqlalchemy/ext/mypy/decl_class.py -> runner/python/decl_class.py
[2026-06-03 21:56:54.484422] 📦 Moved ./bd-king-r7/IT/bd-king-r7/powerhub/bd-king-r7 powerhub/orchestrator/.venv/lib/python3.12/site-packages/sqlalchemy/ext/mypy/infer.py -> runner/python/infer.py
[2026-06-03 21:56:54.484998] 📦 Moved ./bd-king-r7/IT/bd-king-r7/powerhub/bd-king-r7 powerhub/orchestrator/.venv/lib/python3.12/site-packages/sqlalchemy/ext/mypy/names.py -> runner/python/names.py
[2026-06-03 21:56:54.485706] 📦 Moved ./bd-king-r7/IT/bd-king-r7/powerhub/bd-king-r7 powerhub/orchestrator/.venv/lib/python3.12/site-packages/sqlalchemy/ext/mypy/plugin.py -> runner/python/plugin.py
[2026-06-03 21:56:54.486385] 📦 Moved ./bd-king-r7/IT/bd-king-r7/powerhub/bd-king-r7 powerhub/orchestrator/.venv/lib/python3.12/site-packages/sqlalchemy/ext/mypy/util.py -> runner/python/util.py
[2026-06-03 21:56:54.487116] 📦 Moved ./bd-king-r7/IT/bd-king-r7/powerhub/bd-king-r7 powerhub/orchestrator/.venv/lib/python3.12/site-packages/sqlalchemy/future/__init__.py -> runner/python/__init__.py
[2026-06-03 21:56:54.487838] 📦 Moved ./bd-king-r7/IT/bd-king-r7/powerhub/bd-king-r7 powerhub/orchestrator/.venv/lib/python3.12/site-packages/sqlalchemy/future/engine.py -> runner/python/engine.py
[2026-06-03 21:56:54.488531] 📦 Moved ./bd-king-r7/IT/bd-king-r7/powerhub/bd-king-r7 powerhub/orchestrator/.venv/lib/python3.12/site-packages/sqlalchemy/future/orm/__init__.py -> runner/python/__init__.py
[2026-06-03 21:56:54.489338] 📦 Moved ./bd-king-r7/IT/bd-king-r7/powerhub/bd-king-r7 powerhub/orchestrator/.venv/lib/python3.12/site-packages/sqlalchemy/orm/__init__.py -> runner/python/__init__.py
[2026-06-03 21:56:54.490295] 📦 Moved ./bd-king-r7/IT/bd-king-r7/powerhub/bd-king-r7 powerhub/orchestrator/.venv/lib/python3.12/site-packages/sqlalchemy/orm/attributes.py -> runner/python/attributes.py
[2026-06-03 21:56:54.491018] 📦 Moved ./bd-king-r7/IT/bd-king-r7/powerhub/bd-king-r7 powerhub/orchestrator/.venv/lib/python3.12/site-packages/sqlalchemy/orm/base.py -> runner/python/base.py
[2026-06-03 21:56:54.491621] 📦 Moved ./bd-king-r7/IT/bd-king-r7/powerhub/bd-king-r7 powerhub/orchestrator/.venv/lib/python3.12/site-packages/sqlalchemy/orm/clsregistry.py -> runner/python/clsregistry.py
[2026-06-03 21:56:54.492508] 📦 Moved ./bd-king-r7/IT/bd-king-r7/powerhub/bd-king-r7 powerhub/orchestrator/.venv/lib/python3.12/site-packages/sqlalchemy/orm/collections.py -> runner/python/collections.py
[2026-06-03 21:56:54.493753] 📦 Moved ./bd-king-r7/IT/bd-king-r7/powerhub/bd-king-r7 powerhub/orchestrator/.venv/lib/python3.12/site-packages/sqlalchemy/orm/context.py -> runner/python/context.py
[2026-06-03 21:56:54.494517] 📦 Moved ./bd-king-r7/IT/bd-king-r7/powerhub/bd-king-r7 powerhub/orchestrator/.venv/lib/python3.12/site-packages/sqlalchemy/orm/decl_api.py -> runner/python/decl_api.py
[2026-06-03 21:56:54.495322] 📦 Moved ./bd-king-r7/IT/bd-king-r7/powerhub/bd-king-r7 powerhub/orchestrator/.venv/lib/python3.12/site-packages/sqlalchemy/orm/decl_base.py -> runner/python/decl_base.py
[2026-06-03 21:56:54.496174] 📦 Moved ./bd-king-r7/IT/bd-king-r7/powerhub/bd-king-r7 powerhub/orchestrator/.venv/lib/python3.12/site-packages/sqlalchemy/orm/dependency.py -> runner/python/dependency.py
[2026-06-03 21:56:54.496905] 📦 Moved ./bd-king-r7/IT/bd-king-r7/powerhub/bd-king-r7 powerhub/orchestrator/.venv/lib/python3.12/site-packages/sqlalchemy/orm/descriptor_props.py -> runner/python/descriptor_props.py
[2026-06-03 21:56:54.497531] 📦 Moved ./bd-king-r7/IT/bd-king-r7/powerhub/bd-king-r7 powerhub/orchestrator/.venv/lib/python3.12/site-packages/sqlalchemy/orm/dynamic.py -> runner/python/dynamic.py
[2026-06-03 21:56:54.498105] 📦 Moved ./bd-king-r7/IT/bd-king-r7/powerhub/bd-king-r7 powerhub/orchestrator/.venv/lib/python3.12/site-packages/sqlalchemy/orm/evaluator.py -> runner/python/evaluator.py
[2026-06-03 21:56:54.499490] 📦 Moved ./bd-king-r7/IT/bd-king-r7/powerhub/bd-king-r7 powerhub/orchestrator/.venv/lib/python3.12/site-packages/sqlalchemy/orm/events.py -> runner/python/events.py
[2026-06-03 21:56:54.500265] 📦 Moved ./bd-king-r7/IT/bd-king-r7/powerhub/bd-king-r7 powerhub/orchestrator/.venv/lib/python3.12/site-packages/sqlalchemy/orm/exc.py -> runner/python/exc.py
[2026-06-03 21:56:54.500907] 📦 Moved ./bd-king-r7/IT/bd-king-r7/powerhub/bd-king-r7 powerhub/orchestrator/.venv/lib/python3.12/site-packages/sqlalchemy/orm/identity.py -> runner/python/identity.py
[2026-06-03 21:56:54.501629] 📦 Moved ./bd-king-r7/IT/bd-king-r7/powerhub/bd-king-r7 powerhub/orchestrator/.venv/lib/python3.12/site-packages/sqlalchemy/orm/instrumentation.py -> runner/python/instrumentation.py
[2026-06-03 21:56:54.502510] 📦 Moved ./bd-king-r7/IT/bd-king-r7/powerhub/bd-king-r7 powerhub/orchestrator/.venv/lib/python3.12/site-packages/sqlalchemy/orm/interfaces.py -> runner/python/interfaces.py
[2026-06-03 21:56:54.503419] 📦 Moved ./bd-king-r7/IT/bd-king-r7/powerhub/bd-king-r7 powerhub/orchestrator/.venv/lib/python3.12/site-packages/sqlalchemy/orm/loading.py -> runner/python/loading.py
[2026-06-03 21:56:54.504913] 📦 Moved ./bd-king-r7/IT/bd-king-r7/powerhub/bd-king-r7 powerhub/orchestrator/.venv/lib/python3.12/site-packages/sqlalchemy/orm/mapper.py -> runner/python/mapper.py
[2026-06-03 21:56:54.505602] 📦 Moved ./bd-king-r7/IT/bd-king-r7/powerhub/bd-king-r7 powerhub/orchestrator/.venv/lib/python3.12/site-packages/sqlalchemy/orm/path_registry.py -> runner/python/path_registry.py
[2026-06-03 21:56:54.506606] 📦 Moved ./bd-king-r7/IT/bd-king-r7/powerhub/bd-king-r7 powerhub/orchestrator/.venv/lib/python3.12/site-packages/sqlalchemy/orm/persistence.py -> runner/python/persistence.py
[2026-06-03 21:56:54.507265] 📦 Moved ./bd-king-r7/IT/bd-king-r7/powerhub/bd-king-r7 powerhub/orchestrator/.venv/lib/python3.12/site-packages/sqlalchemy/orm/properties.py -> runner/python/properties.py
[2026-06-03 21:56:54.508630] 📦 Moved ./bd-king-r7/IT/bd-king-r7/powerhub/bd-king-r7 powerhub/orchestrator/.venv/lib/python3.12/site-packages/sqlalchemy/orm/query.py -> runner/python/query.py
[2026-06-03 21:56:54.510066] 📦 Moved ./bd-king-r7/IT/bd-king-r7/powerhub/bd-king-r7 powerhub/orchestrator/.venv/lib/python3.12/site-packages/sqlalchemy/orm/relationships.py -> runner/python/relationships.py
[2026-06-03 21:56:54.510837] 📦 Moved ./bd-king-r7/IT/bd-king-r7/powerhub/bd-king-r7 powerhub/orchestrator/.venv/lib/python3.12/site-packages/sqlalchemy/orm/scoping.py -> runner/python/scoping.py
[2026-06-03 21:56:54.512557] 📦 Moved ./bd-king-r7/IT/bd-king-r7/powerhub/bd-king-r7 powerhub/orchestrator/.venv/lib/python3.12/site-packages/sqlalchemy/orm/session.py -> runner/python/session.py
[2026-06-03 21:56:54.513516] 📦 Moved ./bd-king-r7/IT/bd-king-r7/powerhub/bd-king-r7 powerhub/orchestrator/.venv/lib/python3.12/site-packages/sqlalchemy/orm/state.py -> runner/python/state.py
[2026-06-03 21:56:54.514951] 📦 Moved ./bd-king-r7/IT/bd-king-r7/powerhub/bd-king-r7 powerhub/orchestrator/.venv/lib/python3.12/site-packages/sqlalchemy/orm/strategies.py -> runner/python/strategies.py
[2026-06-03 21:56:54.516104] 📦 Moved ./bd-king-r7/IT/bd-king-r7/powerhub/bd-king-r7 powerhub/orchestrator/.venv/lib/python3.12/site-packages/sqlalchemy/orm/strategy_options.py -> runner/python/strategy_options.py
[2026-06-03 21:56:54.516840] 📦 Moved ./bd-king-r7/IT/bd-king-r7/powerhub/bd-king-r7 powerhub/orchestrator/.venv/lib/python3.12/site-packages/sqlalchemy/orm/sync.py -> runner/python/sync.py
[2026-06-03 21:56:54.517581] 📦 Moved ./bd-king-r7/IT/bd-king-r7/powerhub/bd-king-r7 powerhub/orchestrator/.venv/lib/python3.12/site-packages/sqlalchemy/orm/unitofwork.py -> runner/python/unitofwork.py
[2026-06-03 21:56:54.518566] 📦 Moved ./bd-king-r7/IT/bd-king-r7/powerhub/bd-king-r7 powerhub/orchestrator/.venv/lib/python3.12/site-packages/sqlalchemy/orm/util.py -> runner/python/util.py
[2026-06-03 21:56:54.519484] 📦 Moved ./bd-king-r7/IT/bd-king-r7/powerhub/bd-king-r7 powerhub/orchestrator/.venv/lib/python3.12/site-packages/sqlalchemy/pool/__init__.py -> runner/python/__init__.py
[2026-06-03 21:56:54.520405] 📦 Moved ./bd-king-r7/IT/bd-king-r7/powerhub/bd-king-r7 powerhub/orchestrator/.venv/lib/python3.12/site-packages/sqlalchemy/pool/base.py -> runner/python/base.py
[2026-06-03 21:56:54.520955] 📦 Moved ./bd-king-r7/IT/bd-king-r7/powerhub/bd-king-r7 powerhub/orchestrator/.venv/lib/python3.12/site-packages/sqlalchemy/pool/dbapi_proxy.py -> runner/python/dbapi_proxy.py
[2026-06-03 21:56:54.521691] 📦 Moved ./bd-king-r7/IT/bd-king-r7/powerhub/bd-king-r7 powerhub/orchestrator/.venv/lib/python3.12/site-packages/sqlalchemy/pool/events.py -> runner/python/events.py
[2026-06-03 21:56:54.522291] 📦 Moved ./bd-king-r7/IT/bd-king-r7/powerhub/bd-king-r7 powerhub/orchestrator/.venv/lib/python3.12/site-packages/sqlalchemy/pool/impl.py -> runner/python/impl.py
[2026-06-03 21:56:54.523036] 📦 Moved ./bd-king-r7/IT/bd-king-r7/powerhub/bd-king-r7 powerhub/orchestrator/.venv/lib/python3.12/site-packages/sqlalchemy/sql/__init__.py -> runner/python/__init__.py
[2026-06-03 21:56:54.523528] 📦 Moved ./bd-king-r7/IT/bd-king-r7/powerhub/bd-king-r7 powerhub/orchestrator/.venv/lib/python3.12/site-packages/sqlalchemy/sql/annotation.py -> runner/python/annotation.py
[2026-06-03 21:56:54.524452] 📦 Moved ./bd-king-r7/IT/bd-king-r7/powerhub/bd-king-r7 powerhub/orchestrator/.venv/lib/python3.12/site-packages/sqlalchemy/sql/base.py -> runner/python/base.py
[2026-06-03 21:56:54.525254] 📦 Moved ./bd-king-r7/IT/bd-king-r7/powerhub/bd-king-r7 powerhub/orchestrator/.venv/lib/python3.12/site-packages/sqlalchemy/sql/coercions.py -> runner/python/coercions.py
[2026-06-03 21:56:54.527043] 📦 Moved ./bd-king-r7/IT/bd-king-r7/powerhub/bd-king-r7 powerhub/orchestrator/.venv/lib/python3.12/site-packages/sqlalchemy/sql/compiler.py -> runner/python/compiler.py
[2026-06-03 21:56:54.527927] 📦 Moved ./bd-king-r7/IT/bd-king-r7/powerhub/bd-king-r7 powerhub/orchestrator/.venv/lib/python3.12/site-packages/sqlalchemy/sql/crud.py -> runner/python/crud.py
[2026-06-03 21:56:54.528795] 📦 Moved ./bd-king-r7/IT/bd-king-r7/powerhub/bd-king-r7 powerhub/orchestrator/.venv/lib/python3.12/site-packages/sqlalchemy/sql/ddl.py -> runner/python/ddl.py
[2026-06-03 21:56:54.529365] 📦 Moved ./bd-king-r7/IT/bd-king-r7/powerhub/bd-king-r7 powerhub/orchestrator/.venv/lib/python3.12/site-packages/sqlalchemy/sql/default_comparator.py -> runner/python/default_comparator.py
[2026-06-03 21:56:54.530202] 📦 Moved ./bd-king-r7/IT/bd-king-r7/powerhub/bd-king-r7 powerhub/orchestrator/.venv/lib/python3.12/site-packages/sqlalchemy/sql/dml.py -> runner/python/dml.py
[2026-06-03 21:56:54.531814] 📦 Moved ./bd-king-r7/IT/bd-king-r7/powerhub/bd-king-r7 powerhub/orchestrator/.venv/lib/python3.12/site-packages/sqlalchemy/sql/elements.py -> runner/python/elements.py
[2026-06-03 21:56:54.532793] 📦 Moved ./bd-king-r7/IT/bd-king-r7/powerhub/bd-king-r7 powerhub/orchestrator/.venv/lib/python3.12/site-packages/sqlalchemy/sql/events.py -> runner/python/events.py
[2026-06-03 21:56:54.533446] 📦 Moved ./bd-king-r7/IT/bd-king-r7/powerhub/bd-king-r7 powerhub/orchestrator/.venv/lib/python3.12/site-packages/sqlalchemy/sql/expression.py -> runner/python/expression.py
[2026-06-03 21:56:54.534220] 📦 Moved ./bd-king-r7/IT/bd-king-r7/powerhub/bd-king-r7 powerhub/orchestrator/.venv/lib/python3.12/site-packages/sqlalchemy/sql/functions.py -> runner/python/functions.py
[2026-06-03 21:56:54.534978] 📦 Moved ./bd-king-r7/IT/bd-king-r7/powerhub/bd-king-r7 powerhub/orchestrator/.venv/lib/python3.12/site-packages/sqlalchemy/sql/lambdas.py -> runner/python/lambdas.py
[2026-06-03 21:56:54.535528] 📦 Moved ./bd-king-r7/IT/bd-king-r7/powerhub/bd-king-r7 powerhub/orchestrator/.venv/lib/python3.12/site-packages/sqlalchemy/sql/naming.py -> runner/python/naming.py
[2026-06-03 21:56:54.536392] 📦 Moved ./bd-king-r7/IT/bd-king-r7/powerhub/bd-king-r7 powerhub/orchestrator/.venv/lib/python3.12/site-packages/sqlalchemy/sql/operators.py -> runner/python/operators.py
[2026-06-03 21:56:54.536991] 📦 Moved ./bd-king-r7/IT/bd-king-r7/powerhub/bd-king-r7 powerhub/orchestrator/.venv/lib/python3.12/site-packages/sqlalchemy/sql/roles.py -> runner/python/roles.py
[2026-06-03 21:56:54.538649] 📦 Moved ./bd-king-r7/IT/bd-king-r7/powerhub/bd-king-r7 powerhub/orchestrator/.venv/lib/python3.12/site-packages/sqlalchemy/sql/schema.py -> runner/python/schema.py
[2026-06-03 21:56:54.540705] 📦 Moved ./bd-king-r7/IT/bd-king-r7/powerhub/bd-king-r7 powerhub/orchestrator/.venv/lib/python3.12/site-packages/sqlalchemy/sql/selectable.py -> runner/python/selectable.py
[2026-06-03 21:56:54.541999] 📦 Moved ./bd-king-r7/IT/bd-king-r7/powerhub/bd-king-r7 powerhub/orchestrator/.venv/lib/python3.12/site-packages/sqlalchemy/sql/sqltypes.py -> runner/python/sqltypes.py
[2026-06-03 21:56:54.542950] 📦 Moved ./bd-king-r7/IT/bd-king-r7/powerhub/bd-king-r7 powerhub/orchestrator/.venv/lib/python3.12/site-packages/sqlalchemy/sql/traversals.py -> runner/python/traversals.py
[2026-06-03 21:56:54.543831] 📦 Moved ./bd-king-r7/IT/bd-king-r7/powerhub/bd-king-r7 powerhub/orchestrator/.venv/lib/python3.12/site-packages/sqlalchemy/sql/type_api.py -> runner/python/type_api.py
[2026-06-03 21:56:54.544663] 📦 Moved ./bd-king-r7/IT/bd-king-r7/powerhub/bd-king-r7 powerhub/orchestrator/.venv/lib/python3.12/site-packages/sqlalchemy/sql/util.py -> runner/python/util.py
[2026-06-03 21:56:54.545292] 📦 Moved ./bd-king-r7/IT/bd-king-r7/powerhub/bd-king-r7 powerhub/orchestrator/.venv/lib/python3.12/site-packages/sqlalchemy/sql/visitors.py -> runner/python/visitors.py
[2026-06-03 21:56:54.546114] 📦 Moved ./bd-king-r7/IT/bd-king-r7/powerhub/bd-king-r7 powerhub/orchestrator/.venv/lib/python3.12/site-packages/sqlalchemy/testing/__init__.py -> runner/python/__init__.py
[2026-06-03 21:56:54.546684] 📦 Moved ./bd-king-r7/IT/bd-king-r7/powerhub/bd-king-r7 powerhub/orchestrator/.venv/lib/python3.12/site-packages/sqlalchemy/testing/assertions.py -> runner/python/assertions.py
[2026-06-03 21:56:54.547182] 📦 Moved ./bd-king-r7/IT/bd-king-r7/powerhub/bd-king-r7 powerhub/orchestrator/.venv/lib/python3.12/site-packages/sqlalchemy/testing/assertsql.py -> runner/python/assertsql.py
[2026-06-03 21:56:54.547570] 📦 Moved ./bd-king-r7/IT/bd-king-r7/powerhub/bd-king-r7 powerhub/orchestrator/.venv/lib/python3.12/site-packages/sqlalchemy/testing/asyncio.py -> runner/python/asyncio.py
[2026-06-03 21:56:54.548160] 📦 Moved ./bd-king-r7/IT/bd-king-r7/powerhub/bd-king-r7 powerhub/orchestrator/.venv/lib/python3.12/site-packages/sqlalchemy/testing/config.py -> runner/python/config.py
[2026-06-03 21:56:54.548686] 📦 Moved ./bd-king-r7/IT/bd-king-r7/powerhub/bd-king-r7 powerhub/orchestrator/.venv/lib/python3.12/site-packages/sqlalchemy/testing/engines.py -> runner/python/engines.py
[2026-06-03 21:56:54.549088] 📦 Moved ./bd-king-r7/IT/bd-king-r7/powerhub/bd-king-r7 powerhub/orchestrator/.venv/lib/python3.12/site-packages/sqlalchemy/testing/entities.py -> runner/python/entities.py
[2026-06-03 21:56:54.549543] 📦 Moved ./bd-king-r7/IT/bd-king-r7/powerhub/bd-king-r7 powerhub/orchestrator/.venv/lib/python3.12/site-packages/sqlalchemy/testing/exclusions.py -> runner/python/exclusions.py
[2026-06-03 21:56:54.550247] 📦 Moved ./bd-king-r7/IT/bd-king-r7/powerhub/bd-king-r7 powerhub/orchestrator/.venv/lib/python3.12/site-packages/sqlalchemy/testing/fixtures.py -> runner/python/fixtures.py
[2026-06-03 21:56:54.550855] 📦 Moved ./bd-king-r7/IT/bd-king-r7/powerhub/bd-king-r7 powerhub/orchestrator/.venv/lib/python3.12/site-packages/sqlalchemy/testing/mock.py -> runner/python/mock.py
[2026-06-03 21:56:54.551387] 📦 Moved ./bd-king-r7/IT/bd-king-r7/powerhub/bd-king-r7 powerhub/orchestrator/.venv/lib/python3.12/site-packages/sqlalchemy/testing/pickleable.py -> runner/python/pickleable.py
[2026-06-03 21:56:54.552199] 📦 Moved ./bd-king-r7/IT/bd-king-r7/powerhub/bd-king-r7 powerhub/orchestrator/.venv/lib/python3.12/site-packages/sqlalchemy/testing/profiling.py -> runner/python/profiling.py
[2026-06-03 21:56:54.553138] 📦 Moved ./bd-king-r7/IT/bd-king-r7/powerhub/bd-king-r7 powerhub/orchestrator/.venv/lib/python3.12/site-packages/sqlalchemy/testing/provision.py -> runner/python/provision.py
[2026-06-03 21:56:54.554312] 📦 Moved ./bd-king-r7/IT/bd-king-r7/powerhub/bd-king-r7 powerhub/orchestrator/.venv/lib/python3.12/site-packages/sqlalchemy/testing/requirements.py -> runner/python/requirements.py
[2026-06-03 21:56:54.555264] 📦 Moved ./bd-king-r7/IT/bd-king-r7/powerhub/bd-king-r7 powerhub/orchestrator/.venv/lib/python3.12/site-packages/sqlalchemy/testing/schema.py -> runner/python/schema.py
[2026-06-03 21:56:54.557381] 📦 Moved ./bd-king-r7/IT/bd-king-r7/powerhub/bd-king-r7 powerhub/orchestrator/.venv/lib/python3.12/site-packages/sqlalchemy/testing/util.py -> runner/python/util.py
[2026-06-03 21:56:54.558695] 📦 Moved ./bd-king-r7/IT/bd-king-r7/powerhub/bd-king-r7 powerhub/orchestrator/.venv/lib/python3.12/site-packages/sqlalchemy/testing/warnings.py -> runner/python/warnings.py
[2026-06-03 21:56:54.560800] 📦 Moved ./bd-king-r7/IT/bd-king-r7/powerhub/bd-king-r7 powerhub/orchestrator/.venv/lib/python3.12/site-packages/sqlalchemy/testing/plugin/__init__.py -> runner/python/__init__.py
[2026-06-03 21:56:54.562008] 📦 Moved ./bd-king-r7/IT/bd-king-r7/powerhub/bd-king-r7 powerhub/orchestrator/.venv/lib/python3.12/site-packages/sqlalchemy/testing/plugin/bootstrap.py -> runner/python/bootstrap.py
[2026-06-03 21:56:54.563572] 📦 Moved ./bd-king-r7/IT/bd-king-r7/powerhub/bd-king-r7 powerhub/orchestrator/.venv/lib/python3.12/site-packages/sqlalchemy/testing/plugin/plugin_base.py -> runner/python/plugin_base.py
[2026-06-03 21:56:54.565754] 📦 Moved ./bd-king-r7/IT/bd-king-r7/powerhub/bd-king-r7 powerhub/orchestrator/.venv/lib/python3.12/site-packages/sqlalchemy/testing/plugin/pytestplugin.py -> runner/python/pytestplugin.py
[2026-06-03 21:56:54.567136] 📦 Moved ./bd-king-r7/IT/bd-king-r7/powerhub/bd-king-r7 powerhub/orchestrator/.venv/lib/python3.12/site-packages/sqlalchemy/testing/plugin/reinvent_fixtures_py2k.py -> runner/python/reinvent_fixtures_py2k.py
[2026-06-03 21:56:54.569590] 📦 Moved ./bd-king-r7/IT/bd-king-r7/powerhub/bd-king-r7 powerhub/orchestrator/.venv/lib/python3.12/site-packages/sqlalchemy/testing/suite/__init__.py -> runner/python/__init__.py
[2026-06-03 21:56:54.573920] 📦 Moved ./bd-king-r7/IT/bd-king-r7/powerhub/bd-king-r7 powerhub/orchestrator/.venv/lib/python3.12/site-packages/sqlalchemy/testing/suite/test_cte.py -> runner/python/test_cte.py
[2026-06-03 21:56:54.575667] 📦 Moved ./bd-king-r7/IT/bd-king-r7/powerhub/bd-king-r7 powerhub/orchestrator/.venv/lib/python3.12/site-packages/sqlalchemy/testing/suite/test_ddl.py -> runner/python/test_ddl.py
[2026-06-03 21:56:54.577026] 📦 Moved ./bd-king-r7/IT/bd-king-r7/powerhub/bd-king-r7 powerhub/orchestrator/.venv/lib/python3.12/site-packages/sqlalchemy/testing/suite/test_deprecations.py -> runner/python/test_deprecations.py
[2026-06-03 21:56:54.577770] 📦 Moved ./bd-king-r7/IT/bd-king-r7/powerhub/bd-king-r7 powerhub/orchestrator/.venv/lib/python3.12/site-packages/sqlalchemy/testing/suite/test_dialect.py -> runner/python/test_dialect.py
[2026-06-03 21:56:54.578437] 📦 Moved ./bd-king-r7/IT/bd-king-r7/powerhub/bd-king-r7 powerhub/orchestrator/.venv/lib/python3.12/site-packages/sqlalchemy/testing/suite/test_insert.py -> runner/python/test_insert.py
[2026-06-03 21:56:54.579371] 📦 Moved ./bd-king-r7/IT/bd-king-r7/powerhub/bd-king-r7 powerhub/orchestrator/.venv/lib/python3.12/site-packages/sqlalchemy/testing/suite/test_reflection.py -> runner/python/test_reflection.py
[2026-06-03 21:56:54.580245] 📦 Moved ./bd-king-r7/IT/bd-king-r7/powerhub/bd-king-r7 powerhub/orchestrator/.venv/lib/python3.12/site-packages/sqlalchemy/testing/suite/test_results.py -> runner/python/test_results.py
[2026-06-03 21:56:54.580930] 📦 Moved ./bd-king-r7/IT/bd-king-r7/powerhub/bd-king-r7 powerhub/orchestrator/.venv/lib/python3.12/site-packages/sqlalchemy/testing/suite/test_rowcount.py -> runner/python/test_rowcount.py
[2026-06-03 21:56:54.581940] 📦 Moved ./bd-king-r7/IT/bd-king-r7/powerhub/bd-king-r7 powerhub/orchestrator/.venv/lib/python3.12/site-packages/sqlalchemy/testing/suite/test_select.py -> runner/python/test_select.py
[2026-06-03 21:56:54.582585] 📦 Moved ./bd-king-r7/IT/bd-king-r7/powerhub/bd-king-r7 powerhub/orchestrator/.venv/lib/python3.12/site-packages/sqlalchemy/testing/suite/test_sequence.py -> runner/python/test_sequence.py
[2026-06-03 21:56:54.584133] 📦 Moved ./bd-king-r7/IT/bd-king-r7/powerhub/bd-king-r7 powerhub/orchestrator/.venv/lib/python3.12/site-packages/sqlalchemy/testing/suite/test_types.py -> runner/python/test_types.py
[2026-06-03 21:56:54.584938] 📦 Moved ./bd-king-r7/IT/bd-king-r7/powerhub/bd-king-r7 powerhub/orchestrator/.venv/lib/python3.12/site-packages/sqlalchemy/testing/suite/test_unicode_ddl.py -> runner/python/test_unicode_ddl.py
[2026-06-03 21:56:54.585517] 📦 Moved ./bd-king-r7/IT/bd-king-r7/powerhub/bd-king-r7 powerhub/orchestrator/.venv/lib/python3.12/site-packages/sqlalchemy/testing/suite/test_update_delete.py -> runner/python/test_update_delete.py
[2026-06-03 21:56:54.586371] 📦 Moved ./bd-king-r7/IT/bd-king-r7/powerhub/bd-king-r7 powerhub/orchestrator/.venv/lib/python3.12/site-packages/sqlalchemy/util/__init__.py -> runner/python/__init__.py
[2026-06-03 21:56:54.587154] 📦 Moved ./bd-king-r7/IT/bd-king-r7/powerhub/bd-king-r7 powerhub/orchestrator/.venv/lib/python3.12/site-packages/sqlalchemy/util/_collections.py -> runner/python/_collections.py
[2026-06-03 21:56:54.587678] 📦 Moved ./bd-king-r7/IT/bd-king-r7/powerhub/bd-king-r7 powerhub/orchestrator/.venv/lib/python3.12/site-packages/sqlalchemy/util/_compat_py3k.py -> runner/python/_compat_py3k.py
[2026-06-03 21:56:54.588260] 📦 Moved ./bd-king-r7/IT/bd-king-r7/powerhub/bd-king-r7 powerhub/orchestrator/.venv/lib/python3.12/site-packages/sqlalchemy/util/_concurrency_py3k.py -> runner/python/_concurrency_py3k.py
[2026-06-03 21:56:54.588718] 📦 Moved ./bd-king-r7/IT/bd-king-r7/powerhub/bd-king-r7 powerhub/orchestrator/.venv/lib/python3.12/site-packages/sqlalchemy/util/_preloaded.py -> runner/python/_preloaded.py
[2026-06-03 21:56:54.589374] 📦 Moved ./bd-king-r7/IT/bd-king-r7/powerhub/bd-king-r7 powerhub/orchestrator/.venv/lib/python3.12/site-packages/sqlalchemy/util/compat.py -> runner/python/compat.py
[2026-06-03 21:56:54.589926] 📦 Moved ./bd-king-r7/IT/bd-king-r7/powerhub/bd-king-r7 powerhub/orchestrator/.venv/lib/python3.12/site-packages/sqlalchemy/util/concurrency.py -> runner/python/concurrency.py
[2026-06-03 21:56:54.590497] 📦 Moved ./bd-king-r7/IT/bd-king-r7/powerhub/bd-king-r7 powerhub/orchestrator/.venv/lib/python3.12/site-packages/sqlalchemy/util/deprecations.py -> runner/python/deprecations.py
[2026-06-03 21:56:54.591319] 📦 Moved ./bd-king-r7/IT/bd-king-r7/powerhub/bd-king-r7 powerhub/orchestrator/.venv/lib/python3.12/site-packages/sqlalchemy/util/langhelpers.py -> runner/python/langhelpers.py
[2026-06-03 21:56:54.591923] 📦 Moved ./bd-king-r7/IT/bd-king-r7/powerhub/bd-king-r7 powerhub/orchestrator/.venv/lib/python3.12/site-packages/sqlalchemy/util/queue.py -> runner/python/queue.py
[2026-06-03 21:56:54.592424] 📦 Moved ./bd-king-r7/IT/bd-king-r7/powerhub/bd-king-r7 powerhub/orchestrator/.venv/lib/python3.12/site-packages/sqlalchemy/util/topological.py -> runner/python/topological.py
[2026-06-03 21:56:54.593401] 📦 Moved ./bd-king-r7/IT/bd-king-r7/powerhub/bd-king-r7 powerhub/orchestrator/.venv/lib/python3.12/site-packages/urllib3/__init__.py -> runner/python/__init__.py
[2026-06-03 21:56:54.593871] 📦 Moved ./bd-king-r7/IT/bd-king-r7/powerhub/bd-king-r7 powerhub/orchestrator/.venv/lib/python3.12/site-packages/urllib3/_base_connection.py -> runner/python/_base_connection.py
[2026-06-03 21:56:54.594477] 📦 Moved ./bd-king-r7/IT/bd-king-r7/powerhub/bd-king-r7 powerhub/orchestrator/.venv/lib/python3.12/site-packages/urllib3/_collections.py -> runner/python/_collections.py
[2026-06-03 21:56:54.594928] 📦 Moved ./bd-king-r7/IT/bd-king-r7/powerhub/bd-king-r7 powerhub/orchestrator/.venv/lib/python3.12/site-packages/urllib3/_request_methods.py -> runner/python/_request_methods.py
[2026-06-03 21:56:54.595359] 📦 Moved ./bd-king-r7/IT/bd-king-r7/powerhub/bd-king-r7 powerhub/orchestrator/.venv/lib/python3.12/site-packages/urllib3/_version.py -> runner/python/_version.py
[2026-06-03 21:56:54.596090] 📦 Moved ./bd-king-r7/IT/bd-king-r7/powerhub/bd-king-r7 powerhub/orchestrator/.venv/lib/python3.12/site-packages/urllib3/connection.py -> runner/python/connection.py
[2026-06-03 21:56:54.596924] 📦 Moved ./bd-king-r7/IT/bd-king-r7/powerhub/bd-king-r7 powerhub/orchestrator/.venv/lib/python3.12/site-packages/urllib3/connectionpool.py -> runner/python/connectionpool.py
[2026-06-03 21:56:54.597530] 📦 Moved ./bd-king-r7/IT/bd-king-r7/powerhub/bd-king-r7 powerhub/orchestrator/.venv/lib/python3.12/site-packages/urllib3/exceptions.py -> runner/python/exceptions.py
[2026-06-03 21:56:54.598194] 📦 Moved ./bd-king-r7/IT/bd-king-r7/powerhub/bd-king-r7 powerhub/orchestrator/.venv/lib/python3.12/site-packages/urllib3/fields.py -> runner/python/fields.py
[2026-06-03 21:56:54.598785] 📦 Moved ./bd-king-r7/IT/bd-king-r7/powerhub/bd-king-r7 powerhub/orchestrator/.venv/lib/python3.12/site-packages/urllib3/filepost.py -> runner/python/filepost.py
[2026-06-03 21:56:54.599511] 📦 Moved ./bd-king-r7/IT/bd-king-r7/powerhub/bd-king-r7 powerhub/orchestrator/.venv/lib/python3.12/site-packages/urllib3/poolmanager.py -> runner/python/poolmanager.py
[2026-06-03 21:56:54.600534] 📦 Moved ./bd-king-r7/IT/bd-king-r7/powerhub/bd-king-r7 powerhub/orchestrator/.venv/lib/python3.12/site-packages/urllib3/response.py -> runner/python/response.py
[2026-06-03 21:56:54.601376] 📦 Moved ./bd-king-r7/IT/bd-king-r7/powerhub/bd-king-r7 powerhub/orchestrator/.venv/lib/python3.12/site-packages/urllib3/contrib/__init__.py -> runner/python/__init__.py
[2026-06-03 21:56:54.602077] 📦 Moved ./bd-king-r7/IT/bd-king-r7/powerhub/bd-king-r7 powerhub/orchestrator/.venv/lib/python3.12/site-packages/urllib3/contrib/pyopenssl.py -> runner/python/pyopenssl.py
[2026-06-03 21:56:54.602718] 📦 Moved ./bd-king-r7/IT/bd-king-r7/powerhub/bd-king-r7 powerhub/orchestrator/.venv/lib/python3.12/site-packages/urllib3/contrib/socks.py -> runner/python/socks.py
[2026-06-03 21:56:54.603410] 📦 Moved ./bd-king-r7/IT/bd-king-r7/powerhub/bd-king-r7 powerhub/orchestrator/.venv/lib/python3.12/site-packages/urllib3/contrib/emscripten/__init__.py -> runner/python/__init__.py
[2026-06-03 21:56:54.604013] 📦 Moved ./bd-king-r7/IT/bd-king-r7/powerhub/bd-king-r7 powerhub/orchestrator/.venv/lib/python3.12/site-packages/urllib3/contrib/emscripten/connection.py -> runner/python/connection.py
[2026-06-03 21:56:54.604560] 📦 Moved ./bd-king-r7/IT/bd-king-r7/powerhub/bd-king-r7 powerhub/orchestrator/.venv/lib/python3.12/site-packages/urllib3/contrib/emscripten/emscripten_fetch_worker.js -> runner/node/emscripten_fetch_worker.js
[2026-06-03 21:56:54.605209] 📦 Moved ./bd-king-r7/IT/bd-king-r7/powerhub/bd-king-r7 powerhub/orchestrator/.venv/lib/python3.12/site-packages/urllib3/contrib/emscripten/fetch.py -> runner/python/fetch.py
[2026-06-03 21:56:54.605782] 📦 Moved ./bd-king-r7/IT/bd-king-r7/powerhub/bd-king-r7 powerhub/orchestrator/.venv/lib/python3.12/site-packages/urllib3/contrib/emscripten/request.py -> runner/python/request.py
[2026-06-03 21:56:54.606408] 📦 Moved ./bd-king-r7/IT/bd-king-r7/powerhub/bd-king-r7 powerhub/orchestrator/.venv/lib/python3.12/site-packages/urllib3/contrib/emscripten/response.py -> runner/python/response.py
[2026-06-03 21:56:54.607154] 📦 Moved ./bd-king-r7/IT/bd-king-r7/powerhub/bd-king-r7 powerhub/orchestrator/.venv/lib/python3.12/site-packages/urllib3/http2/__init__.py -> runner/python/__init__.py
[2026-06-03 21:56:54.607753] 📦 Moved ./bd-king-r7/IT/bd-king-r7/powerhub/bd-king-r7 powerhub/orchestrator/.venv/lib/python3.12/site-packages/urllib3/http2/connection.py -> runner/python/connection.py
[2026-06-03 21:56:54.608216] 📦 Moved ./bd-king-r7/IT/bd-king-r7/powerhub/bd-king-r7 powerhub/orchestrator/.venv/lib/python3.12/site-packages/urllib3/http2/probe.py -> runner/python/probe.py
[2026-06-03 21:56:54.608875] 📦 Moved ./bd-king-r7/IT/bd-king-r7/powerhub/bd-king-r7 powerhub/orchestrator/.venv/lib/python3.12/site-packages/urllib3/util/__init__.py -> runner/python/__init__.py
[2026-06-03 21:56:54.609451] 📦 Moved ./bd-king-r7/IT/bd-king-r7/powerhub/bd-king-r7 powerhub/orchestrator/.venv/lib/python3.12/site-packages/urllib3/util/connection.py -> runner/python/connection.py
[2026-06-03 21:56:54.609934] 📦 Moved ./bd-king-r7/IT/bd-king-r7/powerhub/bd-king-r7 powerhub/orchestrator/.venv/lib/python3.12/site-packages/urllib3/util/proxy.py -> runner/python/proxy.py
[2026-06-03 21:56:54.610451] 📦 Moved ./bd-king-r7/IT/bd-king-r7/powerhub/bd-king-r7 powerhub/orchestrator/.venv/lib/python3.12/site-packages/urllib3/util/request.py -> runner/python/request.py
[2026-06-03 21:56:54.610883] 📦 Moved ./bd-king-r7/IT/bd-king-r7/powerhub/bd-king-r7 powerhub/orchestrator/.venv/lib/python3.12/site-packages/urllib3/util/response.py -> runner/python/response.py
[2026-06-03 21:56:54.611437] 📦 Moved ./bd-king-r7/IT/bd-king-r7/powerhub/bd-king-r7 powerhub/orchestrator/.venv/lib/python3.12/site-packages/urllib3/util/retry.py -> runner/python/retry.py
[2026-06-03 21:56:54.611968] 📦 Moved ./bd-king-r7/IT/bd-king-r7/powerhub/bd-king-r7 powerhub/orchestrator/.venv/lib/python3.12/site-packages/urllib3/util/ssl_.py -> runner/python/ssl_.py
[2026-06-03 21:56:54.612462] 📦 Moved ./bd-king-r7/IT/bd-king-r7/powerhub/bd-king-r7 powerhub/orchestrator/.venv/lib/python3.12/site-packages/urllib3/util/ssl_match_hostname.py -> runner/python/ssl_match_hostname.py
[2026-06-03 21:56:54.612926] 📦 Moved ./bd-king-r7/IT/bd-king-r7/powerhub/bd-king-r7 powerhub/orchestrator/.venv/lib/python3.12/site-packages/urllib3/util/ssltransport.py -> runner/python/ssltransport.py
[2026-06-03 21:56:54.613386] 📦 Moved ./bd-king-r7/IT/bd-king-r7/powerhub/bd-king-r7 powerhub/orchestrator/.venv/lib/python3.12/site-packages/urllib3/util/timeout.py -> runner/python/timeout.py
[2026-06-03 21:56:54.613875] 📦 Moved ./bd-king-r7/IT/bd-king-r7/powerhub/bd-king-r7 powerhub/orchestrator/.venv/lib/python3.12/site-packages/urllib3/util/url.py -> runner/python/url.py
[2026-06-03 21:56:54.614252] 📦 Moved ./bd-king-r7/IT/bd-king-r7/powerhub/bd-king-r7 powerhub/orchestrator/.venv/lib/python3.12/site-packages/urllib3/util/util.py -> runner/python/util.py
[2026-06-03 21:56:54.614722] 📦 Moved ./bd-king-r7/IT/bd-king-r7/powerhub/bd-king-r7 powerhub/orchestrator/.venv/lib/python3.12/site-packages/urllib3/util/wait.py -> runner/python/wait.py
[2026-06-03 21:56:54.615560] 📦 Moved ./bd-king-r7/IT/bd-king-r7/powerhub/bd-king-r7 powerhub/orchestrator/.venv/lib/python3.12/site-packages/werkzeug/__init__.py -> runner/python/__init__.py
[2026-06-03 21:56:54.616092] 📦 Moved ./bd-king-r7/IT/bd-king-r7/powerhub/bd-king-r7 powerhub/orchestrator/.venv/lib/python3.12/site-packages/werkzeug/_internal.py -> runner/python/_internal.py
[2026-06-03 21:56:54.616643] 📦 Moved ./bd-king-r7/IT/bd-king-r7/powerhub/bd-king-r7 powerhub/orchestrator/.venv/lib/python3.12/site-packages/werkzeug/_reloader.py -> runner/python/_reloader.py
[2026-06-03 21:56:54.617313] 📦 Moved ./bd-king-r7/IT/bd-king-r7/powerhub/bd-king-r7 powerhub/orchestrator/.venv/lib/python3.12/site-packages/werkzeug/exceptions.py -> runner/python/exceptions.py
[2026-06-03 21:56:54.617978] 📦 Moved ./bd-king-r7/IT/bd-king-r7/powerhub/bd-king-r7 powerhub/orchestrator/.venv/lib/python3.12/site-packages/werkzeug/formparser.py -> runner/python/formparser.py
[2026-06-03 21:56:54.618792] 📦 Moved ./bd-king-r7/IT/bd-king-r7/powerhub/bd-king-r7 powerhub/orchestrator/.venv/lib/python3.12/site-packages/werkzeug/http.py -> runner/python/http.py
[2026-06-03 21:56:54.619423] 📦 Moved ./bd-king-r7/IT/bd-king-r7/powerhub/bd-king-r7 powerhub/orchestrator/.venv/lib/python3.12/site-packages/werkzeug/local.py -> runner/python/local.py
[2026-06-03 21:56:54.620100] 📦 Moved ./bd-king-r7/IT/bd-king-r7/powerhub/bd-king-r7 powerhub/orchestrator/.venv/lib/python3.12/site-packages/werkzeug/security.py -> runner/python/security.py
[2026-06-03 21:56:54.620758] 📦 Moved ./bd-king-r7/IT/bd-king-r7/powerhub/bd-king-r7 powerhub/orchestrator/.venv/lib/python3.12/site-packages/werkzeug/serving.py -> runner/python/serving.py
[2026-06-03 21:56:54.621535] 📦 Moved ./bd-king-r7/IT/bd-king-r7/powerhub/bd-king-r7 powerhub/orchestrator/.venv/lib/python3.12/site-packages/werkzeug/test.py -> runner/python/test.py
[2026-06-03 21:56:54.622011] 📦 Moved ./bd-king-r7/IT/bd-king-r7/powerhub/bd-king-r7 powerhub/orchestrator/.venv/lib/python3.12/site-packages/werkzeug/testapp.py -> runner/python/testapp.py
[2026-06-03 21:56:54.622507] 📦 Moved ./bd-king-r7/IT/bd-king-r7/powerhub/bd-king-r7 powerhub/orchestrator/.venv/lib/python3.12/site-packages/werkzeug/urls.py -> runner/python/urls.py
[2026-06-03 21:56:54.622891] 📦 Moved ./bd-king-r7/IT/bd-king-r7/powerhub/bd-king-r7 powerhub/orchestrator/.venv/lib/python3.12/site-packages/werkzeug/user_agent.py -> runner/python/user_agent.py
[2026-06-03 21:56:54.623500] 📦 Moved ./bd-king-r7/IT/bd-king-r7/powerhub/bd-king-r7 powerhub/orchestrator/.venv/lib/python3.12/site-packages/werkzeug/utils.py -> runner/python/utils.py
[2026-06-03 21:56:54.624118] 📦 Moved ./bd-king-r7/IT/bd-king-r7/powerhub/bd-king-r7 powerhub/orchestrator/.venv/lib/python3.12/site-packages/werkzeug/wsgi.py -> runner/python/wsgi.py
[2026-06-03 21:56:54.624904] 📦 Moved ./bd-king-r7/IT/bd-king-r7/powerhub/bd-king-r7 powerhub/orchestrator/.venv/lib/python3.12/site-packages/werkzeug/datastructures/__init__.py -> runner/python/__init__.py
[2026-06-03 21:56:54.625396] 📦 Moved ./bd-king-r7/IT/bd-king-r7/powerhub/bd-king-r7 powerhub/orchestrator/.venv/lib/python3.12/site-packages/werkzeug/datastructures/accept.py -> runner/python/accept.py
[2026-06-03 21:56:54.625895] 📦 Moved ./bd-king-r7/IT/bd-king-r7/powerhub/bd-king-r7 powerhub/orchestrator/.venv/lib/python3.12/site-packages/werkzeug/datastructures/auth.py -> runner/python/auth.py
[2026-06-03 21:56:54.626320] 📦 Moved ./bd-king-r7/IT/bd-king-r7/powerhub/bd-king-r7 powerhub/orchestrator/.venv/lib/python3.12/site-packages/werkzeug/datastructures/cache_control.py -> runner/python/cache_control.py
[2026-06-03 21:56:54.626701] 📦 Moved ./bd-king-r7/IT/bd-king-r7/powerhub/bd-king-r7 powerhub/orchestrator/.venv/lib/python3.12/site-packages/werkzeug/datastructures/csp.py -> runner/python/csp.py
[2026-06-03 21:56:54.627043] 📦 Moved ./bd-king-r7/IT/bd-king-r7/powerhub/bd-king-r7 powerhub/orchestrator/.venv/lib/python3.12/site-packages/werkzeug/datastructures/etag.py -> runner/python/etag.py
[2026-06-03 21:56:54.627394] 📦 Moved ./bd-king-r7/IT/bd-king-r7/powerhub/bd-king-r7 powerhub/orchestrator/.venv/lib/python3.12/site-packages/werkzeug/datastructures/file_storage.py -> runner/python/file_storage.py
[2026-06-03 21:56:54.627855] 📦 Moved ./bd-king-r7/IT/bd-king-r7/powerhub/bd-king-r7 powerhub/orchestrator/.venv/lib/python3.12/site-packages/werkzeug/datastructures/headers.py -> runner/python/headers.py
[2026-06-03 21:56:54.628283] 📦 Moved ./bd-king-r7/IT/bd-king-r7/powerhub/bd-king-r7 powerhub/orchestrator/.venv/lib/python3.12/site-packages/werkzeug/datastructures/mixins.py -> runner/python/mixins.py
[2026-06-03 21:56:54.628659] 📦 Moved ./bd-king-r7/IT/bd-king-r7/powerhub/bd-king-r7 powerhub/orchestrator/.venv/lib/python3.12/site-packages/werkzeug/datastructures/range.py -> runner/python/range.py
[2026-06-03 21:56:54.629316] 📦 Moved ./bd-king-r7/IT/bd-king-r7/powerhub/bd-king-r7 powerhub/orchestrator/.venv/lib/python3.12/site-packages/werkzeug/datastructures/structures.py -> runner/python/structures.py
[2026-06-03 21:56:54.630088] 📦 Moved ./bd-king-r7/IT/bd-king-r7/powerhub/bd-king-r7 powerhub/orchestrator/.venv/lib/python3.12/site-packages/werkzeug/debug/__init__.py -> runner/python/__init__.py
[2026-06-03 21:56:54.630562] 📦 Moved ./bd-king-r7/IT/bd-king-r7/powerhub/bd-king-r7 powerhub/orchestrator/.venv/lib/python3.12/site-packages/werkzeug/debug/console.py -> runner/python/console.py
[2026-06-03 21:56:54.631021] 📦 Moved ./bd-king-r7/IT/bd-king-r7/powerhub/bd-king-r7 powerhub/orchestrator/.venv/lib/python3.12/site-packages/werkzeug/debug/repr.py -> runner/python/repr.py
[2026-06-03 21:56:54.631479] 📦 Moved ./bd-king-r7/IT/bd-king-r7/powerhub/bd-king-r7 powerhub/orchestrator/.venv/lib/python3.12/site-packages/werkzeug/debug/tbtools.py -> runner/python/tbtools.py
[2026-06-03 21:56:54.632115] 📦 Moved ./bd-king-r7/IT/bd-king-r7/powerhub/bd-king-r7 powerhub/orchestrator/.venv/lib/python3.12/site-packages/werkzeug/debug/shared/debugger.js -> runner/node/debugger.js
[2026-06-03 21:56:54.632774] 📦 Moved ./bd-king-r7/IT/bd-king-r7/powerhub/bd-king-r7 powerhub/orchestrator/.venv/lib/python3.12/site-packages/werkzeug/middleware/__init__.py -> runner/python/__init__.py
[2026-06-03 21:56:54.633193] 📦 Moved ./bd-king-r7/IT/bd-king-r7/powerhub/bd-king-r7 powerhub/orchestrator/.venv/lib/python3.12/site-packages/werkzeug/middleware/dispatcher.py -> runner/python/dispatcher.py
[2026-06-03 21:56:54.633626] 📦 Moved ./bd-king-r7/IT/bd-king-r7/powerhub/bd-king-r7 powerhub/orchestrator/.venv/lib/python3.12/site-packages/werkzeug/middleware/http_proxy.py -> runner/python/http_proxy.py
[2026-06-03 21:56:54.634125] 📦 Moved ./bd-king-r7/IT/bd-king-r7/powerhub/bd-king-r7 powerhub/orchestrator/.venv/lib/python3.12/site-packages/werkzeug/middleware/lint.py -> runner/python/lint.py
[2026-06-03 21:56:54.634548] 📦 Moved ./bd-king-r7/IT/bd-king-r7/powerhub/bd-king-r7 powerhub/orchestrator/.venv/lib/python3.12/site-packages/werkzeug/middleware/profiler.py -> runner/python/profiler.py
[2026-06-03 21:56:54.634989] 📦 Moved ./bd-king-r7/IT/bd-king-r7/powerhub/bd-king-r7 powerhub/orchestrator/.venv/lib/python3.12/site-packages/werkzeug/middleware/proxy_fix.py -> runner/python/proxy_fix.py
[2026-06-03 21:56:54.635537] 📦 Moved ./bd-king-r7/IT/bd-king-r7/powerhub/bd-king-r7 powerhub/orchestrator/.venv/lib/python3.12/site-packages/werkzeug/middleware/shared_data.py -> runner/python/shared_data.py
[2026-06-03 21:56:54.636334] 📦 Moved ./bd-king-r7/IT/bd-king-r7/powerhub/bd-king-r7 powerhub/orchestrator/.venv/lib/python3.12/site-packages/werkzeug/routing/__init__.py -> runner/python/__init__.py
[2026-06-03 21:56:54.636813] 📦 Moved ./bd-king-r7/IT/bd-king-r7/powerhub/bd-king-r7 powerhub/orchestrator/.venv/lib/python3.12/site-packages/werkzeug/routing/converters.py -> runner/python/converters.py
[2026-06-03 21:56:54.637409] 📦 Moved ./bd-king-r7/IT/bd-king-r7/powerhub/bd-king-r7 powerhub/orchestrator/.venv/lib/python3.12/site-packages/werkzeug/routing/exceptions.py -> runner/python/exceptions.py
[2026-06-03 21:56:54.638107] 📦 Moved ./bd-king-r7/IT/bd-king-r7/powerhub/bd-king-r7 powerhub/orchestrator/.venv/lib/python3.12/site-packages/werkzeug/routing/map.py -> runner/python/map.py
[2026-06-03 21:56:54.638631] 📦 Moved ./bd-king-r7/IT/bd-king-r7/powerhub/bd-king-r7 powerhub/orchestrator/.venv/lib/python3.12/site-packages/werkzeug/routing/matcher.py -> runner/python/matcher.py
[2026-06-03 21:56:54.639229] 📦 Moved ./bd-king-r7/IT/bd-king-r7/powerhub/bd-king-r7 powerhub/orchestrator/.venv/lib/python3.12/site-packages/werkzeug/routing/rules.py -> runner/python/rules.py
[2026-06-03 21:56:54.639979] 📦 Moved ./bd-king-r7/IT/bd-king-r7/powerhub/bd-king-r7 powerhub/orchestrator/.venv/lib/python3.12/site-packages/werkzeug/sansio/__init__.py -> runner/python/__init__.py
[2026-06-03 21:56:54.640604] 📦 Moved ./bd-king-r7/IT/bd-king-r7/powerhub/bd-king-r7 powerhub/orchestrator/.venv/lib/python3.12/site-packages/werkzeug/sansio/http.py -> runner/python/http.py
[2026-06-03 21:56:54.641121] 📦 Moved ./bd-king-r7/IT/bd-king-r7/powerhub/bd-king-r7 powerhub/orchestrator/.venv/lib/python3.12/site-packages/werkzeug/sansio/multipart.py -> runner/python/multipart.py
[2026-06-03 21:56:54.641731] 📦 Moved ./bd-king-r7/IT/bd-king-r7/powerhub/bd-king-r7 powerhub/orchestrator/.venv/lib/python3.12/site-packages/werkzeug/sansio/request.py -> runner/python/request.py
[2026-06-03 21:56:54.642362] 📦 Moved ./bd-king-r7/IT/bd-king-r7/powerhub/bd-king-r7 powerhub/orchestrator/.venv/lib/python3.12/site-packages/werkzeug/sansio/response.py -> runner/python/response.py
[2026-06-03 21:56:54.642831] 📦 Moved ./bd-king-r7/IT/bd-king-r7/powerhub/bd-king-r7 powerhub/orchestrator/.venv/lib/python3.12/site-packages/werkzeug/sansio/utils.py -> runner/python/utils.py
[2026-06-03 21:56:54.643393] 📦 Moved ./bd-king-r7/IT/bd-king-r7/powerhub/bd-king-r7 powerhub/orchestrator/.venv/lib/python3.12/site-packages/werkzeug/wrappers/__init__.py -> runner/python/__init__.py
[2026-06-03 21:56:54.643957] 📦 Moved ./bd-king-r7/IT/bd-king-r7/powerhub/bd-king-r7 powerhub/orchestrator/.venv/lib/python3.12/site-packages/werkzeug/wrappers/request.py -> runner/python/request.py
[2026-06-03 21:56:54.644637] 📦 Moved ./bd-king-r7/IT/bd-king-r7/powerhub/bd-king-r7 powerhub/orchestrator/.venv/lib/python3.12/site-packages/werkzeug/wrappers/response.py -> runner/python/response.py
[2026-06-03 21:56:54.645330] 📦 Moved ./bd-king-r7/IT/bd-king-r7/powerhub/bd-king-r7 powerhub/orchestrator/agent/obj/bd-king-agent.csproj.nuget.dgspec.json -> runner/data/bd-king-agent.csproj.nuget.dgspec.json
[2026-06-03 21:56:54.645693] 📦 Moved ./bd-king-r7/IT/bd-king-r7/powerhub/bd-king-r7 powerhub/orchestrator/agent/obj/project.assets.json -> runner/data/project.assets.json
[2026-06-03 21:56:54.646545] 📦 Moved ./bd-king-r7/IT/bd-king-r7/powerhub/bd-king-r7 powerhub/orchestrator/bin/Release/net8.0/appsettings.json -> runner/data/appsettings.json
[2026-06-03 21:56:54.646995] 📦 Moved ./bd-king-r7/IT/bd-king-r7/powerhub/bd-king-r7 powerhub/orchestrator/bin/Release/net8.0/bd-king-orchestrator.deps.json -> runner/data/bd-king-orchestrator.deps.json
[2026-06-03 21:56:54.647323] 📦 Moved ./bd-king-r7/IT/bd-king-r7/powerhub/bd-king-r7 powerhub/orchestrator/bin/Release/net8.0/bd-king-orchestrator.runtimeconfig.json -> runner/data/bd-king-orchestrator.runtimeconfig.json
[2026-06-03 21:56:54.648161] 📦 Moved ./bd-king-r7/IT/bd-king-r7/powerhub/bd-king-r7 powerhub/orchestrator/bin/Release/net8.0/agent/obj/bd-king-agent.csproj.nuget.dgspec.json -> runner/data/bd-king-agent.csproj.nuget.dgspec.json
[2026-06-03 21:56:54.648757] 📦 Moved ./bd-king-r7/IT/bd-king-r7/powerhub/bd-king-r7 powerhub/orchestrator/bin/Release/net8.0/agent/obj/project.assets.json -> runner/data/project.assets.json
[2026-06-03 21:56:54.651677] 📦 Moved ./bd-king-r7/IT/bd-king-r7/powerhub/bd-king-r7 powerhub/orchestrator/obj/bd-king-orchestrator.csproj.nuget.dgspec.json -> runner/data/bd-king-orchestrator.csproj.nuget.dgspec.json
[2026-06-03 21:56:54.652893] 📦 Moved ./bd-king-r7/IT/bd-king-r7/powerhub/bd-king-r7 powerhub/orchestrator/obj/project.assets.json -> runner/data/project.assets.json
[2026-06-03 21:56:54.653805] 📦 Moved ./bd-king-r7/IT/bd-king-r7/powerhub/bd-king-r7 powerhub/orchestrator/obj/Release/net8.0/bd-king-orchestrator.sourcelink.json -> runner/data/bd-king-orchestrator.sourcelink.json
[2026-06-03 21:56:54.654297] 📦 Moved ./bd-king-r7/IT/bd-king-r7/powerhub/bd-king-r7 powerhub/orchestrator/obj/Release/net8.0/staticwebassets.build.json -> runner/data/staticwebassets.build.json
[2026-06-03 21:56:54.655122] 📦 Moved ./bd-king-r7/IT/bd-king-r7/powerhub/code synce/du.py -> runner/python/du.py
[2026-06-03 21:56:54.655654] 📦 Moved ./bd-king-r7/IT/bd-king-r7/powerhub/code synce/power.sh -> runner/shell/power.sh
[2026-06-03 21:56:54.656712] 📦 Moved ./bd-king-r7/IT/bd-king-r7/powerhub/code synce/real_time_code_power.py -> runner/python/real_time_code_power.py
[2026-06-03 21:56:54.657247] 📦 Moved ./bd-king-r7/IT/bd-king-r7/powerhub/code synce/roolback.sh -> runner/shell/roolback.sh
[2026-06-03 21:56:54.657767] 📦 Moved ./bd-king-r7/IT/bd-king-r7/powerhub/defanging/a.sh -> runner/shell/a.sh
[2026-06-03 21:56:54.658144] 📦 Moved ./bd-king-r7/IT/bd-king-r7/powerhub/defanging/b.sh -> runner/shell/b.sh
[2026-06-03 21:56:54.658479] 📦 Moved ./bd-king-r7/IT/bd-king-r7/powerhub/defanging/bass.sh -> runner/shell/bass.sh
[2026-06-03 21:56:54.658787] 📦 Moved ./bd-king-r7/IT/bd-king-r7/powerhub/defanging/block.sh -> runner/shell/block.sh
[2026-06-03 21:56:54.659072] 📦 Moved ./bd-king-r7/IT/bd-king-r7/powerhub/defanging/c.sh -> runner/shell/c.sh
[2026-06-03 21:56:54.659406] 📦 Moved ./bd-king-r7/IT/bd-king-r7/powerhub/defanging/difanging.py -> runner/python/difanging.py
[2026-06-03 21:56:54.659810] 📦 Moved ./bd-king-r7/IT/bd-king-r7/powerhub/defanging/python.py -> runner/python/python.py
[2026-06-03 21:56:54.660318] 📦 Moved ./bd-king-r7/IT/bd-king-r7/powerhub/device sync/server.py -> runner/python/server.py
[2026-06-03 21:56:54.660708] 📦 Moved ./bd-king-r7/IT/bd-king-r7/powerhub/device sync/clients/output.json -> runner/data/output.json
[2026-06-03 21:56:54.661011] 📦 Moved ./bd-king-r7/IT/bd-king-r7/powerhub/device sync/clients/python_clients.py -> runner/python/python_clients.py
[2026-06-03 21:56:54.661377] 📦 Moved ./bd-king-r7/IT/bd-king-r7/powerhub/device sync/clients/sync.py -> runner/python/sync.py
[2026-06-03 21:56:54.661849] 📦 Moved ./bd-king-r7/IT/bd-king-r7/powerhub/erth/config.json -> runner/data/config.json
[2026-06-03 21:56:54.662187] 📦 Moved ./bd-king-r7/IT/bd-king-r7/powerhub/erth/manaje.py -> runner/python/manaje.py
[2026-06-03 21:56:54.662676] 📦 Moved ./bd-king-r7/IT/bd-king-r7/powerhub/erth/powerhub/__init__.py -> runner/python/__init__.py
[2026-06-03 21:56:54.662996] 📦 Moved ./bd-king-r7/IT/bd-king-r7/powerhub/erth/powerhub/builder.py -> runner/python/builder.py
[2026-06-03 21:56:54.663403] 📦 Moved ./bd-king-r7/IT/bd-king-r7/powerhub/erth/powerhub/core.py -> runner/python/core.py
[2026-06-03 21:56:54.663769] 📦 Moved ./bd-king-r7/IT/bd-king-r7/powerhub/erth/powerhub/installer.py -> runner/python/installer.py
[2026-06-03 21:56:54.664123] 📦 Moved ./bd-king-r7/IT/bd-king-r7/powerhub/erth/powerhub/sync_server.py -> runner/python/sync_server.py
[2026-06-03 21:56:54.664643] 📦 Moved ./bd-king-r7/IT/bd-king-r7/powerhub/erth/web/run.py -> runner/python/run.py
[2026-06-03 21:56:54.665301] 📦 Moved ./bd-king-r7/IT/bd-king-r7/powerhub/erth/web/static/app.js -> runner/node/app.js
[2026-06-03 21:56:54.665876] 📦 Moved ./bd-king-r7/IT/bd-king-r7/powerhub/erth/web/templates/index.html -> runner/web/index.html
[2026-06-03 21:56:54.666364] 📦 Moved ./bd-king-r7/IT/bd-king-r7/powerhub/etc/bash.sh -> runner/shell/bash.sh
[2026-06-03 21:56:54.666834] 📦 Moved ./bd-king-r7/IT/bd-king-r7/powerhub/etc/bd-king-r7_mega_kernel.sh -> runner/shell/bd-king-r7_mega_kernel.sh
[2026-06-03 21:56:54.667276] 📦 Moved ./bd-king-r7/IT/bd-king-r7/powerhub/etc/bd-king-r7_power_engine.sh -> runner/shell/bd-king-r7_power_engine.sh
[2026-06-03 21:56:54.667729] 📦 Moved ./bd-king-r7/IT/bd-king-r7/powerhub/etc/bd-king-r7_power_omega.sh -> runner/shell/bd-king-r7_power_omega.sh
[2026-06-03 21:56:54.668558] 📦 Moved ./bd-king-r7/IT/bd-king-r7/powerhub/etc/bd-king-r7_power_omega_infinity.sh -> runner/shell/bd-king-r7_power_omega_infinity.sh
[2026-06-03 21:56:54.669251] 📦 Moved ./bd-king-r7/IT/bd-king-r7/powerhub/etc/bd-king-r7_unified_engines.sh -> runner/shell/bd-king-r7_unified_engines.sh
[2026-06-03 21:56:54.669860] 📦 Moved ./bd-king-r7/IT/bd-king-r7/powerhub/etc/bd-king-r7_vairaj_engine.sh -> runner/shell/bd-king-r7_vairaj_engine.sh
[2026-06-03 21:56:54.670391] 📦 Moved ./bd-king-r7/IT/bd-king-r7/powerhub/etc/etc.sh -> runner/shell/etc.sh
[2026-06-03 21:56:54.670847] 📦 Moved ./bd-king-r7/IT/bd-king-r7/powerhub/etc/get_base_power.sh -> runner/shell/get_base_power.sh
[2026-06-03 21:56:54.671299] 📦 Moved ./bd-king-r7/IT/bd-king-r7/powerhub/etc/tamanna_server_pulse.sh -> runner/shell/tamanna_server_pulse.sh
[2026-06-03 21:56:54.671676] 📦 Moved ./bd-king-r7/IT/bd-king-r7/powerhub/etc/viraj_potocol.sh -> runner/shell/viraj_potocol.sh
[2026-06-03 21:56:54.672216] 📦 Moved ./bd-king-r7/IT/bd-king-r7/powerhub/powerhub_helper/bd-king-r7_sync.json -> runner/data/bd-king-r7_sync.json
[2026-06-03 21:56:54.672673] 📦 Moved ./bd-king-r7/IT/bd-king-r7/powerhub/powerhub_helper/powerhub_master.py -> runner/python/powerhub_master.py
[2026-06-03 21:56:54.673293] 📦 Moved ./bd-king-r7/IT/bd-king-r7/powerhub/powerhub_helper/bd-king-r7 sync/app.js -> runner/node/app.js
[2026-06-03 21:56:54.673758] 📦 Moved ./bd-king-r7/IT/bd-king-r7/powerhub/powerhub_helper/bd-king-r7 sync/builder.py -> runner/python/builder.py
[2026-06-03 21:56:54.674178] 📦 Moved ./bd-king-r7/IT/bd-king-r7/powerhub/powerhub_helper/bd-king-r7 sync/config.json -> runner/data/config.json
[2026-06-03 21:56:54.674584] 📦 Moved ./bd-king-r7/IT/bd-king-r7/powerhub/powerhub_helper/bd-king-r7 sync/index.html -> runner/web/index.html
[2026-06-03 21:56:54.675043] 📦 Moved ./bd-king-r7/IT/bd-king-r7/powerhub/powerhub_helper/bd-king-r7 sync/install.py -> runner/python/install.py
[2026-06-03 21:56:54.675461] 📦 Moved ./bd-king-r7/IT/bd-king-r7/powerhub/powerhub_helper/bd-king-r7 sync/synce.py -> runner/python/synce.py
[2026-06-03 21:56:54.675908] 📦 Moved ./bd-king-r7/IT/bd-king-r7/powerhub/sync/Build System.json -> runner/data/Build System.json
[2026-06-03 21:56:54.676282] 📦 Moved ./bd-king-r7/IT/bd-king-r7/powerhub/sync/ai.sh -> runner/shell/ai.sh
[2026-06-03 21:56:54.676611] 📦 Moved ./bd-king-r7/IT/bd-king-r7/powerhub/sync/auto_build.sh -> runner/shell/auto_build.sh
[2026-06-03 21:56:54.677010] 📦 Moved ./bd-king-r7/IT/bd-king-r7/powerhub/sync/auto_sync.sh -> runner/shell/auto_sync.sh
[2026-06-03 21:56:54.677372] 📦 Moved ./bd-king-r7/IT/bd-king-r7/powerhub/sync/python tamanna_sync.py -> runner/python/python tamanna_sync.py
[2026-06-03 21:56:54.677736] 📦 Moved ./bd-king-r7/IT/bd-king-r7/powerhub/sync/sync_and_fix.sh -> runner/shell/sync_and_fix.sh
[2026-06-03 21:56:54.678249] 📦 Moved ./bd-king-r7/IT/bd-king-r7/sync/advanced_sync.py -> runner/python/advanced_sync.py
[2026-06-03 21:56:54.678783] 📦 Moved ./bd-king-r7/IT/bd-king-r7/sync/bd-king-r7_max_sync.py -> runner/python/bd-king-r7_max_sync.py
[2026-06-03 21:56:54.679102] 📦 Moved ./bd-king-r7/IT/bd-king-r7/sync/cak.sh -> runner/shell/cak.sh
[2026-06-03 21:56:54.679437] 📦 Moved ./bd-king-r7/IT/bd-king-r7/sync/tamanna_ai.sh -> runner/shell/tamanna_ai.sh
[2026-06-03 21:56:54.679800] 📦 Moved ./bd-king-r7/IT/bd-king-r7/sync/tamanna_bd-king-r7_sunc.py -> runner/python/tamanna_bd-king-r7_sunc.py
[2026-06-03 21:56:54.680139] 📦 Moved ./bd-king-r7/IT/bd-king-r7/sync/tamanna_sync.sh -> runner/shell/tamanna_sync.sh
[2026-06-03 21:56:54.680646] 📦 Moved ./bd-king-r7/IT/bd-king-r7/sync/tamanna_books_sync/auto_sync.py -> runner/python/auto_sync.py
[2026-06-03 21:56:54.680997] 📦 Moved ./bd-king-r7/IT/bd-king-r7/sync/tamanna_books_sync/cloud_auto_sync.py -> runner/python/cloud_auto_sync.py
[2026-06-03 21:56:54.681353] 📦 Moved ./bd-king-r7/IT/bd-king-r7/sync/tamanna_books_sync/tamanna_derive_sync.py -> runner/python/tamanna_derive_sync.py
[2026-06-03 21:56:54.681713] 📦 Moved ./bd-king-r7/IT/bd-king-r7/sync/tamanna_books_sync/tamannna_books_sync.py -> runner/python/tamannna_books_sync.py
[2026-06-03 21:56:54.682183] 📦 Moved ./bd-king-r7/IT/bd-king-r7/sync/tamanna_books_sync/core/deriv_sync.py -> runner/python/deriv_sync.py
[2026-06-03 21:56:54.682521] 📦 Moved ./bd-king-r7/IT/bd-king-r7/sync/tamanna_books_sync/core/power_engine.py -> runner/python/power_engine.py
[2026-06-03 21:56:54.682949] 📦 Moved ./bd-king-r7/IT/bd-king-r7/sync/tamanna_books_sync/core/run.py -> runner/python/run.py
[2026-06-03 21:56:54.683410] 📦 Moved ./bd-king-r7/IT/code/combined.py -> runner/python/combined.py
[2026-06-03 21:56:54.683742] 📦 Moved ./bd-king-r7/IT/code/ip_jenatet.py -> runner/python/ip_jenatet.py
[2026-06-03 21:56:54.684175] 📦 Moved ./bd-king-r7/IT/code/tamanna_code_editor.py -> runner/python/tamanna_code_editor.py
[2026-06-03 21:56:54.684642] 📦 Moved ./bd-king-r7/IT/code/tamanna_command.py -> runner/python/tamanna_command.py
[2026-06-03 21:56:54.685266] 📦 Moved ./bd-king-r7/IT/code/tamanna_system.py -> runner/python/tamanna_system.py
[2026-06-03 21:56:54.685948] 📦 Moved ./bd-king-r7/IT/config/ai_sync_config.json -> runner/data/ai_sync_config.json
[2026-06-03 21:56:54.686362] 📦 Moved ./bd-king-r7/IT/config/analytics_config.json -> runner/data/analytics_config.json
[2026-06-03 21:56:54.686726] 📦 Moved ./bd-king-r7/IT/config/automation_config.json -> runner/data/automation_config.json
[2026-06-03 21:56:54.687153] 📦 Moved ./bd-king-r7/IT/config/code_to_lode_congfigaretion.py -> runner/python/code_to_lode_congfigaretion.py
[2026-06-03 21:56:54.687553] 📦 Moved ./bd-king-r7/IT/config/decision_config.json -> runner/data/decision_config.json
[2026-06-03 21:56:54.687929] 📦 Moved ./bd-king-r7/IT/config/learning_config.json -> runner/data/learning_config.json
[2026-06-03 21:56:54.688302] 📦 Moved ./bd-king-r7/IT/config/model_monitoring.json -> runner/data/model_monitoring.json
[2026-06-03 21:56:54.688621] 📦 Moved ./bd-king-r7/IT/config/model_versions.json -> runner/data/model_versions.json
[2026-06-03 21:56:54.689012] 📦 Moved ./bd-king-r7/IT/config/models.json -> runner/data/models.json
[2026-06-03 21:56:54.689499] 📦 Moved ./bd-king-r7/IT/config/monitoring.json -> runner/data/monitoring.json
[2026-06-03 21:56:54.689880] 📦 Moved ./bd-king-r7/IT/config/monitoring_config.json -> runner/data/monitoring_config.json
[2026-06-03 21:56:54.690228] 📦 Moved ./bd-king-r7/IT/config/security_config.json -> runner/data/security_config.json
[2026-06-03 21:56:54.690576] 📦 Moved ./bd-king-r7/IT/config/settings.py -> runner/python/settings.py
[2026-06-03 21:56:54.690916] 📦 Moved ./bd-king-r7/IT/config/youging_example.py -> runner/python/youging_example.py
[2026-06-03 21:56:54.691388] 📦 Moved ./bd-king-r7/IT/config/model_configs/pattern_recognition.json -> runner/data/pattern_recognition.json
[2026-06-03 21:56:54.691764] 📦 Moved ./bd-king-r7/IT/config/training_configs/default_training.json -> runner/data/default_training.json
[2026-06-03 21:56:54.692184] 📦 Moved ./bd-king-r7/IT/config/workflows/data_processing.json -> runner/data/data_processing.json
[2026-06-03 21:56:54.692678] 📦 Moved ./bd-king-r7/IT/core/ai_engine.py -> runner/python/ai_engine.py
[2026-06-03 21:56:54.693042] 📦 Moved ./bd-king-r7/IT/core/data_processor.py -> runner/python/data_processor.py
[2026-06-03 21:56:54.693740] 📦 Moved ./bd-king-r7/IT/core/decision_maker.py -> runner/python/decision_maker.py
[2026-06-03 21:56:54.694265] 📦 Moved ./bd-king-r7/IT/core/learning_system.py -> runner/python/learning_system.py
[2026-06-03 21:56:54.694630] 📦 Moved ./bd-king-r7/IT/core/nmap.py -> runner/python/nmap.py
[2026-06-03 21:56:54.694976] 📦 Moved ./bd-king-r7/IT/core/warking.py -> runner/python/warking.py
[2026-06-03 21:56:54.695309] 📦 Moved ./bd-king-r7/IT/core/wireshark.py -> runner/python/wireshark.py
[2026-06-03 21:56:54.695920] 📦 Moved ./bd-king-r7/IT/data/API.py -> runner/python/API.py
[2026-06-03 21:56:54.696262] 📦 Moved ./bd-king-r7/IT/data/API_api.py -> runner/python/API_api.py
[2026-06-03 21:56:54.696601] 📦 Moved ./bd-king-r7/IT/data/auto_committer.js -> runner/node/auto_committer.js
[2026-06-03 21:56:54.696917] 📦 Moved ./bd-king-r7/IT/data/auto_fix.json -> runner/data/auto_fix.json
[2026-06-03 21:56:54.697353] 📦 Moved ./bd-king-r7/IT/data/config.py -> runner/python/config.py
[2026-06-03 21:56:54.697681] 📦 Moved ./bd-king-r7/IT/data/create_wab_apps.py -> runner/python/create_wab_apps.py
[2026-06-03 21:56:54.697983] 📦 Moved ./bd-king-r7/IT/data/domen.js -> runner/node/domen.js
[2026-06-03 21:56:54.698271] 📦 Moved ./bd-king-r7/IT/data/enable_auto_sync.py -> runner/python/enable_auto_sync.py
[2026-06-03 21:56:54.698669] 📦 Moved ./bd-king-r7/IT/data/google.py -> runner/python/google.py
[2026-06-03 21:56:54.698982] 📦 Moved ./bd-king-r7/IT/data/hp.sh -> runner/shell/hp.sh
[2026-06-03 21:56:54.699558] 📦 Moved ./bd-king-r7/IT/data/knowledge_base.py -> runner/python/knowledge_base.py
[2026-06-03 21:56:54.699939] 📦 Moved ./bd-king-r7/IT/data/main.js -> runner/node/main.js
[2026-06-03 21:56:54.700486] 📦 Moved ./bd-king-r7/IT/data/main.py -> runner/python/main.py
[2026-06-03 21:56:54.701185] 📦 Moved ./bd-king-r7/IT/data/model_manager.py -> runner/python/model_manager.py
[2026-06-03 21:56:54.701668] 📦 Moved ./bd-king-r7/IT/data/net.py -> runner/python/net.py
[2026-06-03 21:56:54.702072] 📦 Moved ./bd-king-r7/IT/data/network_monitoring.py -> runner/python/network_monitoring.py
[2026-06-03 21:56:54.702462] 📦 Moved ./bd-king-r7/IT/data/new.py -> runner/python/new.py
[2026-06-03 21:56:54.702873] 📦 Moved ./bd-king-r7/IT/data/p_monitor.py -> runner/python/p_monitor.py
[2026-06-03 21:56:54.703350] 📦 Moved ./bd-king-r7/IT/data/package.json -> runner/data/package.json
[2026-06-03 21:56:54.703741] 📦 Moved ./bd-king-r7/IT/data/setup.js -> runner/node/setup.js
[2026-06-03 21:56:54.704122] 📦 Moved ./bd-king-r7/IT/data/stml-core.js -> runner/node/stml-core.js
[2026-06-03 21:56:54.704483] 📦 Moved ./bd-king-r7/IT/data/system_monitoring.py -> runner/python/system_monitoring.py
[2026-06-03 21:56:54.705163] 📦 Moved ./bd-king-r7/IT/data/tamanna_ai.py -> runner/python/tamanna_ai.py
[2026-06-03 21:56:54.705598] 📦 Moved ./bd-king-r7/IT/data/tamanna_ai_apps.js -> runner/node/tamanna_ai_apps.js
[2026-06-03 21:56:54.706077] 📦 Moved ./bd-king-r7/IT/data/tamanna_memory.json -> runner/data/tamanna_memory.json
[2026-06-03 21:56:54.706872] 📦 Moved ./bd-king-r7/IT/data/tamanna_update.py -> runner/python/tamanna_update.py
[2026-06-03 21:56:54.707347] 📦 Moved ./bd-king-r7/IT/data/test_commands.py -> runner/python/test_commands.py
[2026-06-03 21:56:54.707887] 📦 Moved ./bd-king-r7/IT/data/training_manager.py -> runner/python/training_manager.py
[2026-06-03 21:56:54.708362] 📦 Moved ./bd-king-r7/IT/data/uptime_monitor.py -> runner/python/uptime_monitor.py
[2026-06-03 21:56:54.708975] 📦 Moved ./bd-king-r7/IT/data/building/building.py -> runner/python/building.py
[2026-06-03 21:56:54.709333] 📦 Moved ./bd-king-r7/IT/data/building/credentials.json -> runner/data/credentials.json
[2026-06-03 21:56:54.709679] 📦 Moved ./bd-king-r7/IT/data/building/google_sync.py -> runner/python/google_sync.py
[2026-06-03 21:56:54.710047] 📦 Moved ./bd-king-r7/IT/data/building/json_synce.py -> runner/python/json_synce.py
[2026-06-03 21:56:54.710384] 📦 Moved ./bd-king-r7/IT/data/building/online.py -> runner/python/online.py
[2026-06-03 21:56:54.710673] 📦 Moved ./bd-king-r7/IT/data/building/wabhook.json -> runner/data/wabhook.json
[2026-06-03 21:56:54.711011] 📦 Moved ./bd-king-r7/IT/data/building/wabhook.py -> runner/python/wabhook.py
[2026-06-03 21:56:54.711511] 📦 Moved ./bd-king-r7/IT/data/config/main.py -> runner/python/main.py
[2026-06-03 21:56:54.712017] 📦 Moved ./bd-king-r7/IT/data/models/5adab363-6906-4862-a5ba-ad79f14b90a9.json -> runner/data/5adab363-6906-4862-a5ba-ad79f14b90a9.json
[2026-06-03 21:56:54.712448] 📦 Moved ./bd-king-r7/IT/data/models/Metadata.json -> runner/data/Metadata.json
[2026-06-03 21:56:54.712811] 📦 Moved ./bd-king-r7/IT/data/models/Sleep insights and recommendations.json -> runner/data/Sleep insights and recommendations.json
[2026-06-03 21:56:54.713113] 📦 Moved ./bd-king-r7/IT/data/models/VCE-2025-10-31-22-18-53.html -> runner/web/VCE-2025-10-31-22-18-53.html
[2026-06-03 21:56:54.713382] 📦 Moved ./bd-king-r7/IT/data/models/VCE-2025-11-03-19-34-44.html -> runner/web/VCE-2025-11-03-19-34-44.html
[2026-06-03 21:56:54.713648] 📦 Moved ./bd-king-r7/IT/data/models/VCE-2025-11-10-11-29-11.html -> runner/web/VCE-2025-11-10-11-29-11.html
[2026-06-03 21:56:54.713991] 📦 Moved ./bd-king-r7/IT/data/models/__init__.py -> runner/python/__init__.py
[2026-06-03 21:56:54.714283] 📦 Moved ./bd-king-r7/IT/data/models/example_usage.py -> runner/python/example_usage.py
[2026-06-03 21:56:54.714836] 📦 Moved ./bd-king-r7/IT/data/models/neural_networks/model_utils.py -> runner/python/model_utils.py
[2026-06-03 21:56:54.715410] 📦 Moved ./bd-king-r7/IT/data/models/neural_networks/anomaly_detection/__init__.py -> runner/python/__init__.py
[2026-06-03 21:56:54.716086] 📦 Moved ./bd-king-r7/IT/data/models/neural_networks/anomaly_detection/autoencoder_anomaly.py -> runner/python/autoencoder_anomaly.py
[2026-06-03 21:56:54.716764] 📦 Moved ./bd-king-r7/IT/data/models/neural_networks/anomaly_detection/gan_anomaly_detector.py -> runner/python/gan_anomaly_detector.py
[2026-06-03 21:56:54.717446] 📦 Moved ./bd-king-r7/IT/data/models/neural_networks/anomaly_detection/lstm_anomaly.py -> runner/python/lstm_anomaly.py
[2026-06-03 21:56:54.718064] 📦 Moved ./bd-king-r7/IT/data/models/neural_networks/anomaly_detection/config/autoencoder_config.json -> runner/data/autoencoder_config.json
[2026-06-03 21:56:54.718518] 📦 Moved ./bd-king-r7/IT/data/models/neural_networks/anomaly_detection/config/gan_config.json -> runner/data/gan_config.json
[2026-06-03 21:56:54.718939] 📦 Moved ./bd-king-r7/IT/data/models/neural_networks/anomaly_detection/config/lstm_config.json -> runner/data/lstm_config.json
[2026-06-03 21:56:54.719578] 📦 Moved ./bd-king-r7/IT/data/models/neural_networks/common/base_neural_network.py -> runner/python/base_neural_network.py
[2026-06-03 21:56:54.720531] 📦 Moved ./bd-king-r7/IT/data/models/neural_networks/predictive_analytics/time_series_predictor.py -> runner/python/time_series_predictor.py
[2026-06-03 21:56:54.721300] 📦 Moved ./bd-king-r7/IT/data/models/pattern_recognition/cnn_pattern_detector.py -> runner/python/cnn_pattern_detector.py
[2026-06-03 21:56:54.721970] 📦 Moved ./bd-king-r7/IT/data/models/pattern_recognition/rnn_sequence_analyzer.py -> runner/python/rnn_sequence_analyzer.py
[2026-06-03 21:56:54.722564] 📦 Moved ./bd-king-r7/IT/data/models/pattern_recognition/transformer_pattern_engine.py -> runner/python/transformer_pattern_engine.py
[2026-06-03 21:56:54.723082] 📦 Moved ./bd-king-r7/IT/data/models/pattern_recognition/configs/cnn_config.json -> runner/data/cnn_config.json
[2026-06-03 21:56:54.723456] 📦 Moved ./bd-king-r7/IT/data/models/pattern_recognition/configs/transformer_config.json -> runner/data/transformer_config.json
[2026-06-03 21:56:54.723946] 📦 Moved ./bd-king-r7/IT/data/nmap/NSE.py -> runner/python/NSE.py
[2026-06-03 21:56:54.724416] 📦 Moved ./bd-king-r7/IT/data/nmap/advance_scan.py -> runner/python/advance_scan.py
[2026-06-03 21:56:54.724803] 📦 Moved ./bd-king-r7/IT/data/nmap/automated_upgrade.py -> runner/python/automated_upgrade.py
[2026-06-03 21:56:54.725272] 📦 Moved ./bd-king-r7/IT/data/nmap/comprehensive.py -> runner/python/comprehensive.py
[2026-06-03 21:56:54.725675] 📦 Moved ./bd-king-r7/IT/data/nmap/nmap_upgrade.py -> runner/python/nmap_upgrade.py
[2026-06-03 21:56:54.726072] 📦 Moved ./bd-king-r7/IT/data/nmap/parformance_and_timing.py -> runner/python/parformance_and_timing.py
[2026-06-03 21:56:54.726673] 📦 Moved ./bd-king-r7/IT/data/src/core/build_engine.py -> runner/python/build_engine.py
[2026-06-03 21:56:54.727087] 📦 Moved ./bd-king-r7/IT/data/src/core/monitoring_system.py -> runner/python/monitoring_system.py
[2026-06-03 21:56:54.727500] 📦 Moved ./bd-king-r7/IT/data/src/core/sync_engine.py -> runner/python/sync_engine.py
[2026-06-03 21:56:54.727942] 📦 Moved ./bd-king-r7/IT/data/system engin/ai_engin.py -> runner/python/ai_engin.py
[2026-06-03 21:56:54.728292] 📦 Moved ./bd-king-r7/IT/data/system engin/backup_engin.py -> runner/python/backup_engin.py
[2026-06-03 21:56:54.728606] 📦 Moved ./bd-king-r7/IT/data/system engin/bd-king-r7_engin.py -> runner/python/bd-king-r7_engin.py
[2026-06-03 21:56:54.728913] 📦 Moved ./bd-king-r7/IT/data/system engin/communication_engin.py -> runner/python/communication_engin.py
[2026-06-03 21:56:54.729206] 📦 Moved ./bd-king-r7/IT/data/system engin/each_engin.py -> runner/python/each_engin.py
[2026-06-03 21:56:54.729481] 📦 Moved ./bd-king-r7/IT/data/system engin/fix_engin.py -> runner/python/fix_engin.py
[2026-06-03 21:56:54.729760] 📦 Moved ./bd-king-r7/IT/data/system engin/response_engin.py -> runner/python/response_engin.py
[2026-06-03 21:56:54.730029] 📦 Moved ./bd-king-r7/IT/data/system engin/run_engin.py -> runner/python/run_engin.py
[2026-06-03 21:56:54.730297] 📦 Moved ./bd-king-r7/IT/data/system engin/system_engin.py -> runner/python/system_engin.py
[2026-06-03 21:56:54.730570] 📦 Moved ./bd-king-r7/IT/data/system engin/terminal_engin.py -> runner/python/terminal_engin.py
[2026-06-03 21:56:54.730846] 📦 Moved ./bd-king-r7/IT/data/system engin/true_engin.py -> runner/python/true_engin.py
[2026-06-03 21:56:54.731244] 📦 Moved ./bd-king-r7/IT/data/wireshark/capture_filter.py -> runner/python/capture_filter.py
[2026-06-03 21:56:54.731713] 📦 Moved ./bd-king-r7/IT/data/wireshark/comprehensive.py -> runner/python/comprehensive.py
[2026-06-03 21:56:54.732185] 📦 Moved ./bd-king-r7/IT/data/wireshark/parformance_and_stress.py -> runner/python/parformance_and_stress.py
[2026-06-03 21:56:54.732658] 📦 Moved ./bd-king-r7/IT/data/wireshark/real_time_Network_monitoring.py -> runner/python/real_time_Network_monitoring.py
[2026-06-03 21:56:54.733050] 📦 Moved ./bd-king-r7/IT/data/wireshark/security_and_forensic.py -> runner/python/security_and_forensic.py
[2026-06-03 21:56:54.733385] 📦 Moved ./bd-king-r7/IT/data/wireshark/wireshark-test-automation.sh -> runner/shell/wireshark-test-automation.sh
[2026-06-03 21:56:54.733785] 📦 Moved ./bd-king-r7/IT/data/wireshark/wireshark_automation.py -> runner/python/wireshark_automation.py
[2026-06-03 21:56:54.734285] 📦 Moved ./bd-king-r7/IT/map/bd-king-r7_map.py -> runner/python/bd-king-r7_map.py
[2026-06-03 21:56:54.734642] 📦 Moved ./bd-king-r7/IT/map/smoke.py -> runner/python/smoke.py
[2026-06-03 21:56:54.735955] 📦 Moved ./bd-king-r7/IT/modeles/advence_seckurity.py -> runner/python/advence_seckurity.py
[2026-06-03 21:56:54.737357] 📦 Moved ./bd-king-r7/IT/modeles/analytics.py -> runner/python/analytics.py
[2026-06-03 21:56:54.738685] 📦 Moved ./bd-king-r7/IT/modeles/automation.py -> runner/python/automation.py
[2026-06-03 21:56:54.740394] 📦 Moved ./bd-king-r7/IT/modeles/monitoring.py -> runner/python/monitoring.py
[2026-06-03 21:56:54.741203] 📦 Moved ./bd-king-r7/IT/modeles/security.py -> runner/python/security.py
[2026-06-03 21:56:54.741867] 📦 Moved ./bd-king-r7/IT/potocol/auto_blocker.py -> runner/python/auto_blocker.py
[2026-06-03 21:56:54.742472] 📦 Moved ./bd-king-r7/IT/potocol/config.json -> runner/data/config.json
[2026-06-03 21:56:54.742910] 📦 Moved ./bd-king-r7/IT/potocol/ip_find.py -> runner/python/ip_find.py
[2026-06-03 21:56:54.743364] 📦 Moved ./bd-king-r7/IT/potocol/server.py -> runner/python/server.py
[2026-06-03 21:56:54.743734] 📦 Moved ./bd-king-r7/IT/potocol/sevice_potocol.py -> runner/python/sevice_potocol.py
[2026-06-03 21:56:54.744320] 📦 Moved ./bd-king-r7/IT/potocol/TAMANNA ADAPTIVE DEFENSE CORE/AI Threat Evolution Logic.py -> runner/python/AI Threat Evolution Logic.py
[2026-06-03 21:56:54.744695] 📦 Moved ./bd-king-r7/IT/potocol/TAMANNA ADAPTIVE DEFENSE CORE/AUTO LEARNING FIREWALL.py -> runner/python/AUTO LEARNING FIREWALL.py
[2026-06-03 21:56:54.745080] 📦 Moved ./bd-king-r7/IT/potocol/TAMANNA ADAPTIVE DEFENSE CORE/Adaptive AI Defense Engine.py -> runner/python/Adaptive AI Defense Engine.py
[2026-06-03 21:56:54.745427] 📦 Moved ./bd-king-r7/IT/potocol/TAMANNA ADAPTIVE DEFENSE CORE/GLOBAL FIREWALL CORE.py -> runner/python/GLOBAL FIREWALL CORE.py
[2026-06-03 21:56:54.745724] 📦 Moved ./bd-king-r7/IT/potocol/TAMANNA ADAPTIVE DEFENSE CORE/firewall_rules.json -> runner/data/firewall_rules.json
[2026-06-03 21:56:54.746011] 📦 Moved ./bd-king-r7/IT/potocol/TAMANNA ADAPTIVE DEFENSE CORE/global_protocol.py -> runner/python/global_protocol.py
[2026-06-03 21:56:54.746403] 📦 Moved ./bd-king-r7/IT/potocol/TAMANNA ADAPTIVE DEFENSE CORE/run.py -> runner/python/run.py
[2026-06-03 21:56:54.746685] 📦 Moved ./bd-king-r7/IT/potocol/TAMANNA ADAPTIVE DEFENSE CORE/security_core.json -> runner/data/security_core.json
[2026-06-03 21:56:54.746966] 📦 Moved ./bd-king-r7/IT/potocol/TAMANNA ADAPTIVE DEFENSE CORE/self_upgrade_security_system.py -> runner/python/self_upgrade_security_system.py
[2026-06-03 21:56:54.747263] 📦 Moved ./bd-king-r7/IT/potocol/TAMANNA ADAPTIVE DEFENSE CORE/server_node_firewall.js -> runner/node/server_node_firewall.js
[2026-06-03 21:56:54.747523] 📦 Moved ./bd-king-r7/IT/potocol/TAMANNA ADAPTIVE DEFENSE CORE/server_protection.js -> runner/node/server_protection.js
[2026-06-03 21:56:54.747964] 📦 Moved ./bd-king-r7/IT/potocol/TAMANNA ADAPTIVE DEFENSE CORE/core/firewall_core.py -> runner/python/firewall_core.py
[2026-06-03 21:56:54.748369] 📦 Moved ./bd-king-r7/IT/potocol/TAMANNA ADAPTIVE DEFENSE CORE/core/protocol_master.py -> runner/python/protocol_master.py
[2026-06-03 21:56:54.748715] 📦 Moved ./bd-king-r7/IT/potocol/TAMANNA ADAPTIVE DEFENSE CORE/core/threat_intel.py -> runner/python/threat_intel.py
[2026-06-03 21:56:54.749258] 📦 Moved ./bd-king-r7/IT/potocol/TAMANNA ADAPTIVE DEFENSE CORE/core/core/threat_intel.py -> runner/python/threat_intel.py
[2026-06-03 21:56:54.749713] 📦 Moved ./bd-king-r7/IT/potocol/TAMANNA ADAPTIVE DEFENSE CORE/nodes/node_server.js -> runner/node/node_server.js
[2026-06-03 21:56:54.750173] 📦 Moved ./bd-king-r7/IT/potocol/server defanding potocol/Defense_Engine.py -> runner/python/Defense_Engine.py
[2026-06-03 21:56:54.750496] 📦 Moved ./bd-king-r7/IT/potocol/server defanding potocol/Front Layer Protection Idea.js -> runner/node/Front Layer Protection Idea.js
[2026-06-03 21:56:54.750837] 📦 Moved ./bd-king-r7/IT/potocol/server defanding potocol/ai_threat_detector_layer.py -> runner/python/ai_threat_detector_layer.py
[2026-06-03 21:56:54.751144] 📦 Moved ./bd-king-r7/IT/potocol/server defanding potocol/server_middleware_protection.js -> runner/node/server_middleware_protection.js
[2026-06-03 21:56:54.751450] 📦 Moved ./bd-king-r7/IT/potocol/server defanding potocol/tdp_config.json -> runner/data/tdp_config.json
[2026-06-03 21:56:54.751902] 📦 Moved ./bd-king-r7/IT/problem/auto_fix_generator.py -> runner/python/auto_fix_generator.py
[2026-06-03 21:56:54.752348] 📦 Moved ./bd-king-r7/IT/problem/problem_fix.json -> runner/data/problem_fix.json
[2026-06-03 21:56:54.752770] 📦 Moved ./bd-king-r7/IT/problem/problem_fix.py -> runner/python/problem_fix.py
[2026-06-03 21:56:54.753155] 📦 Moved ./bd-king-r7/IT/problem/problem_sync_detect.py -> runner/python/problem_sync_detect.py
[2026-06-03 21:56:54.753821] 📦 Moved ./bd-king-r7/IT/system_monitor/index.html -> runner/web/index.html
[2026-06-03 21:56:54.754216] 📦 Moved ./bd-king-r7/IT/system_monitor/monitoring_engin.py -> runner/python/monitoring_engin.py
[2026-06-03 21:56:54.754586] 📦 Moved ./bd-king-r7/IT/system_monitor/system_monitor.py -> runner/python/system_monitor.py
[2026-06-03 21:56:54.755224] 📦 Moved ./bd-king-r7/IT/tamanna/__init__.py -> runner/python/__init__.py
[2026-06-03 21:56:54.755622] 📦 Moved ./bd-king-r7/IT/tamanna/chaos.py -> runner/python/chaos.py
[2026-06-03 21:56:54.756117] 📦 Moved ./bd-king-r7/IT/tamanna/tamanna.sh -> runner/shell/tamanna.sh
[2026-06-03 21:56:54.756477] 📦 Moved ./bd-king-r7/IT/tamanna/tamanna_chaos.py -> runner/python/tamanna_chaos.py
[2026-06-03 21:56:54.756863] 📦 Moved ./bd-king-r7/IT/tamanna/tamannna_master.py -> runner/python/tamannna_master.py
[2026-06-03 21:56:54.757368] 📦 Moved ./bd-king-r7/IT/tamanna_dashboard/index.html -> runner/web/index.html
[2026-06-03 21:56:54.757715] 📦 Moved ./bd-king-r7/IT/tamanna_dashboard/script.js -> runner/node/script.js
[2026-06-03 21:56:54.758115] 📦 Moved ./bd-king-r7/IT/tamanna_dashboard/tamanna_full_power_system.py -> runner/python/tamanna_full_power_system.py
[2026-06-03 21:56:54.758850] 📦 Moved ./bd-king-r7/IT/tamannna-android/app/src/ai_engine.py -> runner/python/ai_engine.py
[2026-06-03 21:56:54.759233] 📦 Moved ./bd-king-r7/IT/tamannna-android/app/src/main.py -> runner/python/main.py
[2026-06-03 21:56:54.759542] 📦 Moved ./bd-king-r7/IT/tamannna-android/app/src/network.py -> runner/python/network.py
[2026-06-03 21:56:54.759832] 📦 Moved ./bd-king-r7/IT/tamannna-android/app/src/powerhub.py -> runner/python/powerhub.py
[2026-06-03 21:56:54.760239] 📦 Moved ./bd-king-r7/IT/tamannna-android/app/src/utils.py -> runner/python/utils.py
[2026-06-03 21:56:54.760948] 📦 Moved ./bd-king-r7/IT/tamannna-android/bd-king-r7-powerhub-puls/controller.py -> runner/python/controller.py
[2026-06-03 21:56:54.761350] 📦 Moved ./bd-king-r7/IT/tamannna-android/bd-king-r7-powerhub-puls/config/app_config.json -> runner/data/app_config.json
[2026-06-03 21:56:54.761638] 📦 Moved ./bd-king-r7/IT/tamannna-android/bd-king-r7-powerhub-puls/config/network_config.json -> runner/data/network_config.json
[2026-06-03 21:56:54.761915] 📦 Moved ./bd-king-r7/IT/tamannna-android/bd-king-r7-powerhub-puls/config/powerhub-config.json -> runner/data/powerhub-config.json
[2026-06-03 21:56:54.762184] 📦 Moved ./bd-king-r7/IT/tamannna-android/bd-king-r7-powerhub-puls/config/sync_config.json -> runner/data/sync_config.json
[2026-06-03 21:56:54.762604] 📦 Moved ./bd-king-r7/IT/tamannna-android/bd-king-r7-program/main.py -> runner/python/main.py
[2026-06-03 21:56:54.763104] 📦 Moved ./bd-king-r7/IT/tamannna-android/sync/auto_sync.sh -> runner/shell/auto_sync.sh
[2026-06-03 21:56:54.763455] 📦 Moved ./bd-king-r7/IT/tamannna-android/sync/device_location.html -> runner/web/device_location.html
[2026-06-03 21:56:54.763845] 📦 Moved ./bd-king-r7/License/license_check.py -> runner/python/license_check.py
[2026-06-03 21:56:54.764184] 📦 Moved ./bd-king-r7/License/license_generator.py -> runner/python/license_generator.py
[2026-06-03 21:56:54.764526] 📦 Moved ./bd-king-r7/License/tamanna_license.sh -> runner/shell/tamanna_license.sh
[2026-06-03 21:56:54.764994] 📦 Moved ./bd-king-r7/Python/Node AI.js -> runner/node/Node AI.js
[2026-06-03 21:56:54.765511] 📦 Moved ./bd-king-r7/ai/ai.js -> runner/node/ai.js
[2026-06-03 21:56:54.766063] 📦 Moved ./bd-king-r7/boot/run.js -> runner/node/run.js
[2026-06-03 21:56:54.766750] 📦 Moved ./bd-king-r7/boot/core/index.html -> runner/web/index.html
[2026-06-03 21:56:54.767163] 📦 Moved ./bd-king-r7/boot/core/script.js -> runner/node/script.js
[2026-06-03 21:56:54.767781] 📦 Moved ./bd-king-r7/boot/screen/.html -> runner/web/.html
[2026-06-03 21:56:54.768269] 📦 Moved ./bd-king-r7/boot/screen/index.html -> runner/web/index.html
[2026-06-03 21:56:54.768831] 📦 Moved ./bd-king-r7/boot/tarminal/index.html -> runner/web/index.html
[2026-06-03 21:56:54.769227] 📦 Moved ./bd-king-r7/boot/tarminal/it.html -> runner/web/it.html
[2026-06-03 21:56:54.769850] 📦 Moved ./bd-king-r7/boot/theme/tamanna.html -> runner/web/tamanna.html
[2026-06-03 21:56:54.770378] 📦 Moved ./bd-king-r7/boot/tools/alert_monitor.py -> runner/python/alert_monitor.py
[2026-06-03 21:56:54.770808] 📦 Moved ./bd-king-r7/boot/tools/device_monitor.py -> runner/python/device_monitor.py
[2026-06-03 21:56:54.771182] 📦 Moved ./bd-king-r7/boot/tools/network_monitor.py -> runner/python/network_monitor.py
[2026-06-03 21:56:54.771558] 📦 Moved ./bd-king-r7/boot/tools/run_all.py -> runner/python/run_all.py
[2026-06-03 21:56:54.771902] 📦 Moved ./bd-king-r7/boot/tools/scan_ping.py -> runner/python/scan_ping.py
[2026-06-03 21:56:54.772290] 📦 Moved ./bd-king-r7/boot/tools/system_resources.py -> runner/python/system_resources.py
[2026-06-03 21:56:54.772654] 📦 Moved ./bd-king-r7/boot/tools/tamanna_installer.py -> runner/python/tamanna_installer.py
[2026-06-03 21:56:54.773220] 📦 Moved ./bd-king-r7/boot/tools/sync/backup/auto_backup.py -> runner/python/auto_backup.py
[2026-06-03 21:56:54.773698] 📦 Moved ./bd-king-r7/boot/x200_100-efi/build.sh -> runner/shell/build.sh
[2026-06-03 21:56:54.774290] 📦 Moved ./bd-king-r7/generator/generator.js -> runner/node/generator.js
[2026-06-03 21:56:54.774836] 📦 Moved ./bd-king-r7/github/sync.js -> runner/node/sync.js
[2026-06-03 21:56:54.775299] 📦 Moved ./bd-king-r7/public/app.js -> runner/node/app.js
[2026-06-03 21:56:54.775673] 📦 Moved ./bd-king-r7/public/index.html -> runner/web/index.html
[2026-06-03 21:56:54.776281] 📦 Moved ./bd-king-r7/samples/aktive_tamanna_code.py -> runner/python/aktive_tamanna_code.py
[2026-06-03 21:56:54.776668] 📦 Moved ./bd-king-r7/samples/install_tamanna.py -> runner/python/install_tamanna.py
[2026-06-03 21:56:54.777132] 📦 Moved ./bd-king-r7/samples/running_tamanna_system.py -> runner/python/running_tamanna_system.py
[2026-06-03 21:56:54.777585] 📦 Moved ./bd-king-r7/server/deep.js -> runner/node/deep.js
[2026-06-03 21:56:54.777869] 📦 Moved ./bd-king-r7/server/derk.js -> runner/node/derk.js
[2026-06-03 21:56:54.778141] 📦 Moved ./bd-king-r7/server/medium.js -> runner/node/medium.js
[2026-06-03 21:56:54.778395] 📦 Moved ./bd-king-r7/server/normal.js -> runner/node/normal.js
[2026-06-03 21:56:54.778750] 📦 Moved ./bd-king-r7/server/package.json -> runner/data/package.json
[2026-06-03 21:56:54.779092] 📦 Moved ./bd-king-r7/server/server.js -> runner/node/server.js
[2026-06-03 21:56:54.779410] 📦 Moved ./bd-king-r7/server/server_main.js -> runner/node/server_main.js
[2026-06-03 21:56:54.779686] 📦 Moved ./bd-king-r7/server/sileent_supersonik.js -> runner/node/sileent_supersonik.js
[2026-06-03 21:56:54.779972] 📦 Moved ./bd-king-r7/server/stone_spirit.js -> runner/node/stone_spirit.js
[2026-06-03 21:56:54.780286] 📦 Moved ./bd-king-r7/server/underground.js -> runner/node/underground.js
[2026-06-03 21:56:54.780797] 📦 Moved ./bd-king-r7/server/backend/config.json -> runner/data/config.json
[2026-06-03 21:56:54.781133] 📦 Moved ./bd-king-r7/server/backend/server.js -> runner/node/server.js
[2026-06-03 21:56:54.781543] 📦 Moved ./bd-king-r7/server/backend/routes/auth.js -> runner/node/auth.js
[2026-06-03 21:56:54.781849] 📦 Moved ./bd-king-r7/server/backend/routes/chat.js -> runner/node/chat.js
[2026-06-03 21:56:54.782321] 📦 Moved ./bd-king-r7/server/config/config.json -> runner/data/config.json
[2026-06-03 21:56:54.783090] 📦 Moved ./bd-king-r7/server/public/chat.html -> runner/web/chat.html
[2026-06-03 21:56:54.783508] 📦 Moved ./bd-king-r7/server/public/chat.js -> runner/node/chat.js
[2026-06-03 21:56:54.783913] 📦 Moved ./bd-king-r7/server/public/index.html -> runner/web/index.html
[2026-06-03 21:56:54.784445] 📦 Moved ./bd-king-r7/server/public/server.js -> runner/node/server.js
[2026-06-03 21:56:54.784855] 📦 Moved ./bd-king-r7/server/public/update.html -> runner/web/update.html
[2026-06-03 21:56:54.785572] 📦 Moved ./bd-king-r7/server/website/index.html -> runner/web/index.html
[2026-06-03 21:56:54.786121] 📦 Moved ./bd-king-r7/server/website/script.js -> runner/node/script.js
[2026-06-03 21:56:54.786748] 📦 Moved ./bd-king-r7/setup/setup.py -> runner/python/setup.py
[2026-06-03 21:56:54.787291] 📦 Moved ./bd-king-r7/sync/bd-king-r7_max_sync.py -> runner/python/bd-king-r7_max_sync.py
[2026-06-03 21:56:54.787712] 📦 Moved ./bd-king-r7/sync/tamanna_fire.py -> runner/python/tamanna_fire.py
[2026-06-03 21:56:54.788189] 📦 Moved ./bd-king-r7/sync/tamanna_sync.py -> runner/python/tamanna_sync.py
[2026-06-03 21:56:54.788615] 📦 Moved ./bd-king-r7/sync/tamanna_ultra.py -> runner/python/tamanna_ultra.py
[2026-06-03 21:56:54.789223] 📦 Moved ./bd-king-r7/tamanna system/main.py -> runner/python/main.py
[2026-06-03 21:56:54.789610] 📦 Moved ./bd-king-r7/tamanna system/tamanna_system.html -> runner/web/tamanna_system.html
[2026-06-03 21:56:54.790207] 📦 Moved ./bd-king-r7/tamanna system/config/config.json -> runner/data/config.json
[2026-06-03 21:56:54.790628] 📦 Moved ./bd-king-r7/tamanna system/config/index.html -> runner/web/index.html
[2026-06-03 21:56:54.791070] 📦 Moved ./bd-king-r7/tamanna system/config/system.js -> runner/node/system.js
[2026-06-03 21:56:54.791521] 📦 Moved ./bd-king-r7/tamanna system/database/db.py -> runner/python/db.py
[2026-06-03 21:56:54.792065] 📦 Moved ./bd-king-r7/tamanna system/tamanna system-live dashbaord/index.html -> runner/web/index.html
[2026-06-03 21:56:54.792585] 📦 Moved ./bd-king-r7/tamanna system/tamanna system-live dashbaord/script.js -> runner/node/script.js
[2026-06-03 21:56:54.793170] 📦 Moved ./bd-king-r7/tamanna system/tamanna system-live dashbaord/backend/server.py -> runner/python/server.py
[2026-06-03 21:56:54.793648] 📦 Moved ./bd-king-r7/tamanna system/tamanna system-live dashbaord/frontend/script.js -> runner/node/script.js
[2026-06-03 21:56:54.794193] 📦 Moved ./bd-king-r7/tamanna system/tamanna_web/app.py -> runner/python/app.py
[2026-06-03 21:56:54.794549] 📦 Moved ./bd-king-r7/tamanna system/tamanna_web/users.py -> runner/python/users.py
[2026-06-03 21:56:54.794935] 📦 Moved ./bd-king-r7/tamanna system/tamanna_web/templates/dashboard.html -> runner/web/dashboard.html
[2026-06-03 21:56:54.795275] 📦 Moved ./bd-king-r7/tamanna system/tamanna_web/templates/login.html -> runner/web/login.html
[2026-06-03 21:56:54.795567] 📦 Moved ./bd-king-r7/tamanna system/tamanna_web/templates/register.html -> runner/web/register.html
[2026-06-03 21:56:54.795952] 📦 Moved ./bd-king-r7/tamanna system/tools/env_check.py -> runner/python/env_check.py
[2026-06-03 21:56:54.796300] 📦 Moved ./bd-king-r7/tamanna system/tools/health_check.py -> runner/python/health_check.py
[2026-06-03 21:56:54.796713] 📦 Moved ./bd-king-r7/tamanna system/tools/logger.py -> runner/python/logger.py
[2026-06-03 21:56:54.797120] 📦 Moved ./bd-king-r7/tamanna system/tools/tamanna_system.py -> runner/python/tamanna_system.py
[2026-06-03 21:56:54.797540] 📦 Moved ./bd-king-r7/tamanna system/tools/api/routes.py -> runner/python/routes.py
[2026-06-03 21:56:54.797999] 📦 Moved ./bd-king-r7/tamanna system/users/auth.py -> runner/python/auth.py
[2026-06-03 21:56:54.798382] 📦 Moved ./bd-king-r7/tamanna system/users/main.py -> runner/python/main.py
[2026-06-03 21:56:54.798809] 📦 Moved ./bd-king-r7/tamanna system/users/roles.py -> runner/python/roles.py
[2026-06-03 21:56:54.799154] 📦 Moved ./bd-king-r7/tamanna system/users/user.py -> runner/python/user.py
[2026-06-03 21:56:54.799774] 📦 Moved ./bd-king-r7/tamanna/auto_fixar.py -> runner/python/auto_fixar.py
[2026-06-03 21:56:54.800194] 📦 Moved ./bd-king-r7/tamanna/bd-king-r7_auto_code_fix.json -> runner/data/bd-king-r7_auto_code_fix.json
[2026-06-03 21:56:54.800684] 📦 Moved ./bd-king-r7/tamanna/index.html -> runner/web/index.html
[2026-06-03 21:56:54.801330] 📦 Moved ./bd-king-r7/tamanna/multilingual.py -> runner/python/multilingual.py
[2026-06-03 21:56:54.801888] 📦 Moved ./bd-king-r7/telegram/bot.js -> runner/node/bot.js
[2026-06-03 21:56:54.802501] 📦 Moved ./bd-king-r7/ti_code/ti_code_run.py -> runner/python/ti_code_run.py
[2026-06-03 21:56:54.803150] 📦 Moved ./bd-king-r7/web/server.js -> runner/node/server.js
[2026-06-03 21:56:54.803727] 📦 Moved ./bd-king-r7/web/public/app.js -> runner/node/app.js
[2026-06-03 21:56:54.804251] 📦 Moved ./bd-king-r7/web/public/index.html -> runner/web/index.html
[2026-06-03 21:56:54.804855] 📦 Moved ./bd-king-r7/website/deploy.sh -> runner/shell/deploy.sh
[2026-06-03 21:56:54.805325] 📦 Moved ./bd-king-r7/website/package.json -> runner/data/package.json
[2026-06-03 21:56:54.805709] 📦 Moved ./bd-king-r7/website/setup.sh -> runner/shell/setup.sh
[2026-06-03 21:56:54.806259] 📦 Moved ./bd-king-r7/website/ai_service/ai_server.js -> runner/node/ai_server.js
[2026-06-03 21:56:54.806748] 📦 Moved ./bd-king-r7/website/ai_service/package.json -> runner/data/package.json
[2026-06-03 21:56:54.807336] 📦 Moved ./bd-king-r7/website/backend/package.json -> runner/data/package.json
[2026-06-03 21:56:54.807823] 📦 Moved ./bd-king-r7/website/backend/server.js -> runner/node/server.js
[2026-06-03 21:56:54.808373] 📦 Moved ./bd-king-r7/website/backend/routes/auth.js -> runner/node/auth.js
[2026-06-03 21:56:54.808821] 📦 Moved ./bd-king-r7/website/backend/routes/chat.js -> runner/node/chat.js
[2026-06-03 21:56:54.809443] 📦 Moved ./bd-king-r7/website/bd-king-website/data/projects.json -> runner/data/projects.json
[2026-06-03 21:56:54.809872] 📦 Moved ./bd-king-r7/website/bd-king-website/obj/bd-king-website.csproj.nuget.dgspec.json -> runner/data/bd-king-website.csproj.nuget.dgspec.json
[2026-06-03 21:56:54.810317] 📦 Moved ./bd-king-r7/website/bd-king-website/obj/project.assets.json -> runner/data/project.assets.json
[2026-06-03 21:56:54.811107] 📦 Moved ./bd-king-r7/website/frontend/index.html -> runner/web/index.html
[2026-06-03 21:56:54.811458] 📦 Moved ./bd-king-r7/website/frontend/package.json -> runner/data/package.json
[2026-06-03 21:56:54.811757] 📦 Moved ./bd-king-r7/website/frontend/vite.config.js -> runner/node/vite.config.js
[2026-06-03 21:56:54.812438] 📦 Moved ./device/all folder sync.py -> runner/python/all folder sync.py
[2026-06-03 21:56:54.812764] 📦 Moved ./device/devic_info.html -> runner/web/devic_info.html
[2026-06-03 21:56:54.813075] 📦 Moved ./device/ip_scyn.html -> runner/web/ip_scyn.html
[2026-06-03 21:56:54.813370] 📦 Moved ./device/login_panel.html -> runner/web/login_panel.html
[2026-06-03 21:56:54.813663] 📦 Moved ./device/mag_scyn.html -> runner/web/mag_scyn.html
[2026-06-03 21:56:54.814129] 📦 Moved ./docs/bd_king_r7_all_in_one.py -> runner/python/bd_king_r7_all_in_one.py
[2026-06-03 21:56:54.814486] 📦 Moved ./docs/manifest.json -> runner/data/manifest.json
[2026-06-03 21:56:54.814815] 📦 Moved ./docs/project_structure.json -> runner/data/project_structure.json
[2026-06-03 21:56:54.815501] 📦 Moved ./mail/repot.py -> runner/python/repot.py
[2026-06-03 21:56:54.815894] 📦 Moved ./orcid-system/ config.json -> runner/data/ config.json
[2026-06-03 21:56:54.816408] 📦 Moved ./orcid-system/sync.js -> runner/node/sync.js
[2026-06-03 21:56:54.816966] 📦 Moved ./satellite/config.py -> runner/python/config.py
[2026-06-03 21:56:54.817412] 📦 Moved ./satellite/receiver.py -> runner/python/receiver.py
[2026-06-03 21:56:54.817819] 📦 Moved ./satellite/sender.py -> runner/python/sender.py
[2026-06-03 21:56:54.818337] 📦 Moved ./satellite/utils.py -> runner/python/utils.py
[2026-06-03 21:56:54.818896] 📦 Moved ./scripts/ai_debugger.py -> runner/python/ai_debugger.py
[2026-06-03 21:56:54.819303] 📦 Moved ./scripts/analyze.py -> runner/python/analyze.py
[2026-06-03 21:56:54.819692] 📦 Moved ./scripts/auto_build_and_fix.sh -> runner/shell/auto_build_and_fix.sh
[2026-06-03 21:56:54.820106] 📦 Moved ./scripts/explain.py -> runner/python/explain.py
[2026-06-03 21:56:54.820535] 📦 Moved ./scripts/fixer.py -> runner/python/fixer.py
[2026-06-03 21:56:54.820918] 📦 Moved ./scripts/scan.py -> runner/python/scan.py
[2026-06-03 21:56:54.821841] 📦 Moved ./tamanna-ai-app/app/src/main/assets/control_panel.html -> runner/web/control_panel.html
[2026-06-03 21:56:54.822517] 📦 Moved ./tamanna-ai-app/app/src/main/assets/tamanna-ai-scanner.html -> runner/web/tamanna-ai-scanner.html
[2026-06-03 21:56:54.823052] 📦 Moved ./tamanna-ai-app/app/src/main/assets/ti_chat.html -> runner/web/ti_chat.html
[2026-06-03 21:56:54.825388] 📦 Moved ./tamanna-server/package.json -> runner/data/package.json
[2026-06-03 21:56:54.825953] 📦 Moved ./tamanna-server/server.js -> runner/node/server.js
[2026-06-03 21:56:54.826540] 📦 Moved ./tamanna-server/Public/index.html -> runner/web/index.html
[2026-06-03 21:56:54.827117] 📦 Moved ./tamanna_meta/manifest.json -> runner/data/manifest.json
[2026-06-03 21:56:54.827601] 📦 Moved ./templates/dashboard.html -> runner/web/dashboard.html
[2026-06-03 21:56:54.828016] 📦 Moved ./test/test_ai.py -> runner/python/test_ai.py
[2026-06-03 21:56:54.828394] 📦 Moved ./test/test_sample.py -> runner/python/test_sample.py
[2026-06-03 21:56:54.828807] 📦 Moved ./tests/test_ai_sync_controller.py -> runner/python/test_ai_sync_controller.py
[2026-06-03 21:56:54.829305] 📦 Moved ./ver/app.py -> runner/python/app.py
[2026-06-03 21:56:54.829680] 📦 Moved ./ver/index.html -> runner/web/index.html
[2026-06-03 21:56:59.837578] 📦 Moved ./ai_units.json -> runner/data/ai_units.json
[2026-06-03 21:56:59.838097] 📦 Moved ./nodes_status.json -> runner/data/nodes_status.json
[2026-06-03 21:57:04.885466] 📦 Moved ./ai_units.json -> runner/data/ai_units.json
[2026-06-03 21:57:04.885892] 📦 Moved ./nodes_status.json -> runner/data/nodes_status.json
[2026-06-03 21:57:09.933083] 📦 Moved ./ai_units.json -> runner/data/ai_units.json
[2026-06-03 21:57:09.933548] 📦 Moved ./nodes_status.json -> runner/data/nodes_status.json
[2026-06-03 21:57:14.980796] 📦 Moved ./ai_units.json -> runner/data/ai_units.json
[2026-06-03 21:57:14.981527] 📦 Moved ./nodes_status.json -> runner/data/nodes_status.json
[2026-06-03 21:57:20.029001] 📦 Moved ./ai_units.json -> runner/data/ai_units.json
[2026-06-03 21:57:20.029479] 📦 Moved ./nodes_status.json -> runner/data/nodes_status.json
[2026-06-03 21:57:25.076851] 📦 Moved ./ai_units.json -> runner/data/ai_units.json
[2026-06-03 21:57:25.077318] 📦 Moved ./nodes_status.json -> runner/data/nodes_status.json
[2026-06-03 21:57:30.124265] 📦 Moved ./ai_units.json -> runner/data/ai_units.json
[2026-06-03 21:57:30.124711] 📦 Moved ./nodes_status.json -> runner/data/nodes_status.json
[2026-06-03 21:57:35.171836] 📦 Moved ./ai_units.json -> runner/data/ai_units.json
[2026-06-03 21:57:35.172659] 📦 Moved ./nodes_status.json -> runner/data/nodes_status.json
[2026-06-03 21:57:40.220375] 📦 Moved ./ai_units.json -> runner/data/ai_units.json
[2026-06-03 21:57:40.221137] 📦 Moved ./nodes_status.json -> runner/data/nodes_status.json
[2026-06-03 21:57:45.279426] 📦 Moved ./ai_units.json -> runner/data/ai_units.json
[2026-06-03 21:57:45.280252] 📦 Moved ./nodes_status.json -> runner/data/nodes_status.json
[2026-06-03 21:57:50.327896] 📦 Moved ./ai_units.json -> runner/data/ai_units.json
[2026-06-03 21:57:50.328626] 📦 Moved ./nodes_status.json -> runner/data/nodes_status.json
[2026-06-03 21:57:55.376277] 📦 Moved ./ai_units.json -> runner/data/ai_units.json
[2026-06-03 21:57:55.377051] 📦 Moved ./nodes_status.json -> runner/data/nodes_status.json
[2026-06-03 21:58:00.424426] 📦 Moved ./ai_units.json -> runner/data/ai_units.json
[2026-06-03 21:58:00.424942] 📦 Moved ./nodes_status.json -> runner/data/nodes_status.json
[2026-06-03 21:58:05.472388] 📦 Moved ./ai_units.json -> runner/data/ai_units.json
[2026-06-03 21:58:05.473121] 📦 Moved ./nodes_status.json -> runner/data/nodes_status.json
[2026-06-03 21:58:10.520743] 📦 Moved ./ai_units.json -> runner/data/ai_units.json
[2026-06-03 21:58:10.521372] 📦 Moved ./nodes_status.json -> runner/data/nodes_status.json
[2026-06-03 21:58:15.569067] 📦 Moved ./ai_units.json -> runner/data/ai_units.json
[2026-06-03 21:58:15.569800] 📦 Moved ./nodes_status.json -> runner/data/nodes_status.json
[2026-06-03 21:58:20.617740] 📦 Moved ./ai_units.json -> runner/data/ai_units.json
[2026-06-03 21:58:20.618466] 📦 Moved ./nodes_status.json -> runner/data/nodes_status.json
[2026-06-03 21:58:25.666337] 📦 Moved ./ai_units.json -> runner/data/ai_units.json
[2026-06-03 21:58:25.667172] 📦 Moved ./nodes_status.json -> runner/data/nodes_status.json
[2026-06-03 21:58:30.714789] 📦 Moved ./ai_units.json -> runner/data/ai_units.json
[2026-06-03 21:58:30.715467] 📦 Moved ./nodes_status.json -> runner/data/nodes_status.json
[2026-06-03 21:58:35.763479] 📦 Moved ./ai_units.json -> runner/data/ai_units.json
[2026-06-03 21:58:35.764233] 📦 Moved ./nodes_status.json -> runner/data/nodes_status.json
[2026-06-03 21:58:40.812143] 📦 Moved ./ai_units.json -> runner/data/ai_units.json
[2026-06-03 21:58:40.812873] 📦 Moved ./nodes_status.json -> runner/data/nodes_status.json
[2026-06-03 21:58:45.860805] 📦 Moved ./ai_units.json -> runner/data/ai_units.json
[2026-06-03 21:58:45.861495] 📦 Moved ./nodes_status.json -> runner/data/nodes_status.json
[2026-06-03 21:58:50.909769] 📦 Moved ./ai_units.json -> runner/data/ai_units.json
[2026-06-03 21:58:50.910184] 📦 Moved ./nodes_status.json -> runner/data/nodes_status.json
[2026-06-03 21:58:55.957987] 📦 Moved ./ai_units.json -> runner/data/ai_units.json
[2026-06-03 21:58:55.958410] 📦 Moved ./nodes_status.json -> runner/data/nodes_status.json
[2026-06-03 21:59:01.006044] 📦 Moved ./ai_units.json -> runner/data/ai_units.json
[2026-06-03 21:59:01.006793] 📦 Moved ./nodes_status.json -> runner/data/nodes_status.json
[2026-06-03 21:59:06.059169] 📦 Moved ./ai_units.json -> runner/data/ai_units.json
[2026-06-03 21:59:06.070614] 📦 Moved ./nodes_status.json -> runner/data/nodes_status.json
[2026-06-03 21:59:11.262277] 📦 Moved ./ai_units.json -> runner/data/ai_units.json
[2026-06-03 21:59:11.263314] 📦 Moved ./nodes_status.json -> runner/data/nodes_status.json
[2026-06-03 21:59:16.380487] 📦 Moved ./ai_units.json -> runner/data/ai_units.json
[2026-06-03 21:59:16.381282] 📦 Moved ./nodes_status.json -> runner/data/nodes_status.json
[2026-06-03 21:59:21.429434] 📦 Moved ./ai_units.json -> runner/data/ai_units.json
[2026-06-03 21:59:21.430807] 📦 Moved ./nodes_status.json -> runner/data/nodes_status.json
[2026-06-03 21:59:26.508883] 📦 Moved ./ai_units.json -> runner/data/ai_units.json
[2026-06-03 21:59:26.509504] 📦 Moved ./nodes_status.json -> runner/data/nodes_status.json
[2026-06-03 21:59:31.557956] 📦 Moved ./ai_units.json -> runner/data/ai_units.json
[2026-06-03 21:59:31.558383] 📦 Moved ./nodes_status.json -> runner/data/nodes_status.json
[2026-06-03 21:59:36.606290] 📦 Moved ./ai_units.json -> runner/data/ai_units.json
[2026-06-03 21:59:36.606947] 📦 Moved ./nodes_status.json -> runner/data/nodes_status.json
[2026-06-03 21:59:41.654840] 📦 Moved ./ai_units.json -> runner/data/ai_units.json
[2026-06-03 21:59:41.655275] 📦 Moved ./nodes_status.json -> runner/data/nodes_status.json
[2026-06-03 21:59:46.702732] 📦 Moved ./ai_units.json -> runner/data/ai_units.json
[2026-06-03 21:59:46.703355] 📦 Moved ./nodes_status.json -> runner/data/nodes_status.json
[2026-06-03 21:59:51.750237] 📦 Moved ./ai_units.json -> runner/data/ai_units.json
[2026-06-03 21:59:51.750962] 📦 Moved ./nodes_status.json -> runner/data/nodes_status.json
[2026-06-03 21:59:56.798793] 📦 Moved ./ai_units.json -> runner/data/ai_units.json
[2026-06-03 21:59:56.799587] 📦 Moved ./nodes_status.json -> runner/data/nodes_status.json
[2026-06-03 22:00:01.848232] 📦 Moved ./ai_units.json -> runner/data/ai_units.json
[2026-06-03 22:00:01.849005] 📦 Moved ./nodes_status.json -> runner/data/nodes_status.json
[2026-06-03 22:00:06.896573] 📦 Moved ./ai_units.json -> runner/data/ai_units.json
[2026-06-03 22:00:06.897164] 📦 Moved ./nodes_status.json -> runner/data/nodes_status.json
[2026-06-03 22:00:11.943491] 📦 Moved ./ai_units.json -> runner/data/ai_units.json
[2026-06-03 22:00:11.944155] 📦 Moved ./nodes_status.json -> runner/data/nodes_status.json
[2026-06-03 22:00:17.029318] 📦 Moved ./ai_units.json -> runner/data/ai_units.json
[2026-06-03 22:00:17.081404] 📦 Moved ./nodes_status.json -> runner/data/nodes_status.json
[2026-06-03 22:00:22.240483] 📦 Moved ./ai_units.json -> runner/data/ai_units.json
[2026-06-03 22:00:22.241382] 📦 Moved ./nodes_status.json -> runner/data/nodes_status.json
[2026-06-03 22:00:27.291988] 📦 Moved ./ai_units.json -> runner/data/ai_units.json
[2026-06-03 22:00:27.292824] 📦 Moved ./nodes_status.json -> runner/data/nodes_status.json
[2026-06-03 22:00:32.339929] 📦 Moved ./ai_units.json -> runner/data/ai_units.json
[2026-06-03 22:00:32.340595] 📦 Moved ./nodes_status.json -> runner/data/nodes_status.json
[2026-06-03 22:00:37.387748] 📦 Moved ./ai_units.json -> runner/data/ai_units.json
[2026-06-03 22:00:37.388342] 📦 Moved ./nodes_status.json -> runner/data/nodes_status.json
[2026-06-03 22:00:42.435857] 📦 Moved ./ai_units.json -> runner/data/ai_units.json
[2026-06-03 22:00:42.436671] 📦 Moved ./nodes_status.json -> runner/data/nodes_status.json
[2026-06-03 22:00:47.483363] 📦 Moved ./ai_units.json -> runner/data/ai_units.json
[2026-06-03 22:00:47.483885] 📦 Moved ./nodes_status.json -> runner/data/nodes_status.json
[2026-06-03 22:00:52.530481] 📦 Moved ./ai_units.json -> runner/data/ai_units.json
[2026-06-03 22:00:52.531203] 📦 Moved ./nodes_status.json -> runner/data/nodes_status.json
[2026-06-03 22:00:57.577916] 📦 Moved ./ai_units.json -> runner/data/ai_units.json
[2026-06-03 22:00:57.578581] 📦 Moved ./nodes_status.json -> runner/data/nodes_status.json
[2026-06-03 22:01:02.625736] 📦 Moved ./ai_units.json -> runner/data/ai_units.json
[2026-06-03 22:01:02.626452] 📦 Moved ./nodes_status.json -> runner/data/nodes_status.json
[2026-06-03 22:01:07.674231] 📦 Moved ./ai_units.json -> runner/data/ai_units.json
[2026-06-03 22:01:07.675321] 📦 Moved ./nodes_status.json -> runner/data/nodes_status.json
[2026-06-03 22:01:12.723238] 📦 Moved ./ai_units.json -> runner/data/ai_units.json
[2026-06-03 22:01:12.723669] 📦 Moved ./nodes_status.json -> runner/data/nodes_status.json
[2026-06-03 22:01:17.771126] 📦 Moved ./ai_units.json -> runner/data/ai_units.json
[2026-06-03 22:01:17.771918] 📦 Moved ./nodes_status.json -> runner/data/nodes_status.json
[2026-06-03 22:01:22.819494] 📦 Moved ./ai_units.json -> runner/data/ai_units.json
[2026-06-03 22:01:22.820346] 📦 Moved ./nodes_status.json -> runner/data/nodes_status.json
[2026-06-03 22:01:27.868141] 📦 Moved ./ai_units.json -> runner/data/ai_units.json
[2026-06-03 22:01:27.868838] 📦 Moved ./nodes_status.json -> runner/data/nodes_status.json
[2026-06-03 22:01:32.917099] 📦 Moved ./ai_units.json -> runner/data/ai_units.json
[2026-06-03 22:01:32.917705] 📦 Moved ./nodes_status.json -> runner/data/nodes_status.json
[2026-06-03 22:01:37.965842] 📦 Moved ./ai_units.json -> runner/data/ai_units.json
[2026-06-03 22:01:37.966529] 📦 Moved ./nodes_status.json -> runner/data/nodes_status.json
[2026-06-03 22:01:43.014231] 📦 Moved ./ai_units.json -> runner/data/ai_units.json
[2026-06-03 22:01:43.014909] 📦 Moved ./nodes_status.json -> runner/data/nodes_status.json
[2026-06-03 22:01:48.062623] 📦 Moved ./ai_units.json -> runner/data/ai_units.json
[2026-06-03 22:01:48.063308] 📦 Moved ./nodes_status.json -> runner/data/nodes_status.json
[2026-06-03 22:01:53.111216] 📦 Moved ./ai_units.json -> runner/data/ai_units.json
[2026-06-03 22:01:53.111992] 📦 Moved ./nodes_status.json -> runner/data/nodes_status.json
[2026-06-03 22:01:58.160973] 📦 Moved ./ai_units.json -> runner/data/ai_units.json
[2026-06-03 22:01:58.161652] 📦 Moved ./nodes_status.json -> runner/data/nodes_status.json
[2026-06-03 22:02:03.210127] 📦 Moved ./ai_units.json -> runner/data/ai_units.json
[2026-06-03 22:02:03.211006] 📦 Moved ./nodes_status.json -> runner/data/nodes_status.json
[2026-06-03 22:02:08.260915] 📦 Moved ./ai_units.json -> runner/data/ai_units.json
[2026-06-03 22:02:08.261536] 📦 Moved ./nodes_status.json -> runner/data/nodes_status.json
[2026-06-03 22:02:13.309143] 📦 Moved ./ai_units.json -> runner/data/ai_units.json
[2026-06-03 22:02:13.309849] 📦 Moved ./nodes_status.json -> runner/data/nodes_status.json
[2026-06-03 22:02:18.356651] 📦 Moved ./smart_monitor.py -> runner/python/smart_monitor.py
[2026-06-03 22:02:18.357323] 📦 Moved ./nodes_status.json -> runner/data/nodes_status.json
[2026-06-03 22:02:18.357888] 📦 Moved ./ai_units.json -> runner/data/ai_units.json
[2026-06-03 22:02:23.406370] 📦 Moved ./ai_units.json -> runner/data/ai_units.json
[2026-06-03 22:02:23.407281] 📦 Moved ./nodes_status.json -> runner/data/nodes_status.json
[2026-06-03 22:02:28.482805] 📦 Moved ./ai_units.json -> runner/data/ai_units.json
[2026-06-03 22:02:28.483694] 📦 Moved ./nodes_status.json -> runner/data/nodes_status.json
[2026-06-03 22:02:33.530853] 📦 Moved ./ai_units.json -> runner/data/ai_units.json
[2026-06-03 22:02:33.531372] 📦 Moved ./nodes_status.json -> runner/data/nodes_status.json
[2026-06-03 22:02:38.578103] 📦 Moved ./ai_units.json -> runner/data/ai_units.json
[2026-06-03 22:02:38.578767] 📦 Moved ./nodes_status.json -> runner/data/nodes_status.json
[2026-06-03 22:02:43.626486] 📦 Moved ./ai_units.json -> runner/data/ai_units.json
[2026-06-03 22:02:43.626910] 📦 Moved ./nodes_status.json -> runner/data/nodes_status.json
[2026-06-03 22:02:48.674340] 📦 Moved ./ai_units.json -> runner/data/ai_units.json
[2026-06-03 22:02:48.675147] 📦 Moved ./nodes_status.json -> runner/data/nodes_status.json
[2026-06-03 22:02:53.722771] 📦 Moved ./ai_units.json -> runner/data/ai_units.json
[2026-06-03 22:02:53.723524] 📦 Moved ./nodes_status.json -> runner/data/nodes_status.json
[2026-06-03 22:02:58.771488] 📦 Moved ./ai_units.json -> runner/data/ai_units.json
[2026-06-03 22:02:58.771924] 📦 Moved ./nodes_status.json -> runner/data/nodes_status.json
[2026-06-03 22:03:03.819211] 📦 Moved ./ai_units.json -> runner/data/ai_units.json
[2026-06-03 22:03:03.819727] 📦 Moved ./nodes_status.json -> runner/data/nodes_status.json
[2026-06-03 22:03:08.866484] 📦 Moved ./ai_units.json -> runner/data/ai_units.json
[2026-06-03 22:03:08.867005] 📦 Moved ./nodes_status.json -> runner/data/nodes_status.json
[2026-06-03 22:03:13.914421] 📦 Moved ./ai_units.json -> runner/data/ai_units.json
[2026-06-03 22:03:13.914930] 📦 Moved ./nodes_status.json -> runner/data/nodes_status.json
[2026-06-03 22:03:18.961964] 📦 Moved ./ai_units.json -> runner/data/ai_units.json
[2026-06-03 22:03:18.962635] 📦 Moved ./nodes_status.json -> runner/data/nodes_status.json
[2026-06-03 22:03:24.010470] 📦 Moved ./ai_units.json -> runner/data/ai_units.json
[2026-06-03 22:03:24.011277] 📦 Moved ./nodes_status.json -> runner/data/nodes_status.json
[2026-06-03 22:03:29.058490] 📦 Moved ./ai_units.json -> runner/data/ai_units.json
[2026-06-03 22:03:29.059221] 📦 Moved ./nodes_status.json -> runner/data/nodes_status.json
[2026-06-03 22:03:34.106805] 📦 Moved ./ai_units.json -> runner/data/ai_units.json
[2026-06-03 22:03:34.107361] 📦 Moved ./nodes_status.json -> runner/data/nodes_status.json
[2026-06-03 22:03:39.154100] 📦 Moved ./ai_units.json -> runner/data/ai_units.json
[2026-06-03 22:03:39.154669] 📦 Moved ./nodes_status.json -> runner/data/nodes_status.json
[2026-06-03 22:03:44.203062] 📦 Moved ./ai_units.json -> runner/data/ai_units.json
[2026-06-03 22:03:44.205351] 📦 Moved ./nodes_status.json -> runner/data/nodes_status.json
[2026-06-03 22:03:49.279126] 📦 Moved ./ai_units.json -> runner/data/ai_units.json
[2026-06-03 22:03:49.279847] 📦 Moved ./nodes_status.json -> runner/data/nodes_status.json
[2026-06-03 22:03:54.327846] 📦 Moved ./ai_units.json -> runner/data/ai_units.json
[2026-06-03 22:03:54.328615] 📦 Moved ./nodes_status.json -> runner/data/nodes_status.json
[2026-06-03 22:03:59.376506] 📦 Moved ./ai_units.json -> runner/data/ai_units.json
[2026-06-03 22:03:59.377160] 📦 Moved ./nodes_status.json -> runner/data/nodes_status.json
[2026-06-03 22:03:59.377702] 📦 Moved ./smart_monitor.py -> runner/python/smart_monitor.py
[2026-06-03 22:04:04.425625] 📦 Moved ./ai_units.json -> runner/data/ai_units.json
[2026-06-03 22:04:04.426437] 📦 Moved ./nodes_status.json -> runner/data/nodes_status.json
[2026-06-03 22:04:09.473985] 📦 Moved ./ai_units.json -> runner/data/ai_units.json
[2026-06-03 22:04:09.474806] 📦 Moved ./nodes_status.json -> runner/data/nodes_status.json
[2026-06-03 22:04:14.522575] 📦 Moved ./ai_units.json -> runner/data/ai_units.json
[2026-06-03 22:04:14.523011] 📦 Moved ./nodes_status.json -> runner/data/nodes_status.json
[2026-06-03 22:04:19.570408] 📦 Moved ./ai_units.json -> runner/data/ai_units.json
[2026-06-03 22:04:19.570989] 📦 Moved ./nodes_status.json -> runner/data/nodes_status.json
[2026-06-03 22:04:24.618634] 📦 Moved ./ai_units.json -> runner/data/ai_units.json
[2026-06-03 22:04:24.619117] 📦 Moved ./nodes_status.json -> runner/data/nodes_status.json
[2026-06-03 22:04:29.666370] 📦 Moved ./ai_units.json -> runner/data/ai_units.json
[2026-06-03 22:04:29.666820] 📦 Moved ./nodes_status.json -> runner/data/nodes_status.json
[2026-06-03 22:04:34.714402] 📦 Moved ./ai_units.json -> runner/data/ai_units.json
[2026-06-03 22:04:34.715109] 📦 Moved ./nodes_status.json -> runner/data/nodes_status.json
[2026-06-03 22:04:39.762065] 📦 Moved ./ai_units.json -> runner/data/ai_units.json
[2026-06-03 22:04:39.762867] 📦 Moved ./nodes_status.json -> runner/data/nodes_status.json
[2026-06-03 22:04:44.814926] 📦 Moved ./ai_units.json -> runner/data/ai_units.json
[2026-06-03 22:04:44.815661] 📦 Moved ./nodes_status.json -> runner/data/nodes_status.json
[2026-06-03 22:04:49.864955] 📦 Moved ./ai_units.json -> runner/data/ai_units.json
[2026-06-03 22:04:49.865759] 📦 Moved ./nodes_status.json -> runner/data/nodes_status.json
[2026-06-03 22:04:54.920289] 📦 Moved ./ai_units.json -> runner/data/ai_units.json
[2026-06-03 22:04:54.921043] 📦 Moved ./nodes_status.json -> runner/data/nodes_status.json
[2026-06-03 22:04:59.968729] 📦 Moved ./ai_units.json -> runner/data/ai_units.json
[2026-06-03 22:04:59.969488] 📦 Moved ./nodes_status.json -> runner/data/nodes_status.json
[2026-06-03 22:05:05.017683] 📦 Moved ./ai_units.json -> runner/data/ai_units.json
[2026-06-03 22:05:05.018206] 📦 Moved ./nodes_status.json -> runner/data/nodes_status.json
[2026-06-03 22:05:10.067336] 📦 Moved ./ai_units.json -> runner/data/ai_units.json
[2026-06-03 22:05:10.068052] 📦 Moved ./nodes_status.json -> runner/data/nodes_status.json
[2026-06-03 22:05:15.115813] 📦 Moved ./ai_units.json -> runner/data/ai_units.json
[2026-06-03 22:05:15.116640] 📦 Moved ./nodes_status.json -> runner/data/nodes_status.json
[2026-06-03 22:05:15.117535] 📦 Moved ./smart_monitor.py -> runner/python/smart_monitor.py
[2026-06-03 22:05:20.165746] 📦 Moved ./ai_units.json -> runner/data/ai_units.json
[2026-06-03 22:05:20.167017] 📦 Moved ./nodes_status.json -> runner/data/nodes_status.json
[2026-06-03 22:05:25.219342] 📦 Moved ./ai_units.json -> runner/data/ai_units.json
[2026-06-03 22:05:25.220199] 📦 Moved ./nodes_status.json -> runner/data/nodes_status.json
[2026-06-03 22:05:30.273801] 📦 Moved ./ai_units.json -> runner/data/ai_units.json
[2026-06-03 22:05:30.274471] 📦 Moved ./nodes_status.json -> runner/data/nodes_status.json
[2026-06-03 22:05:35.322086] 📦 Moved ./ai_units.json -> runner/data/ai_units.json
[2026-06-03 22:05:35.322798] 📦 Moved ./nodes_status.json -> runner/data/nodes_status.json
[2026-06-03 22:05:40.370528] 📦 Moved ./ai_units.json -> runner/data/ai_units.json
[2026-06-03 22:05:40.370955] 📦 Moved ./nodes_status.json -> runner/data/nodes_status.json
[2026-06-03 22:05:45.418861] 📦 Moved ./ai_units.json -> runner/data/ai_units.json
[2026-06-03 22:05:45.419559] 📦 Moved ./nodes_status.json -> runner/data/nodes_status.json
[2026-06-03 22:05:50.468616] 📦 Moved ./ai_units.json -> runner/data/ai_units.json
[2026-06-03 22:05:50.470012] 📦 Moved ./nodes_status.json -> runner/data/nodes_status.json
[2026-06-03 22:05:55.527140] 📦 Moved ./ai_units.json -> runner/data/ai_units.json
[2026-06-03 22:05:55.527658] 📦 Moved ./nodes_status.json -> runner/data/nodes_status.json
[2026-06-03 22:06:00.575207] 📦 Moved ./ai_units.json -> runner/data/ai_units.json
[2026-06-03 22:06:00.575775] 📦 Moved ./nodes_status.json -> runner/data/nodes_status.json
[2026-06-03 22:06:05.623019] 📦 Moved ./ai_units.json -> runner/data/ai_units.json
[2026-06-03 22:06:05.623555] 📦 Moved ./nodes_status.json -> runner/data/nodes_status.json
[2026-06-03 22:06:10.670390] 📦 Moved ./ai_units.json -> runner/data/ai_units.json
[2026-06-03 22:06:10.671136] 📦 Moved ./nodes_status.json -> runner/data/nodes_status.json
[2026-06-03 22:06:15.718498] 📦 Moved ./ai_units.json -> runner/data/ai_units.json
[2026-06-03 22:06:15.720478] 📦 Moved ./nodes_status.json -> runner/data/nodes_status.json
[2026-06-03 22:06:20.768508] 📦 Moved ./ai_units.json -> runner/data/ai_units.json
[2026-06-03 22:06:20.769264] 📦 Moved ./nodes_status.json -> runner/data/nodes_status.json
[2026-06-03 22:06:25.849906] 📦 Moved ./ai_units.json -> runner/data/ai_units.json
[2026-06-03 22:06:25.850661] 📦 Moved ./nodes_status.json -> runner/data/nodes_status.json
[2026-06-03 22:06:30.898142] 📦 Moved ./ai_units.json -> runner/data/ai_units.json
[2026-06-03 22:06:30.898624] 📦 Moved ./nodes_status.json -> runner/data/nodes_status.json
[2026-06-03 22:06:35.945794] 📦 Moved ./ai_units.json -> runner/data/ai_units.json
[2026-06-03 22:06:35.946470] 📦 Moved ./nodes_status.json -> runner/data/nodes_status.json
[2026-06-03 22:06:40.993801] 📦 Moved ./ai_units.json -> runner/data/ai_units.json
[2026-06-03 22:06:40.994519] 📦 Moved ./nodes_status.json -> runner/data/nodes_status.json
[2026-06-03 22:06:46.042150] 📦 Moved ./ai_units.json -> runner/data/ai_units.json
[2026-06-03 22:06:46.042626] 📦 Moved ./nodes_status.json -> runner/data/nodes_status.json
[2026-06-03 22:06:51.089288] 📦 Moved ./ai_units.json -> runner/data/ai_units.json
[2026-06-03 22:06:51.089999] 📦 Moved ./nodes_status.json -> runner/data/nodes_status.json
[2026-06-03 22:06:56.139739] 📦 Moved ./ai_units.json -> runner/data/ai_units.json
[2026-06-03 22:06:56.140488] 📦 Moved ./nodes_status.json -> runner/data/nodes_status.json
[2026-06-03 22:06:56.141579] 📦 Moved ./auto_code_manager.py -> runner/python/auto_code_manager.py
[2026-06-03 22:07:01.189916] 📦 Moved ./ai_units.json -> runner/data/ai_units.json
[2026-06-03 22:07:01.191150] 📦 Moved ./nodes_status.json -> runner/data/nodes_status.json
[2026-06-03 22:07:06.237884] 📦 Moved ./ai_units.json -> runner/data/ai_units.json
[2026-06-03 22:07:06.238499] 📦 Moved ./nodes_status.json -> runner/data/nodes_status.json
[2026-06-03 22:07:11.285529] 📦 Moved ./ai_units.json -> runner/data/ai_units.json
[2026-06-03 22:07:11.286099] 📦 Moved ./nodes_status.json -> runner/data/nodes_status.json
[2026-06-03 22:07:16.332944] 📦 Moved ./ai_units.json -> runner/data/ai_units.json
[2026-06-03 22:07:16.333627] 📦 Moved ./nodes_status.json -> runner/data/nodes_status.json
[2026-06-03 22:07:21.383324] 📦 Moved ./ai_units.json -> runner/data/ai_units.json
[2026-06-03 22:07:21.384758] 📦 Moved ./nodes_status.json -> runner/data/nodes_status.json
[2026-06-03 22:07:26.432188] 📦 Moved ./ai_units.json -> runner/data/ai_units.json
[2026-06-03 22:07:26.432924] 📦 Moved ./nodes_status.json -> runner/data/nodes_status.json
[2026-06-03 22:07:31.480210] 📦 Moved ./ai_units.json -> runner/data/ai_units.json
[2026-06-03 22:07:31.480996] 📦 Moved ./nodes_status.json -> runner/data/nodes_status.json
[2026-06-03 22:07:36.528307] 📦 Moved ./ai_units.json -> runner/data/ai_units.json
[2026-06-03 22:07:36.528875] 📦 Moved ./nodes_status.json -> runner/data/nodes_status.json
[2026-06-03 22:07:41.576094] 📦 Moved ./ai_units.json -> runner/data/ai_units.json
[2026-06-03 22:07:41.576869] 📦 Moved ./nodes_status.json -> runner/data/nodes_status.json
[2026-06-03 22:07:46.624383] 📦 Moved ./ai_units.json -> runner/data/ai_units.json
[2026-06-03 22:07:46.624850] 📦 Moved ./nodes_status.json -> runner/data/nodes_status.json
[2026-06-03 22:07:51.671996] 📦 Moved ./ai_units.json -> runner/data/ai_units.json
[2026-06-03 22:07:51.672747] 📦 Moved ./nodes_status.json -> runner/data/nodes_status.json
[2026-06-03 22:07:56.721053] 📦 Moved ./ai_units.json -> runner/data/ai_units.json
[2026-06-03 22:07:56.721816] 📦 Moved ./nodes_status.json -> runner/data/nodes_status.json
[2026-06-03 22:08:01.769437] 📦 Moved ./ai_units.json -> runner/data/ai_units.json
[2026-06-03 22:08:01.770238] 📦 Moved ./nodes_status.json -> runner/data/nodes_status.json
[2026-06-03 22:08:06.817177] 📦 Moved ./ai_units.json -> runner/data/ai_units.json
[2026-06-03 22:08:06.817880] 📦 Moved ./nodes_status.json -> runner/data/nodes_status.json
[2026-06-03 22:08:11.865241] 📦 Moved ./ai_units.json -> runner/data/ai_units.json
[2026-06-03 22:08:11.865984] 📦 Moved ./nodes_status.json -> runner/data/nodes_status.json
[2026-06-03 22:08:16.913369] 📦 Moved ./ai_units.json -> runner/data/ai_units.json
[2026-06-03 22:08:16.913833] 📦 Moved ./nodes_status.json -> runner/data/nodes_status.json
[2026-06-03 22:08:21.960503] 📦 Moved ./ai_units.json -> runner/data/ai_units.json
[2026-06-03 22:08:21.961331] 📦 Moved ./nodes_status.json -> runner/data/nodes_status.json
[2026-06-03 22:08:27.008173] 📦 Moved ./ai_units.json -> runner/data/ai_units.json
[2026-06-03 22:08:27.008878] 📦 Moved ./nodes_status.json -> runner/data/nodes_status.json
[2026-06-03 22:08:32.057531] 📦 Moved ./ai_units.json -> runner/data/ai_units.json
[2026-06-03 22:08:32.058231] 📦 Moved ./nodes_status.json -> runner/data/nodes_status.json
[2026-06-03 22:08:37.106052] 📦 Moved ./ai_units.json -> runner/data/ai_units.json
[2026-06-03 22:08:37.106592] 📦 Moved ./nodes_status.json -> runner/data/nodes_status.json
[2026-06-03 22:08:42.154662] 📦 Moved ./ai_units.json -> runner/data/ai_units.json
[2026-06-03 22:08:42.155318] 📦 Moved ./nodes_status.json -> runner/data/nodes_status.json
[2026-06-03 22:08:47.202829] 📦 Moved ./ai_units.json -> runner/data/ai_units.json
[2026-06-03 22:08:47.203256] 📦 Moved ./nodes_status.json -> runner/data/nodes_status.json
[2026-06-03 22:08:52.250327] 📦 Moved ./ai_units.json -> runner/data/ai_units.json
[2026-06-03 22:08:52.250744] 📦 Moved ./nodes_status.json -> runner/data/nodes_status.json
[2026-06-03 22:08:57.297879] 📦 Moved ./ai_units.json -> runner/data/ai_units.json
[2026-06-03 22:08:57.298701] 📦 Moved ./nodes_status.json -> runner/data/nodes_status.json
[2026-06-03 22:09:02.349810] 📦 Moved ./ai_units.json -> runner/data/ai_units.json
[2026-06-03 22:09:02.350521] 📦 Moved ./nodes_status.json -> runner/data/nodes_status.json
[2026-06-03 22:09:07.398583] 📦 Moved ./ai_units.json -> runner/data/ai_units.json
[2026-06-03 22:09:07.399357] 📦 Moved ./nodes_status.json -> runner/data/nodes_status.json
[2026-06-03 22:09:12.447076] 📦 Moved ./ai_units.json -> runner/data/ai_units.json
[2026-06-03 22:09:12.447751] 📦 Moved ./nodes_status.json -> runner/data/nodes_status.json
[2026-06-03 22:09:17.509940] 📦 Moved ./ai_units.json -> runner/data/ai_units.json
[2026-06-03 22:09:17.510591] 📦 Moved ./nodes_status.json -> runner/data/nodes_status.json
[2026-06-03 22:09:22.559177] 📦 Moved ./ai_units.json -> runner/data/ai_units.json
[2026-06-03 22:09:22.559927] 📦 Moved ./nodes_status.json -> runner/data/nodes_status.json
[2026-06-03 22:09:27.608416] 📦 Moved ./ai_units.json -> runner/data/ai_units.json
[2026-06-03 22:09:27.609089] 📦 Moved ./nodes_status.json -> runner/data/nodes_status.json
[2026-06-03 22:09:32.656427] 📦 Moved ./ai_units.json -> runner/data/ai_units.json
[2026-06-03 22:09:32.657187] 📦 Moved ./nodes_status.json -> runner/data/nodes_status.json
[2026-06-03 22:09:32.657991] 📦 Moved ./auto_sync_monitor.py -> runner/python/auto_sync_monitor.py
[2026-06-03 22:09:37.705459] 📦 Moved ./ai_units.json -> runner/data/ai_units.json
[2026-06-03 22:09:37.706216] 📦 Moved ./nodes_status.json -> runner/data/nodes_status.json
[2026-06-03 22:09:42.753752] 📦 Moved ./ai_units.json -> runner/data/ai_units.json
[2026-06-03 22:09:42.754432] 📦 Moved ./nodes_status.json -> runner/data/nodes_status.json
[2026-06-03 22:09:47.803527] 📦 Moved ./ai_units.json -> runner/data/ai_units.json
[2026-06-03 22:09:47.805801] 📦 Moved ./nodes_status.json -> runner/data/nodes_status.json
[2026-06-03 22:09:52.877163] 📦 Moved ./ai_units.json -> runner/data/ai_units.json
[2026-06-03 22:09:52.878643] 📦 Moved ./nodes_status.json -> runner/data/nodes_status.json
[2026-06-03 22:09:57.934629] 📦 Moved ./ai_units.json -> runner/data/ai_units.json
[2026-06-03 22:09:57.936611] 📦 Moved ./nodes_status.json -> runner/data/nodes_status.json
[2026-06-03 22:10:03.108520] 📦 Moved ./ai_units.json -> runner/data/ai_units.json
[2026-06-03 22:10:03.110689] 📦 Moved ./nodes_status.json -> runner/data/nodes_status.json
[2026-06-03 22:10:08.193443] 📦 Moved ./ai_units.json -> runner/data/ai_units.json
[2026-06-03 22:10:08.194745] 📦 Moved ./nodes_status.json -> runner/data/nodes_status.json
[2026-06-03 22:10:13.244014] 📦 Moved ./ai_units.json -> runner/data/ai_units.json
[2026-06-03 22:10:13.244760] 📦 Moved ./nodes_status.json -> runner/data/nodes_status.json
[2026-06-03 22:10:18.292070] 📦 Moved ./ai_units.json -> runner/data/ai_units.json
[2026-06-03 22:10:18.292915] 📦 Moved ./nodes_status.json -> runner/data/nodes_status.json
[2026-06-03 22:10:23.340546] 📦 Moved ./ai_units.json -> runner/data/ai_units.json
[2026-06-03 22:10:23.341263] 📦 Moved ./nodes_status.json -> runner/data/nodes_status.json
[2026-06-03 22:10:28.391587] 📦 Moved ./ai_units.json -> runner/data/ai_units.json
[2026-06-03 22:10:28.406319] 📦 Moved ./nodes_status.json -> runner/data/nodes_status.json
[2026-06-03 22:10:33.586103] 📦 Moved ./ai_units.json -> runner/data/ai_units.json
[2026-06-03 22:10:33.590667] 📦 Moved ./nodes_status.json -> runner/data/nodes_status.json
[2026-06-03 22:10:38.666328] 📦 Moved ./ai_units.json -> runner/data/ai_units.json
[2026-06-03 22:10:38.667199] 📦 Moved ./nodes_status.json -> runner/data/nodes_status.json
[2026-06-03 22:10:43.715883] 📦 Moved ./ai_units.json -> runner/data/ai_units.json
[2026-06-03 22:10:43.716765] 📦 Moved ./nodes_status.json -> runner/data/nodes_status.json
[2026-06-03 22:10:48.764787] 📦 Moved ./ai_units.json -> runner/data/ai_units.json
[2026-06-03 22:10:48.765584] 📦 Moved ./nodes_status.json -> runner/data/nodes_status.json
[2026-06-03 22:10:53.813502] 📦 Moved ./ai_units.json -> runner/data/ai_units.json
[2026-06-03 22:10:53.814261] 📦 Moved ./nodes_status.json -> runner/data/nodes_status.json
[2026-06-03 22:10:58.861166] 📦 Moved ./ai_units.json -> runner/data/ai_units.json
[2026-06-03 22:10:58.862004] 📦 Moved ./nodes_status.json -> runner/data/nodes_status.json
[2026-06-03 22:11:03.909431] 📦 Moved ./ai_units.json -> runner/data/ai_units.json
[2026-06-03 22:11:03.909989] 📦 Moved ./nodes_status.json -> runner/data/nodes_status.json
[2026-06-03 22:11:08.958066] 📦 Moved ./ai_units.json -> runner/data/ai_units.json
[2026-06-03 22:11:08.959252] 📦 Moved ./nodes_status.json -> runner/data/nodes_status.json
[2026-06-03 22:11:14.011957] 📦 Moved ./ai_units.json -> runner/data/ai_units.json
[2026-06-03 22:11:14.012763] 📦 Moved ./nodes_status.json -> runner/data/nodes_status.json
[2026-06-03 22:11:19.084780] 📦 Moved ./ai_units.json -> runner/data/ai_units.json
[2026-06-03 22:11:19.085411] 📦 Moved ./nodes_status.json -> runner/data/nodes_status.json
[2026-06-03 22:11:24.132637] 📦 Moved ./ai_units.json -> runner/data/ai_units.json
[2026-06-03 22:11:24.133089] 📦 Moved ./nodes_status.json -> runner/data/nodes_status.json
[2026-06-03 22:11:29.181269] 📦 Moved ./ai_units.json -> runner/data/ai_units.json
[2026-06-03 22:11:29.182386] 📦 Moved ./nodes_status.json -> runner/data/nodes_status.json
[2026-06-03 22:11:34.231968] 📦 Moved ./ai_units.json -> runner/data/ai_units.json
[2026-06-03 22:11:34.232718] 📦 Moved ./nodes_status.json -> runner/data/nodes_status.json
[2026-06-03 22:11:39.279503] 📦 Moved ./ai_units.json -> runner/data/ai_units.json
[2026-06-03 22:11:39.280294] 📦 Moved ./nodes_status.json -> runner/data/nodes_status.json
[2026-06-03 22:11:44.327574] 📦 Moved ./ai_units.json -> runner/data/ai_units.json
[2026-06-03 22:11:44.328445] 📦 Moved ./nodes_status.json -> runner/data/nodes_status.json
[2026-06-03 22:11:49.377110] 📦 Moved ./ai_units.json -> runner/data/ai_units.json
[2026-06-03 22:11:49.377937] 📦 Moved ./nodes_status.json -> runner/data/nodes_status.json
[2026-06-03 22:11:54.425107] 📦 Moved ./ai_units.json -> runner/data/ai_units.json
[2026-06-03 22:11:54.425888] 📦 Moved ./nodes_status.json -> runner/data/nodes_status.json
[2026-06-03 22:11:59.472844] 📦 Moved ./ai_units.json -> runner/data/ai_units.json
[2026-06-03 22:11:59.473533] 📦 Moved ./nodes_status.json -> runner/data/nodes_status.json
[2026-06-03 22:12:04.520719] 📦 Moved ./ai_units.json -> runner/data/ai_units.json
[2026-06-03 22:12:04.521317] 📦 Moved ./nodes_status.json -> runner/data/nodes_status.json
[2026-06-03 22:12:09.569222] 📦 Moved ./ai_units.json -> runner/data/ai_units.json
[2026-06-03 22:12:09.569968] 📦 Moved ./nodes_status.json -> runner/data/nodes_status.json
[2026-06-03 22:12:14.617518] 📦 Moved ./ai_units.json -> runner/data/ai_units.json
[2026-06-03 22:12:14.618261] 📦 Moved ./nodes_status.json -> runner/data/nodes_status.json
[2026-06-03 22:12:19.666593] 📦 Moved ./ai_units.json -> runner/data/ai_units.json
[2026-06-03 22:12:19.667032] 📦 Moved ./nodes_status.json -> runner/data/nodes_status.json
[2026-06-03 22:12:24.714793] 📦 Moved ./ai_units.json -> runner/data/ai_units.json
[2026-06-03 22:12:24.715515] 📦 Moved ./nodes_status.json -> runner/data/nodes_status.json
[2026-06-03 22:12:29.764340] 📦 Moved ./ai_units.json -> runner/data/ai_units.json
[2026-06-03 22:12:29.765721] 📦 Moved ./nodes_status.json -> runner/data/nodes_status.json
[2026-06-03 22:12:34.827737] 📦 Moved ./ai_units.json -> runner/data/ai_units.json
[2026-06-03 22:12:34.828488] 📦 Moved ./nodes_status.json -> runner/data/nodes_status.json
[2026-06-03 22:12:39.876092] 📦 Moved ./ai_units.json -> runner/data/ai_units.json
[2026-06-03 22:12:39.876762] 📦 Moved ./nodes_status.json -> runner/data/nodes_status.json
[2026-06-03 22:12:44.924620] 📦 Moved ./ai_units.json -> runner/data/ai_units.json
[2026-06-03 22:12:44.925361] 📦 Moved ./nodes_status.json -> runner/data/nodes_status.json
[2026-06-03 22:12:49.973302] 📦 Moved ./ai_units.json -> runner/data/ai_units.json
[2026-06-03 22:12:49.974578] 📦 Moved ./nodes_status.json -> runner/data/nodes_status.json
[2026-06-03 22:12:55.022441] 📦 Moved ./ai_units.json -> runner/data/ai_units.json
[2026-06-03 22:12:55.023491] 📦 Moved ./nodes_status.json -> runner/data/nodes_status.json
[2026-06-03 22:13:00.071884] 📦 Moved ./ai_units.json -> runner/data/ai_units.json
[2026-06-03 22:13:00.072588] 📦 Moved ./nodes_status.json -> runner/data/nodes_status.json
[2026-06-03 22:13:05.120947] 📦 Moved ./ai_units.json -> runner/data/ai_units.json
[2026-06-03 22:13:05.121732] 📦 Moved ./nodes_status.json -> runner/data/nodes_status.json
[2026-06-03 22:13:10.168846] 📦 Moved ./ai_units.json -> runner/data/ai_units.json
[2026-06-03 22:13:10.169524] 📦 Moved ./nodes_status.json -> runner/data/nodes_status.json
[2026-06-03 22:13:15.217182] 📦 Moved ./ai_units.json -> runner/data/ai_units.json
[2026-06-03 22:13:15.217859] 📦 Moved ./nodes_status.json -> runner/data/nodes_status.json
[2026-06-03 22:13:20.267329] 📦 Moved ./ai_units.json -> runner/data/ai_units.json
[2026-06-03 22:13:20.267972] 📦 Moved ./nodes_status.json -> runner/data/nodes_status.json
[2026-06-03 22:13:25.316188] 📦 Moved ./ai_units.json -> runner/data/ai_units.json
[2026-06-03 22:13:25.316627] 📦 Moved ./nodes_status.json -> runner/data/nodes_status.json
[2026-06-03 22:13:30.364608] 📦 Moved ./ai_units.json -> runner/data/ai_units.json
[2026-06-03 22:13:30.365693] 📦 Moved ./nodes_status.json -> runner/data/nodes_status.json
[2026-06-03 22:13:35.416398] 📦 Moved ./ai_units.json -> runner/data/ai_units.json
[2026-06-03 22:13:35.417081] 📦 Moved ./nodes_status.json -> runner/data/nodes_status.json
[2026-06-03 22:13:40.464699] 📦 Moved ./ai_units.json -> runner/data/ai_units.json
[2026-06-03 22:13:40.465434] 📦 Moved ./nodes_status.json -> runner/data/nodes_status.json
[2026-06-03 22:13:45.512239] 📦 Moved ./ai_units.json -> runner/data/ai_units.json
[2026-06-03 22:13:45.512779] 📦 Moved ./nodes_status.json -> runner/data/nodes_status.json
[2026-06-03 22:13:50.559759] 📦 Moved ./ai_units.json -> runner/data/ai_units.json
[2026-06-03 22:13:50.560351] 📦 Moved ./nodes_status.json -> runner/data/nodes_status.json
[2026-06-03 22:13:55.607820] 📦 Moved ./ai_units.json -> runner/data/ai_units.json
[2026-06-03 22:13:55.609156] 📦 Moved ./nodes_status.json -> runner/data/nodes_status.json
[2026-06-03 22:14:00.727661] 📦 Moved ./ai_units.json -> runner/data/ai_units.json
[2026-06-03 22:14:00.728164] 📦 Moved ./nodes_status.json -> runner/data/nodes_status.json
[2026-06-03 22:14:05.776365] 📦 Moved ./ai_units.json -> runner/data/ai_units.json
[2026-06-03 22:14:05.776837] 📦 Moved ./nodes_status.json -> runner/data/nodes_status.json
[2026-06-03 22:14:10.823980] 📦 Moved ./ai_units.json -> runner/data/ai_units.json
[2026-06-03 22:14:10.824744] 📦 Moved ./nodes_status.json -> runner/data/nodes_status.json
[2026-06-03 22:14:15.874738] 📦 Moved ./ai_units.json -> runner/data/ai_units.json
[2026-06-03 22:14:15.875389] 📦 Moved ./nodes_status.json -> runner/data/nodes_status.json
[2026-06-03 22:14:20.924115] 📦 Moved ./ai_units.json -> runner/data/ai_units.json
[2026-06-03 22:14:20.924575] 📦 Moved ./nodes_status.json -> runner/data/nodes_status.json
[2026-06-03 22:14:25.972835] 📦 Moved ./ai_units.json -> runner/data/ai_units.json
[2026-06-03 22:14:25.973283] 📦 Moved ./nodes_status.json -> runner/data/nodes_status.json
[2026-06-03 22:14:31.025224] 📦 Moved ./ai_units.json -> runner/data/ai_units.json
[2026-06-03 22:14:31.026056] 📦 Moved ./nodes_status.json -> runner/data/nodes_status.json
[2026-06-03 22:14:36.081383] 📦 Moved ./ai_units.json -> runner/data/ai_units.json
[2026-06-03 22:14:36.082928] 📦 Moved ./nodes_status.json -> runner/data/nodes_status.json
[2026-06-03 22:14:41.352760] 📦 Moved ./ai_units.json -> runner/data/ai_units.json
[2026-06-03 22:14:41.355705] 📦 Moved ./nodes_status.json -> runner/data/nodes_status.json
[2026-06-03 22:14:46.424462] 📦 Moved ./ai_units.json -> runner/data/ai_units.json
[2026-06-03 22:14:46.425834] 📦 Moved ./nodes_status.json -> runner/data/nodes_status.json
[2026-06-03 22:14:51.530610] 📦 Moved ./ai_units.json -> runner/data/ai_units.json
[2026-06-03 22:14:51.531528] 📦 Moved ./nodes_status.json -> runner/data/nodes_status.json
[2026-06-03 22:14:56.594018] 📦 Moved ./ai_units.json -> runner/data/ai_units.json
[2026-06-03 22:14:56.595380] 📦 Moved ./nodes_status.json -> runner/data/nodes_status.json
[2026-06-03 22:15:01.668977] 📦 Moved ./ai_units.json -> runner/data/ai_units.json
[2026-06-03 22:15:01.669577] 📦 Moved ./nodes_status.json -> runner/data/nodes_status.json
[2026-06-03 22:15:06.731682] 📦 Moved ./ai_units.json -> runner/data/ai_units.json
[2026-06-03 22:15:06.732280] 📦 Moved ./nodes_status.json -> runner/data/nodes_status.json
[2026-06-03 22:15:11.780946] 📦 Moved ./ai_units.json -> runner/data/ai_units.json
[2026-06-03 22:15:11.782144] 📦 Moved ./nodes_status.json -> runner/data/nodes_status.json
[2026-06-03 22:15:16.836095] 📦 Moved ./ai_units.json -> runner/data/ai_units.json
[2026-06-03 22:15:16.836677] 📦 Moved ./nodes_status.json -> runner/data/nodes_status.json
[2026-06-03 22:15:21.885050] 📦 Moved ./ai_units.json -> runner/data/ai_units.json
[2026-06-03 22:15:21.885809] 📦 Moved ./nodes_status.json -> runner/data/nodes_status.json
[2026-06-03 22:15:26.936243] 📦 Moved ./ai_units.json -> runner/data/ai_units.json
[2026-06-03 22:15:26.936869] 📦 Moved ./nodes_status.json -> runner/data/nodes_status.json
[2026-06-03 22:15:31.986093] 📦 Moved ./ai_units.json -> runner/data/ai_units.json
[2026-06-03 22:15:31.986819] 📦 Moved ./nodes_status.json -> runner/data/nodes_status.json
[2026-06-03 22:15:37.041050] 📦 Moved ./ai_units.json -> runner/data/ai_units.json
[2026-06-03 22:15:37.042894] 📦 Moved ./nodes_status.json -> runner/data/nodes_status.json
[2026-06-03 22:15:42.109050] 📦 Moved ./ai_units.json -> runner/data/ai_units.json
[2026-06-03 22:15:42.109575] 📦 Moved ./nodes_status.json -> runner/data/nodes_status.json
[2026-06-03 22:15:47.156739] 📦 Moved ./ai_units.json -> runner/data/ai_units.json
[2026-06-03 22:15:47.157468] 📦 Moved ./nodes_status.json -> runner/data/nodes_status.json
[2026-06-03 22:15:52.208939] 📦 Moved ./ai_units.json -> runner/data/ai_units.json
[2026-06-03 22:15:52.209715] 📦 Moved ./nodes_status.json -> runner/data/nodes_status.json
[2026-06-03 22:15:57.258377] 📦 Moved ./ai_units.json -> runner/data/ai_units.json
[2026-06-03 22:15:57.260470] 📦 Moved ./nodes_status.json -> runner/data/nodes_status.json
[2026-06-03 22:16:02.312579] 📦 Moved ./ai_units.json -> runner/data/ai_units.json
[2026-06-03 22:16:02.313353] 📦 Moved ./nodes_status.json -> runner/data/nodes_status.json
[2026-06-03 22:16:07.370909] 📦 Moved ./ai_units.json -> runner/data/ai_units.json
[2026-06-03 22:16:07.371779] 📦 Moved ./nodes_status.json -> runner/data/nodes_status.json
[2026-06-03 22:16:12.427705] 📦 Moved ./ai_units.json -> runner/data/ai_units.json
[2026-06-03 22:16:12.428608] 📦 Moved ./nodes_status.json -> runner/data/nodes_status.json
[2026-06-03 22:16:17.483578] 📦 Moved ./ai_units.json -> runner/data/ai_units.json
[2026-06-03 22:16:17.484408] 📦 Moved ./nodes_status.json -> runner/data/nodes_status.json
[2026-06-03 22:16:22.539859] 📦 Moved ./ai_units.json -> runner/data/ai_units.json
[2026-06-03 22:16:22.540729] 📦 Moved ./nodes_status.json -> runner/data/nodes_status.json
[2026-06-03 22:16:27.595042] 📦 Moved ./ai_units.json -> runner/data/ai_units.json
[2026-06-03 22:16:27.595634] 📦 Moved ./nodes_status.json -> runner/data/nodes_status.json
[2026-06-03 22:16:32.648297] 📦 Moved ./ai_units.json -> runner/data/ai_units.json
[2026-06-03 22:16:32.648824] 📦 Moved ./nodes_status.json -> runner/data/nodes_status.json
[2026-06-03 22:16:37.698952] 📦 Moved ./ai_units.json -> runner/data/ai_units.json
[2026-06-03 22:16:37.699634] 📦 Moved ./nodes_status.json -> runner/data/nodes_status.json
[2026-06-03 22:16:42.751185] 📦 Moved ./ai_units.json -> runner/data/ai_units.json
[2026-06-03 22:16:42.752446] 📦 Moved ./nodes_status.json -> runner/data/nodes_status.json
[2026-06-03 22:16:47.804531] 📦 Moved ./ai_units.json -> runner/data/ai_units.json
[2026-06-03 22:16:47.805260] 📦 Moved ./nodes_status.json -> runner/data/nodes_status.json
[2026-06-03 22:16:52.855747] 📦 Moved ./ai_units.json -> runner/data/ai_units.json
[2026-06-03 22:16:52.856585] 📦 Moved ./nodes_status.json -> runner/data/nodes_status.json
[2026-06-03 22:16:57.906885] 📦 Moved ./ai_units.json -> runner/data/ai_units.json
[2026-06-03 22:16:57.907966] 📦 Moved ./nodes_status.json -> runner/data/nodes_status.json
[2026-06-03 22:17:02.966608] 📦 Moved ./ai_units.json -> runner/data/ai_units.json
[2026-06-03 22:17:02.967062] 📦 Moved ./nodes_status.json -> runner/data/nodes_status.json
[2026-06-03 22:17:08.017858] 📦 Moved ./ai_units.json -> runner/data/ai_units.json
[2026-06-03 22:17:08.018364] 📦 Moved ./nodes_status.json -> runner/data/nodes_status.json
[2026-06-03 22:17:13.069026] 📦 Moved ./ai_units.json -> runner/data/ai_units.json
[2026-06-03 22:17:13.069621] 📦 Moved ./nodes_status.json -> runner/data/nodes_status.json
[2026-06-03 22:17:18.144619] 📦 Moved ./ai_units.json -> runner/data/ai_units.json
[2026-06-03 22:17:18.145322] 📦 Moved ./nodes_status.json -> runner/data/nodes_status.json
[2026-06-03 22:17:23.195722] 📦 Moved ./ai_units.json -> runner/data/ai_units.json
[2026-06-03 22:17:23.196514] 📦 Moved ./nodes_status.json -> runner/data/nodes_status.json
[2026-06-03 22:17:28.246531] 📦 Moved ./ai_units.json -> runner/data/ai_units.json
[2026-06-03 22:17:28.247039] 📦 Moved ./nodes_status.json -> runner/data/nodes_status.json
[2026-06-03 22:17:33.296413] 📦 Moved ./ai_units.json -> runner/data/ai_units.json
[2026-06-03 22:17:33.297175] 📦 Moved ./nodes_status.json -> runner/data/nodes_status.json
[2026-06-03 22:17:38.348129] 📦 Moved ./ai_units.json -> runner/data/ai_units.json
[2026-06-03 22:17:38.348767] 📦 Moved ./nodes_status.json -> runner/data/nodes_status.json
[2026-06-03 22:17:43.400127] 📦 Moved ./ai_units.json -> runner/data/ai_units.json
[2026-06-03 22:17:43.401104] 📦 Moved ./nodes_status.json -> runner/data/nodes_status.json
[2026-06-03 22:17:48.453318] 📦 Moved ./ai_units.json -> runner/data/ai_units.json
[2026-06-03 22:17:48.454138] 📦 Moved ./nodes_status.json -> runner/data/nodes_status.json
